status;category;severity__color;severity__priority;severity__name;severity__effect;tags;application_periods;impact_id;messages;updated_at;uri;impacted_objects;id;disruption_uri;contributor;cause;disruption_id;embedded_type;line_code;line_name;line_physical_mode;line_commecial_mode;stop_area_value;stop_area_name;stop_area_label;application_patterns
future;Incidents;#FF0000;0;bloquante;NO_SERVICE;['Actualité'];[{'begin': '20220531T000000', 'end': '20220602T051500'}];5e77e3d4-59f2-11ec-adde-005056a44da2;"['Métro 14 : Travaux > Trafic interrompu', ""<p>À partir du lundi 30 mai 2022 à 22h00, en raison de travaux, le trafic sera interrompu sur la ligne 14 du Métro jusqu'au mercredi 1 juin 2022 fin de service.<br><a href='http://www.ratp.fr'>Plus d'informations sur le site ratp.fr</a></p>"", 'Métro 14 : Travaux > Trafic interrompu', ""<p>À partir du lundi 30 mai 2022 à 22h00, en raison de travaux, le trafic sera interrompu sur la ligne 14 du Métro jusqu'au mercredi 1 juin 2022 fin de service.<br><a href='http://www.ratp.fr'>Plus d'informations sur le site ratp.fr</a></p>""]";20211210T205004;5e77e3d4-59f2-11ec-adde-005056a44da2;[{'pt_object': {'embedded_type': 'line', 'line': {'code': '14', 'name': 'Olympiades - Mairie de Saint-Ouen', 'links': [], 'color': '62259D', 'geojson': {'type': 'MultiLineString', 'coordinates': []}, 'text_color': 'FFFFFF', 'physical_modes': [{'id': 'physical_mode:Metro', 'name': 'Métro'}], 'codes': [{'type': 'Netex_PrivateCode', 'value': '100110014'}, {'type': 'source', 'value': 'FR1:Line:C01384:'}], 'closing_time': '021500', 'opening_time': '051800', 'commercial_mode': {'id': 'commercial_mode:Metro', 'name': 'Métro'}, 'id': 'line:IDFM:C01384'}, 'quality': 0, 'name': 'RATP Métro 14', 'id': 'line:IDFM:C01384'}}];5e77e3d4-59f2-11ec-adde-005056a44da2;5e769880-59f2-11ec-adde-005056a44da2;shortterm.tr_idfm;travaux;5e769880-59f2-11ec-adde-005056a44da2;['line'];['14', ''];['Olympiades - Mairie de Saint-Ouen', ''];[[{'id': 'physical_mode:Metro', 'name': 'Métro'}], ''];[''];[''];[''];[''];
future;Incidents;#FF0000;0;bloquante;NO_SERVICE;['Actualité'];[{'begin': '20220613T000000', 'end': '20220615T051500'}];80cf951c-8440-11ec-bd61-005056a47b86;"['Métro 14 : Travaux > Trafic interrompu', ""<p>À partir du dimanche 12 juin 2022, en raison de travaux, le trafic sera interrompu de 22h00 à fin de service sur la ligne 14 du Métro jusqu'au mardi 14 juin 2022.<br><a href='http://www.ratp.fr'>Plus d'informations sur le site ratp.fr</a></p>"", 'Métro 14 : Travaux > Trafic interrompu']";20220202T165511;80cf951c-8440-11ec-bd61-005056a47b86;[{'pt_object': {'embedded_type': 'line', 'line': {'code': '14', 'name': 'Olympiades - Mairie de Saint-Ouen', 'links': [], 'color': '62259D', 'geojson': {'type': 'MultiLineString', 'coordinates': []}, 'text_color': 'FFFFFF', 'physical_modes': [{'id': 'physical_mode:Metro', 'name': 'Métro'}], 'codes': [{'type': 'Netex_PrivateCode', 'value': '100110014'}, {'type': 'source', 'value': 'FR1:Line:C01384:'}], 'closing_time': '021500', 'opening_time': '051800', 'commercial_mode': {'id': 'commercial_mode:Metro', 'name': 'Métro'}, 'id': 'line:IDFM:C01384'}, 'quality': 0, 'name': 'RATP Métro 14', 'id': 'line:IDFM:C01384'}}];80cf951c-8440-11ec-bd61-005056a47b86;c48ccda0-59f3-11ec-adde-005056a44da2;shortterm.tr_idfm;travaux;c48ccda0-59f3-11ec-adde-005056a44da2;['line'];['14', ''];['Olympiades - Mairie de Saint-Ouen', ''];[[{'id': 'physical_mode:Metro', 'name': 'Métro'}], ''];[''];[''];[''];[''];
active;Incidents;#FF0000;0;bloquante;NO_SERVICE;['Actualité'];[{'begin': '20220526T070000', 'end': '20220530T051500'}];83548a6a-bc1f-11ec-8404-005056a47b86;"['Métro 7 : Travaux > Trafic interrompu', ""<p>À partir du jeudi 26 mai 2022, tous les jours, en raison de travaux, le trafic sera interrompu entre les stations La Courneuve-8-Mai-1945 et Gare de l'Est (Verdun) sur la ligne 7 du Métro jusqu'au dimanche 29 mai 2022. Des bus de remplacement sont mis à disposition. (Navette de remplacement entre La Courneuve-8-Mai-1945 et Stalingrad)<br><a href='http://www.ratp.fr'>Plus d'informations sur le site ratp.fr</a></p>"", 'Métro 7 : Travaux > Trafic interrompu']";20220414T202007;83548a6a-bc1f-11ec-8404-005056a47b86;"[{'pt_object': {'embedded_type': 'line', 'line': {'code': '7', 'name': ""La Courneuve - 8 Mai 1945 - Mairie d'Ivry"", 'links': [], 'color': 'FA9ABA', 'geojson': {'type': 'MultiLineString', 'coordinates': []}, 'text_color': '000000', 'physical_modes': [{'id': 'physical_mode:Metro', 'name': 'Métro'}], 'codes': [{'type': 'Netex_PrivateCode', 'value': '100110007'}, {'type': 'source', 'value': 'FR1:Line:C01377:'}], 'closing_time': '021700', 'opening_time': '052800', 'commercial_mode': {'id': 'commercial_mode:Metro', 'name': 'Métro'}, 'id': 'line:IDFM:C01377'}, 'quality': 0, 'name': 'RATP Métro 7', 'id': 'line:IDFM:C01377'}}]";83548a6a-bc1f-11ec-8404-005056a47b86;b410b888-bbf0-11ec-be63-005056a44da2;shortterm.tr_idfm;travaux;b410b888-bbf0-11ec-be63-005056a44da2;['line'];['7', ''];"[""La Courneuve - 8 Mai 1945 - Mairie d'Ivry"", '']";[[{'id': 'physical_mode:Metro', 'name': 'Métro'}], ''];[''];[''];[''];[''];
future;Incidents;#FF0000;0;bloquante;NO_SERVICE;['Actualité'];[{'begin': '20220623T000000', 'end': '20220623T051500'}];529d7a5a-bfb5-11ec-8cf0-005056a47b86;"['Métro 14 : Travaux > Trafic interrompu', ""<p>À partir du mercredi 22 juin 2022, en raison de travaux, le trafic sera interrompu de 22h00 à fin de service sur la ligne 14 du Métro jusqu'au mercredi 22 juin 2022.<br><a href='http://www.ratp.fr'>Plus d'informations sur le site ratp.fr</a></p>"", 'Métro 14 : Travaux > Trafic interrompu', ""<p>À partir du mercredi 22 juin 2022, en raison de travaux, le trafic sera interrompu de 22h00 à fin de service sur la ligne 14 du Métro jusqu'au mercredi 22 juin 2022.<br><a href='http://www.ratp.fr'>Plus d'informations sur le site ratp.fr</a></p>""]";20220419T095003;529d7a5a-bfb5-11ec-8cf0-005056a47b86;[{'pt_object': {'embedded_type': 'line', 'line': {'code': '14', 'name': 'Olympiades - Mairie de Saint-Ouen', 'links': [], 'color': '62259D', 'geojson': {'type': 'MultiLineString', 'coordinates': []}, 'text_color': 'FFFFFF', 'physical_modes': [{'id': 'physical_mode:Metro', 'name': 'Métro'}], 'codes': [{'type': 'Netex_PrivateCode', 'value': '100110014'}, {'type': 'source', 'value': 'FR1:Line:C01384:'}], 'closing_time': '021500', 'opening_time': '051800', 'commercial_mode': {'id': 'commercial_mode:Metro', 'name': 'Métro'}, 'id': 'line:IDFM:C01384'}, 'quality': 0, 'name': 'RATP Métro 14', 'id': 'line:IDFM:C01384'}}];529d7a5a-bfb5-11ec-8cf0-005056a47b86;529caa9e-bfb5-11ec-8cf0-005056a47b86;shortterm.tr_idfm;travaux;529caa9e-bfb5-11ec-8cf0-005056a47b86;['line'];['14', ''];['Olympiades - Mairie de Saint-Ouen', ''];[[{'id': 'physical_mode:Metro', 'name': 'Métro'}], ''];[''];[''];[''];[''];
future;Incidents;#FF0000;0;bloquante;NO_SERVICE;['Actualité'];[{'begin': '20220608T000000', 'end': '20220609T051500'}];54373aea-bfb5-11ec-ae2d-005056a44da2;"['Métro 14 : Travaux > Trafic interrompu', ""<p>À partir du mardi 7 juin 2022, en raison de travaux, le trafic sera interrompu de 22h00 à fin de service sur la ligne 14 du Métro jusqu'au mercredi 8 juin 2022.<br><a href='http://www.ratp.fr'>Plus d'informations sur le site ratp.fr</a></p>"", 'Métro 14 : Travaux > Trafic interrompu']";20220419T095006;54373aea-bfb5-11ec-ae2d-005056a44da2;[{'pt_object': {'embedded_type': 'line', 'line': {'code': '14', 'name': 'Olympiades - Mairie de Saint-Ouen', 'links': [], 'color': '62259D', 'geojson': {'type': 'MultiLineString', 'coordinates': []}, 'text_color': 'FFFFFF', 'physical_modes': [{'id': 'physical_mode:Metro', 'name': 'Métro'}], 'codes': [{'type': 'Netex_PrivateCode', 'value': '100110014'}, {'type': 'source', 'value': 'FR1:Line:C01384:'}], 'closing_time': '021500', 'opening_time': '051800', 'commercial_mode': {'id': 'commercial_mode:Metro', 'name': 'Métro'}, 'id': 'line:IDFM:C01384'}, 'quality': 0, 'name': 'RATP Métro 14', 'id': 'line:IDFM:C01384'}}];54373aea-bfb5-11ec-ae2d-005056a44da2;c4862ed2-59f3-11ec-842f-005056a47b86;shortterm.tr_idfm;travaux;c4862ed2-59f3-11ec-842f-005056a47b86;['line'];['14', ''];['Olympiades - Mairie de Saint-Ouen', ''];[[{'id': 'physical_mode:Metro', 'name': 'Métro'}], ''];[''];[''];[''];[''];
future;Incidents;#FF0000;0;bloquante;NO_SERVICE;['Actualité'];[{'begin': '20220620T000000', 'end': '20220621T051500'}];544b4a8a-bfb5-11ec-9438-005056a44da2;"['Métro 14 : Travaux > Trafic interrompu', ""<p>À partir du dimanche 19 juin 2022, en raison de travaux, le trafic sera interrompu de 22h00 à fin de service sur la ligne 14 du Métro jusqu'au lundi 20 juin 2022.<br><a href='http://www.ratp.fr'>Plus d'informations sur le site ratp.fr</a></p>"", 'Métro 14 : Travaux > Trafic interrompu']";20220419T095006;544b4a8a-bfb5-11ec-9438-005056a44da2;[{'pt_object': {'embedded_type': 'line', 'line': {'code': '14', 'name': 'Olympiades - Mairie de Saint-Ouen', 'links': [], 'color': '62259D', 'geojson': {'type': 'MultiLineString', 'coordinates': []}, 'text_color': 'FFFFFF', 'physical_modes': [{'id': 'physical_mode:Metro', 'name': 'Métro'}], 'codes': [{'type': 'Netex_PrivateCode', 'value': '100110014'}, {'type': 'source', 'value': 'FR1:Line:C01384:'}], 'closing_time': '021500', 'opening_time': '051800', 'commercial_mode': {'id': 'commercial_mode:Metro', 'name': 'Métro'}, 'id': 'line:IDFM:C01384'}, 'quality': 0, 'name': 'RATP Métro 14', 'id': 'line:IDFM:C01384'}}];544b4a8a-bfb5-11ec-9438-005056a44da2;74955a96-59f4-11ec-842f-005056a47b86;shortterm.tr_idfm;travaux;74955a96-59f4-11ec-842f-005056a47b86;['line'];['14', ''];['Olympiades - Mairie de Saint-Ouen', ''];[[{'id': 'physical_mode:Metro', 'name': 'Métro'}], ''];[''];[''];[''];[''];
future;Incidents;#FF0000;0;bloquante;NO_SERVICE;['Actualité'];[{'begin': '20220612T070000', 'end': '20220613T051500'}];fc116438-c222-11ec-8cf0-005056a47b86;"['Métro 4 : Travaux > Trafic interrompu', ""<p>À partir du dimanche 12 juin 2022, le dimanche, en raison de travaux, le trafic sera interrompu sur la ligne 4 du Métro jusqu'au dimanche 12 juin 2022.<br><a href='http://www.ratp.fr'>Plus d'informations sur le site ratp.fr</a></p>"", 'Métro 4 : Travaux > Trafic interrompu', ""<p>À partir du dimanche 12 juin 2022, le dimanche, en raison de travaux, le trafic sera interrompu sur la ligne 4 du Métro jusqu'au dimanche 12 juin 2022.<br><a href='http://www.ratp.fr'>Plus d'informations sur le site ratp.fr</a></p>""]";20220422T120005;fc116438-c222-11ec-8cf0-005056a47b86;[{'pt_object': {'embedded_type': 'line', 'line': {'code': '4', 'name': 'Mairie de Montrouge - Porte de Clignancourt', 'links': [], 'color': 'CF009E', 'geojson': {'type': 'MultiLineString', 'coordinates': []}, 'text_color': 'FFFFFF', 'physical_modes': [{'id': 'physical_mode:Metro', 'name': 'Métro'}], 'codes': [{'type': 'Netex_PrivateCode', 'value': '100110004'}, {'type': 'source', 'value': 'FR1:Line:C01374:'}], 'closing_time': '021500', 'opening_time': '053000', 'commercial_mode': {'id': 'commercial_mode:Metro', 'name': 'Métro'}, 'id': 'line:IDFM:C01374'}, 'quality': 0, 'name': 'RATP Métro 4', 'id': 'line:IDFM:C01374'}}];fc116438-c222-11ec-8cf0-005056a47b86;fc10985a-c222-11ec-8cf0-005056a47b86;shortterm.tr_idfm;travaux;fc10985a-c222-11ec-8cf0-005056a47b86;['line'];['4', ''];['Mairie de Montrouge - Porte de Clignancourt', ''];[[{'id': 'physical_mode:Metro', 'name': 'Métro'}], ''];[''];[''];[''];[''];
future;Incidents;#FF0000;0;bloquante;NO_SERVICE;['Actualité'];[{'begin': '20220619T060000', 'end': '20220626T144500'}];acfb610e-c223-11ec-a7c7-005056a44da2;"['Métro 4 : Travaux > Trafic interrompu', ""<p>À partir du dimanche 19 juin 2022, le dimanche, en raison de travaux, le trafic sera interrompu de 04h00 à 12h00 sur la ligne 4 du Métro jusqu'au dimanche 26 juin 2022.<br><a href='http://www.ratp.fr'>Plus d'informations sur le site ratp.fr</a></p>"", 'Métro 4 : Travaux > Trafic interrompu', ""<p>À partir du dimanche 19 juin 2022, le dimanche, en raison de travaux, le trafic sera interrompu de 04h00 à 12h00 sur la ligne 4 du Métro jusqu'au dimanche 26 juin 2022.<br><a href='http://www.ratp.fr'>Plus d'informations sur le site ratp.fr</a></p>""]";20220422T120502;acfb610e-c223-11ec-a7c7-005056a44da2;[{'pt_object': {'embedded_type': 'line', 'line': {'code': '4', 'name': 'Mairie de Montrouge - Porte de Clignancourt', 'links': [], 'color': 'CF009E', 'geojson': {'type': 'MultiLineString', 'coordinates': []}, 'text_color': 'FFFFFF', 'physical_modes': [{'id': 'physical_mode:Metro', 'name': 'Métro'}], 'codes': [{'type': 'Netex_PrivateCode', 'value': '100110004'}, {'type': 'source', 'value': 'FR1:Line:C01374:'}], 'closing_time': '021500', 'opening_time': '053000', 'commercial_mode': {'id': 'commercial_mode:Metro', 'name': 'Métro'}, 'id': 'line:IDFM:C01374'}, 'quality': 0, 'name': 'RATP Métro 4', 'id': 'line:IDFM:C01374'}}];acfb610e-c223-11ec-a7c7-005056a44da2;acfa992c-c223-11ec-a7c7-005056a44da2;shortterm.tr_idfm;travaux;acfa992c-c223-11ec-a7c7-005056a44da2;['line'];['4', ''];['Mairie de Montrouge - Porte de Clignancourt', ''];[[{'id': 'physical_mode:Metro', 'name': 'Métro'}], ''];[''];[''];[''];[''];
future;Incidents;#FF0000;0;bloquante;NO_SERVICE;['Actualité'];[{'begin': '20220522T040000', 'end': '20220522T124500'}, {'begin': '20220529T040000', 'end': '20220529T124500'}, {'begin': '20220515T040000', 'end': '20220515T124500'}];af0d1a26-cb8a-11ec-af9e-005056a44da2;"['Métro 4 : Travaux (non précisé) - Trafic interrompu', ""<p>Trafic interrompu les dimanches de 04:00 à 12:00 du 15/05/2022 au 29/05/2022 Pour cause de travaux sur toute la ligne<br><a href='http://www.ratp.fr'>Plus d'informations sur le site ratp.fr</a></p>"", 'Métro 4 : Travaux (non précisé) - Trafic interrompu', ""<p>Trafic interrompu les dimanches de 04:00 à 12:00 du 15/05/2022 au 29/05/2022 Pour cause de travaux sur toute la ligne<br><a href='http://www.ratp.fr'>Plus d'informations sur le site ratp.fr</a></p>""]";20220504T111504;af0d1a26-cb8a-11ec-af9e-005056a44da2;[{'pt_object': {'embedded_type': 'line', 'line': {'code': '4', 'name': 'Mairie de Montrouge - Porte de Clignancourt', 'links': [], 'color': 'CF009E', 'geojson': {'type': 'MultiLineString', 'coordinates': []}, 'text_color': 'FFFFFF', 'physical_modes': [{'id': 'physical_mode:Metro', 'name': 'Métro'}], 'codes': [{'type': 'Netex_PrivateCode', 'value': '100110004'}, {'type': 'source', 'value': 'FR1:Line:C01374:'}], 'closing_time': '021500', 'opening_time': '053000', 'commercial_mode': {'id': 'commercial_mode:Metro', 'name': 'Métro'}, 'id': 'line:IDFM:C01374'}, 'quality': 0, 'name': 'RATP Métro 4', 'id': 'line:IDFM:C01374'}}];af0d1a26-cb8a-11ec-af9e-005056a44da2;af09ed4c-cb8a-11ec-af9e-005056a44da2;shortterm.tr_idfm;travaux;af09ed4c-cb8a-11ec-af9e-005056a44da2;['line'];['4', ''];['Mairie de Montrouge - Porte de Clignancourt', ''];[[{'id': 'physical_mode:Metro', 'name': 'Métro'}], ''];[''];[''];[''];[''];
future;Incidents;#FF0000;0;bloquante;NO_SERVICE;['Actualité'];[{'begin': '20220618T000000', 'end': '20220619T004500'}, {'begin': '20220619T000000', 'end': '20220619T044500'}, {'begin': '20220617T000000', 'end': '20220618T004500'}, {'begin': '20220613T000000', 'end': '20220614T004500'}, {'begin': '20220612T120000', 'end': '20220613T004500'}, {'begin': '20220616T000000', 'end': '20220617T004500'}, {'begin': '20220614T000000', 'end': '20220615T004500'}, {'begin': '20220615T000000', 'end': '20220616T004500'}, {'begin': '20220625T000000', 'end': '20220626T004500'}, {'begin': '20220621T000000', 'end': '20220622T004500'}, {'begin': '20220619T120000', 'end': '20220620T004500'}, {'begin': '20220620T000000', 'end': '20220621T004500'}, {'begin': '20220624T000000', 'end': '20220625T004500'}, {'begin': '20220622T000000', 'end': '20220623T004500'}, {'begin': '20220623T000000', 'end': '20220624T004500'}, {'begin': '20220626T000000', 'end': '20220626T044500'}];af8994ca-cb8a-11ec-a82a-005056a47b86;"['Métro 4 : Travaux (non précisé) - Trafic interrompu', ""<p>Du 9/01 au 26/06 2022, ligne fermée les dimanches jusqu’à 12h sauf les 17/04, 01/05, 08/05 et 05/06. Détails et itinéraires alternatifs sur les sites et applis IDFM ou RATP<br><a href='http://www.ratp.fr'>Plus d'informations sur le site ratp.fr</a></p>"", 'Métro 4 : Travaux (non précisé) - Trafic interrompu', ""<p>Du 9/01 au 26/06 2022, ligne fermée les dimanches jusqu’à 12h sauf les 17/04, 01/05, 08/05 et 05/06. Détails et itinéraires alternatifs sur les sites et applis IDFM ou RATP<br><a href='http://www.ratp.fr'>Plus d'informations sur le site ratp.fr</a></p>""]";20220504T111505;af8994ca-cb8a-11ec-a82a-005056a47b86;[{'pt_object': {'embedded_type': 'line', 'line': {'code': '4', 'name': 'Mairie de Montrouge - Porte de Clignancourt', 'links': [], 'color': 'CF009E', 'geojson': {'type': 'MultiLineString', 'coordinates': []}, 'text_color': 'FFFFFF', 'physical_modes': [{'id': 'physical_mode:Metro', 'name': 'Métro'}], 'codes': [{'type': 'Netex_PrivateCode', 'value': '100110004'}, {'type': 'source', 'value': 'FR1:Line:C01374:'}], 'closing_time': '021500', 'opening_time': '053000', 'commercial_mode': {'id': 'commercial_mode:Metro', 'name': 'Métro'}, 'id': 'line:IDFM:C01374'}, 'quality': 0, 'name': 'RATP Métro 4', 'id': 'line:IDFM:C01374'}}];af8994ca-cb8a-11ec-a82a-005056a47b86;af8702f0-cb8a-11ec-a82a-005056a47b86;shortterm.tr_idfm;travaux;af8702f0-cb8a-11ec-a82a-005056a47b86;['line'];['4', ''];['Mairie de Montrouge - Porte de Clignancourt', ''];[[{'id': 'physical_mode:Metro', 'name': 'Métro'}], ''];[''];[''];[''];[''];
future;Incidents;#FF0000;0;bloquante;NO_SERVICE;['Actualité'];[{'begin': '20220510T220000', 'end': '20220511T041500'}, {'begin': '20220523T220000', 'end': '20220524T041500'}, {'begin': '20220516T220000', 'end': '20220517T041500'}, {'begin': '20220511T220000', 'end': '20220512T041500'}, {'begin': '20220515T220000', 'end': '20220516T041500'}, {'begin': '20220522T220000', 'end': '20220523T041500'}, {'begin': '20220517T220000', 'end': '20220518T041500'}, {'begin': '20220518T220000', 'end': '20220519T041500'}, {'begin': '20220529T220000', 'end': '20220530T041500'}, {'begin': '20220524T220000', 'end': '20220525T041500'}, {'begin': '20220525T220000', 'end': '20220526T041500'}, {'begin': '20220601T220000', 'end': '20220602T041500'}, {'begin': '20220530T220000', 'end': '20220531T041500'}, {'begin': '20220531T220000', 'end': '20220601T041500'}];28648c22-d04c-11ec-bf7d-005056a47b86;"['Métro 14 : Travaux (non précisé) - Trafic interrompu', ""<p>Jusqu'au 27/07,ligne fermée les dimanches, lundis, mardis et mercredis à partir de 22h sauf les 25/05, 5, 6 et 21/06, 13/07 et fermée jusqu'à 12h00 les dimanches 15/05, 19/06 et 3/07<br><a href='http://www.ratp.fr'>Plus d'informations sur le site ratp.fr</a></p>"", 'Métro 14 : Travaux (non précisé) - Trafic interrompu']";20220510T123005;28648c22-d04c-11ec-bf7d-005056a47b86;[{'pt_object': {'embedded_type': 'line', 'line': {'code': '14', 'name': 'Olympiades - Mairie de Saint-Ouen', 'links': [], 'color': '62259D', 'geojson': {'type': 'MultiLineString', 'coordinates': []}, 'text_color': 'FFFFFF', 'physical_modes': [{'id': 'physical_mode:Metro', 'name': 'Métro'}], 'codes': [{'type': 'Netex_PrivateCode', 'value': '100110014'}, {'type': 'source', 'value': 'FR1:Line:C01384:'}], 'closing_time': '021500', 'opening_time': '051800', 'commercial_mode': {'id': 'commercial_mode:Metro', 'name': 'Métro'}, 'id': 'line:IDFM:C01384'}, 'quality': 0, 'name': 'RATP Métro 14', 'id': 'line:IDFM:C01384'}}];28648c22-d04c-11ec-bf7d-005056a47b86;af57312e-cb8a-11ec-b3b0-005056a47b86;shortterm.tr_idfm;travaux;af57312e-cb8a-11ec-b3b0-005056a47b86;['line'];['14', ''];['Olympiades - Mairie de Saint-Ouen', ''];[[{'id': 'physical_mode:Metro', 'name': 'Métro'}], ''];[''];[''];[''];[''];
active;Incidents;#FF0000;0;bloquante;NO_SERVICE;['Actualité'];[{'begin': '20220215T030000', 'end': '20220525T083002'}, {'begin': '20220621T030000', 'end': '20220621T230000'}, {'begin': '20220630T030000', 'end': '20220630T230000'}, {'begin': '20220610T030000', 'end': '20220611T004500'}, {'begin': '20220529T000000', 'end': '20220530T004500'}, {'begin': '20220409T000000', 'end': '20220525T083002'}, {'begin': '20220317T030000', 'end': '20220525T083002'}, {'begin': '20220614T030000', 'end': '20220614T230000'}, {'begin': '20220415T030000', 'end': '20220525T083002'}, {'begin': '20220322T030000', 'end': '20220525T083002'}, {'begin': '20220527T030000', 'end': '20220528T004500'}, {'begin': '20220112T030000', 'end': '20220525T083002'}, {'begin': '20220406T030000', 'end': '20220525T083002'}, {'begin': '20220305T000000', 'end': '20220525T083002'}, {'begin': '20220619T000000', 'end': '20220620T004500'}, {'begin': '20220606T000000', 'end': '20220606T230000'}, {'begin': '20220503T030000', 'end': '20220525T083002'}, {'begin': '20220218T030000', 'end': '20220525T083002'}, {'begin': '20220209T030000', 'end': '20220525T083002'}, {'begin': '20220626T000000', 'end': '20220627T004500'}, {'begin': '20220430T000000', 'end': '20220525T083002'}, {'begin': '20220518T030000', 'end': '20220525T083002'}, {'begin': '20220227T000000', 'end': '20220525T083002'}, {'begin': '20220321T000000', 'end': '20220525T083002'}, {'begin': '20220504T030000', 'end': '20220525T083002'}, {'begin': '20220108T000000', 'end': '20220525T083002'}, {'begin': '20220419T030000', 'end': '20220525T083002'}, {'begin': '20220520T030000', 'end': '20220525T083002'}, {'begin': '20220203T030000', 'end': '20220525T083002'}, {'begin': '20220312T000000', 'end': '20220525T083002'}, {'begin': '20220511T030000', 'end': '20220525T083002'}, {'begin': '20220623T030000', 'end': '20220623T230000'}, {'begin': '20220329T030000', 'end': '20220525T083002'}, {'begin': '20220131T000000', 'end': '20220525T083002'}, {'begin': '20220121T030000', 'end': '20220525T083002'}, {'begin': '20220624T030000', 'end': '20220625T004500'}, {'begin': '20220110T000000', 'end': '20220525T083002'}, {'begin': '20220120T030000', 'end': '20220525T083002'}, {'begin': '20220309T030000', 'end': '20220525T083002'}, {'begin': '20220204T030000', 'end': '20220525T083002'}, {'begin': '20220221T000000', 'end': '20220525T083002'}, {'begin': '20220301T030000', 'end': '20220525T083002'}, {'begin': '20220426T030000', 'end': '20220525T083002'}, {'begin': '20220530T000000', 'end': '20220530T230000'}, {'begin': '20220629T030000', 'end': '20220629T230000'}, {'begin': '20220423T000000', 'end': '20220525T083002'}, {'begin': '20220115T000000', 'end': '20220525T083002'}, {'begin': '20220429T030000', 'end': '20220525T083002'}, {'begin': '20220502T000000', 'end': '20220525T083002'}, {'begin': '20220609T030000', 'end': '20220609T230000'}, {'begin': '20220525T030000', 'end': '20220525T230000'}, {'begin': '20220608T030000', 'end': '20220608T230000'}, {'begin': '20220424T000000', 'end': '20220525T083002'}, {'begin': '20220302T030000', 'end': '20220525T083002'}, {'begin': '20220216T030000', 'end': '20220525T083002'}, {'begin': '20220514T000000', 'end': '20220525T083002'}, {'begin': '20220223T030000', 'end': '20220525T083002'}, {'begin': '20220414T030000', 'end': '20220525T083002'}, {'begin': '20220310T030000', 'end': '20220525T083002'}, {'begin': '20220330T030000', 'end': '20220525T083002'}, {'begin': '20220522T000000', 'end': '20220525T083002'}, {'begin': '20220420T030000', 'end': '20220525T083002'}, {'begin': '20220207T000000', 'end': '20220525T083002'}, {'begin': '20220316T030000', 'end': '20220525T083002'}, {'begin': '20220313T000000', 'end': '20220525T083002'}, {'begin': '20220304T030000', 'end': '20220525T083002'}, {'begin': '20220130T000000', 'end': '20220525T083002'}, {'begin': '20220509T000000', 'end': '20220525T083002'}, {'begin': '20220515T000000', 'end': '20220525T083002'}, {'begin': '20220202T030000', 'end': '20220525T083002'}, {'begin': '20220206T000000', 'end': '20220525T083002'}, {'begin': '20220517T030000', 'end': '20220525T083002'}, {'begin': '20220506T030000', 'end': '20220525T083002'}, {'begin': '20220228T000000', 'end': '20220525T083002'}, {'begin': '20220422T030000', 'end': '20220525T083002'}, {'begin': '20220107T030000', 'end': '20220525T083002'}, {'begin': '20220324T030000', 'end': '20220525T083002'}, {'begin': '20220428T030000', 'end': '20220525T083002'}, {'begin': '20220308T030000', 'end': '20220525T083002'}, {'begin': '20220508T000000', 'end': '20220525T083002'}, {'begin': '20220612T000000', 'end': '20220613T004500'}, {'begin': '20220618T000000', 'end': '20220619T004500'}, {'begin': '20220407T030000', 'end': '20220525T083002'}, {'begin': '20220225T030000', 'end': '20220525T083002'}, {'begin': '20220118T030000', 'end': '20220525T083002'}, {'begin': '20220211T030000', 'end': '20220525T083002'}, {'begin': '20220425T000000', 'end': '20220525T083002'}, {'begin': '20220401T030000', 'end': '20220525T083002'}, {'begin': '20220314T000000', 'end': '20220525T083002'}, {'begin': '20220510T030000', 'end': '20220525T083002'}, {'begin': '20220116T000000', 'end': '20220525T083002'}, {'begin': '20220622T030000', 'end': '20220622T230000'}, {'begin': '20220417T000000', 'end': '20220525T083002'}, {'begin': '20220416T000000', 'end': '20220525T083002'}, {'begin': '20220104T030000', 'end': '20220525T083002'}, {'begin': '20220327T000000', 'end': '20220525T083002'}, {'begin': '20220410T000000', 'end': '20220525T083002'}, {'begin': '20220106T030000', 'end': '20220525T083002'}, {'begin': '20220323T030000', 'end': '20220525T083002'}, {'begin': '20220224T030000', 'end': '20220525T083002'}, {'begin': '20220205T000000', 'end': '20220525T083002'}, {'begin': '20220129T000000', 'end': '20220525T083002'}, {'begin': '20220405T030000', 'end': '20220525T083002'}, {'begin': '20220303T030000', 'end': '20220525T083002'}, {'begin': '20220119T030000', 'end': '20220525T083002'}, {'begin': '20220604T000000', 'end': '20220605T004500'}, {'begin': '20220113T030000', 'end': '20220525T083002'}, {'begin': '20220111T030000', 'end': '20220525T083002'}, {'begin': '20220524T030000', 'end': '20220525T083002'}, {'begin': '20220411T000000', 'end': '20220525T083002'}, {'begin': '20220627T000000', 'end': '20220627T230000'}, {'begin': '20220412T030000', 'end': '20220525T083002'}, {'begin': '20220217T030000', 'end': '20220525T083002'}, {'begin': '20220628T030000', 'end': '20220628T230000'}, {'begin': '20220507T000000', 'end': '20220525T083002'}, {'begin': '20220523T000000', 'end': '20220525T083002'}, {'begin': '20220212T000000', 'end': '20220525T083002'}, {'begin': '20220306T000000', 'end': '20220525T083002'}, {'begin': '20220603T030000', 'end': '20220604T004500'}, {'begin': '20220521T000000', 'end': '20220525T083002'}, {'begin': '20220513T030000', 'end': '20220525T083002'}, {'begin': '20220404T000000', 'end': '20220525T083002'}, {'begin': '20220201T030000', 'end': '20220525T083002'}, {'begin': '20220325T030000', 'end': '20220525T083002'}, {'begin': '20220519T030000', 'end': '20220525T083002'}, {'begin': '20220210T030000', 'end': '20220525T083002'}, {'begin': '20220613T000000', 'end': '20220613T230000'}, {'begin': '20220617T030000', 'end': '20220618T004500'}, {'begin': '20220124T000000', 'end': '20220525T083002'}, {'begin': '20220526T030000', 'end': '20220526T230000'}, {'begin': '20220605T000000', 'end': '20220606T004500'}, {'begin': '20220219T000000', 'end': '20220525T083002'}, {'begin': '20220315T030000', 'end': '20220525T083002'}, {'begin': '20220213T000000', 'end': '20220525T083002'}, {'begin': '20220427T030000', 'end': '20220525T083002'}, {'begin': '20220602T030000', 'end': '20220602T230000'}, {'begin': '20220214T000000', 'end': '20220525T083002'}, {'begin': '20220403T000000', 'end': '20220525T083002'}, {'begin': '20220408T030000', 'end': '20220525T083002'}, {'begin': '20220320T000000', 'end': '20220525T083002'}, {'begin': '20220222T030000', 'end': '20220525T083002'}, {'begin': '20220307T000000', 'end': '20220525T083002'}, {'begin': '20220208T030000', 'end': '20220525T083002'}, {'begin': '20220109T000000', 'end': '20220525T083002'}, {'begin': '20220501T000000', 'end': '20220525T083002'}, {'begin': '20220123T000000', 'end': '20220525T083002'}, {'begin': '20220528T000000', 'end': '20220529T004500'}, {'begin': '20220531T030000', 'end': '20220531T230000'}, {'begin': '20220413T030000', 'end': '20220525T083002'}, {'begin': '20220105T030000', 'end': '20220525T083002'}, {'begin': '20220114T030000', 'end': '20220525T083002'}, {'begin': '20220128T030000', 'end': '20220525T083002'}, {'begin': '20220311T030000', 'end': '20220525T083002'}, {'begin': '20220220T000000', 'end': '20220525T083002'}, {'begin': '20220418T000000', 'end': '20220525T083002'}, {'begin': '20220512T030000', 'end': '20220525T083002'}, {'begin': '20220226T000000', 'end': '20220525T083002'}, {'begin': '20220331T030000', 'end': '20220525T083002'}, {'begin': '20220616T030000', 'end': '20220616T230000'}, {'begin': '20220318T030000', 'end': '20220525T083002'}, {'begin': '20220117T000000', 'end': '20220525T083002'}, {'begin': '20220326T000000', 'end': '20220525T083002'}, {'begin': '20220127T030000', 'end': '20220525T083002'}, {'begin': '20220601T030000', 'end': '20220601T230000'}, {'begin': '20220611T000000', 'end': '20220612T004500'}, {'begin': '20220607T030000', 'end': '20220607T230000'}, {'begin': '20220505T030000', 'end': '20220525T083002'}, {'begin': '20220328T000000', 'end': '20220525T083002'}, {'begin': '20220319T000000', 'end': '20220525T083002'}, {'begin': '20220126T030000', 'end': '20220525T083002'}, {'begin': '20220516T000000', 'end': '20220525T083002'}, {'begin': '20220125T030000', 'end': '20220525T083002'}, {'begin': '20220402T000000', 'end': '20220525T083002'}, {'begin': '20220122T000000', 'end': '20220525T083002'}, {'begin': '20220625T000000', 'end': '20220626T004500'}, {'begin': '20220421T030000', 'end': '20220525T083002'}, {'begin': '20220615T030000', 'end': '20220615T230000'}, {'begin': '20220620T000000', 'end': '20220620T230000'}];5242fdf2-dbf1-11ec-8cf5-005056a47b86;"['Métro 4 : Travaux (non précisé) - Trafic interrompu', ""<p>Du 3 janvier au 30 juin 2022 (sauf les 25 et 26/05), ligne fermée les soirs du lundi au jeudi à partir de 22h15. Détails et itinéraires alternatifs sur les sites et applis IDFM ou RATP<br><a href='http://www.ratp.fr'>Plus d'informations sur le site ratp.fr</a></p>"", 'Métro 4 : Travaux (non précisé) - Trafic interrompu']";20220525T081005;5242fdf2-dbf1-11ec-8cf5-005056a47b86;[{'pt_object': {'embedded_type': 'line', 'line': {'code': '4', 'name': 'Mairie de Montrouge - Porte de Clignancourt', 'links': [], 'color': 'CF009E', 'geojson': {'type': 'MultiLineString', 'coordinates': []}, 'text_color': 'FFFFFF', 'physical_modes': [{'id': 'physical_mode:Metro', 'name': 'Métro'}], 'codes': [{'type': 'Netex_PrivateCode', 'value': '100110004'}, {'type': 'source', 'value': 'FR1:Line:C01374:'}], 'closing_time': '021500', 'opening_time': '053000', 'commercial_mode': {'id': 'commercial_mode:Metro', 'name': 'Métro'}, 'id': 'line:IDFM:C01374'}, 'quality': 0, 'name': 'RATP Métro 4', 'id': 'line:IDFM:C01374'}}];5242fdf2-dbf1-11ec-8cf5-005056a47b86;af7fc8f0-cb8a-11ec-9069-005056a44da2;shortterm.tr_idfm;travaux;af7fc8f0-cb8a-11ec-9069-005056a44da2;['line'];['4', ''];['Mairie de Montrouge - Porte de Clignancourt', ''];[[{'id': 'physical_mode:Metro', 'name': 'Métro'}], ''];[''];[''];[''];[''];
active;Incidents;#EF662F;30;perturbée;SIGNIFICANT_DELAYS;['Ascenseur'];[{'begin': '20210624T141237', 'end': '20220624T141237'}];7758ba46-d4e5-11eb-93d8-005056a47b86;"[""Panne d'un ascenseur"", ""Pré St Gervais Panne de l'ascenseur situé SA200,CR204, direction SA200 SORTIE, CR204 LOUIS BLANC"", ""Pré St Gervais Panne de l'ascenseur situé SA200,CR204, direction SA200 SORTIE, CR204 LOUIS BLANC"", 'Pré St Gervais Panne ascenseur situé SA200,CR204, dir. SA200 SORTIE, CR204 LOUIS BLANC']";20210624T141238;7758ba46-d4e5-11eb-93d8-005056a47b86;[{'pt_object': {'embedded_type': 'stop_area', 'stop_area': {'codes': [{'type': 'source', 'value': 'FR::multimodalStopPlace:71911:FR1'}], 'name': 'Pré-Saint-Gervais', 'links': [], 'coord': {'lat': '48.879689', 'lon': '2.398804'}, 'label': 'Pré-Saint-Gervais (Paris)', 'timezone': 'Europe/Paris', 'id': 'stop_area:IDFM:71911'}, 'quality': 0, 'name': 'Pré-Saint-Gervais (Paris)', 'id': 'stop_area:IDFM:71911'}}];7758ba46-d4e5-11eb-93d8-005056a47b86;7757c988-d4e5-11eb-93d8-005056a47b86;shortterm.tr_idfm;perturbation;7757c988-d4e5-11eb-93d8-005056a47b86;['stop_area'];[''];[''];[''];[''];['FR::multimodalStopPlace:71911:FR1'];['Pré-Saint-Gervais'];['Pré-Saint-Gervais (Paris)'];
active;Incidents;#EF662F;30;perturbée;SIGNIFICANT_DELAYS;['Ascenseur'];[{'begin': '20210624T141352', 'end': '20220624T141352'}];a39c19ae-d4e5-11eb-99c1-005056a44da2;"[""Panne d'un ascenseur"", ""ST DENIS UNIVERSITE Panne de l'ascenseur situé Salle d échange - Quai, direction Sortie Uniquement"", ""ST DENIS UNIVERSITE Panne de l'ascenseur situé Salle d échange - Quai, direction Sortie Uniquement"", 'ST DENIS UNIVERSITE Panne ascenseur situé Salle d échange - Quai, dir. Sortie Uniquement']";20210624T141352;a39c19ae-d4e5-11eb-99c1-005056a44da2;[{'pt_object': {'embedded_type': 'stop_area', 'stop_area': {'codes': [{'type': 'source', 'value': 'FR::multimodalStopPlace:72358:FR1'}], 'name': 'Saint-Denis - Université', 'links': [], 'coord': {'lat': '48.946196', 'lon': '2.364518'}, 'label': 'Saint-Denis - Université (Saint-Denis)', 'timezone': 'Europe/Paris', 'id': 'stop_area:IDFM:72358'}, 'quality': 0, 'name': 'Saint-Denis - Université (Saint-Denis)', 'id': 'stop_area:IDFM:72358'}}];a39c19ae-d4e5-11eb-99c1-005056a44da2;a39b0d98-d4e5-11eb-99c1-005056a44da2;shortterm.tr_idfm;perturbation;a39b0d98-d4e5-11eb-99c1-005056a44da2;['stop_area'];[''];[''];[''];[''];['FR::multimodalStopPlace:72358:FR1'];['Saint-Denis - Université'];['Saint-Denis - Université (Saint-Denis)'];
active;Incidents;#EF662F;30;perturbée;SIGNIFICANT_DELAYS;['Ascenseur'];[{'begin': '20210624T141352', 'end': '20220624T141352'}];a39c5c84-d4e5-11eb-9bff-005056a44da2;"[""Panne d'un ascenseur"", ""ST DENIS UNIVERSITE Panne de l'ascenseur situé Salle d échange - Quai, direction Sortie Uniquement"", ""ST DENIS UNIVERSITE Panne de l'ascenseur situé Salle d échange - Quai, direction Sortie Uniquement"", 'ST DENIS UNIVERSITE Panne ascenseur situé Salle d échange - Quai, dir. Sortie Uniquement']";20210624T141352;a39c5c84-d4e5-11eb-9bff-005056a44da2;[{'pt_object': {'embedded_type': 'stop_area', 'stop_area': {'codes': [{'type': 'source', 'value': 'FR::multimodalStopPlace:72358:FR1'}], 'name': 'Saint-Denis - Université', 'links': [], 'coord': {'lat': '48.946196', 'lon': '2.364518'}, 'label': 'Saint-Denis - Université (Saint-Denis)', 'timezone': 'Europe/Paris', 'id': 'stop_area:IDFM:72358'}, 'quality': 0, 'name': 'Saint-Denis - Université (Saint-Denis)', 'id': 'stop_area:IDFM:72358'}}];a39c5c84-d4e5-11eb-9bff-005056a44da2;a39b4a56-d4e5-11eb-9bff-005056a44da2;shortterm.tr_idfm;perturbation;a39b4a56-d4e5-11eb-9bff-005056a44da2;['stop_area'];[''];[''];[''];[''];['FR::multimodalStopPlace:72358:FR1'];['Saint-Denis - Université'];['Saint-Denis - Université (Saint-Denis)'];
active;Incidents;#EF662F;30;perturbée;SIGNIFICANT_DELAYS;['Ascenseur'];[{'begin': '20210624T141352', 'end': '20220624T141352'}];a3a06e82-d4e5-11eb-97b7-005056a47b86;"[""Panne d'un ascenseur"", ""ST DENIS UNIVERSITE Panne de l'ascenseur situé Salle d échange - Quai, direction Sortie Uniquement"", ""ST DENIS UNIVERSITE Panne de l'ascenseur situé Salle d échange - Quai, direction Sortie Uniquement"", 'ST DENIS UNIVERSITE Panne ascenseur situé Salle d échange - Quai, dir. Sortie Uniquement']";20210624T141352;a3a06e82-d4e5-11eb-97b7-005056a47b86;[{'pt_object': {'embedded_type': 'stop_area', 'stop_area': {'codes': [{'type': 'source', 'value': 'FR::multimodalStopPlace:72358:FR1'}], 'name': 'Saint-Denis - Université', 'links': [], 'coord': {'lat': '48.946196', 'lon': '2.364518'}, 'label': 'Saint-Denis - Université (Saint-Denis)', 'timezone': 'Europe/Paris', 'id': 'stop_area:IDFM:72358'}, 'quality': 0, 'name': 'Saint-Denis - Université (Saint-Denis)', 'id': 'stop_area:IDFM:72358'}}];a3a06e82-d4e5-11eb-97b7-005056a47b86;a39f60be-d4e5-11eb-97b7-005056a47b86;shortterm.tr_idfm;perturbation;a39f60be-d4e5-11eb-97b7-005056a47b86;['stop_area'];[''];[''];[''];[''];['FR::multimodalStopPlace:72358:FR1'];['Saint-Denis - Université'];['Saint-Denis - Université (Saint-Denis)'];
active;Incidents;#EF662F;30;perturbée;SIGNIFICANT_DELAYS;['Ascenseur'];[{'begin': '20210624T141427', 'end': '20220624T141427'}];b875ae8a-d4e5-11eb-99c1-005056a44da2;"[""Panne d'un ascenseur"", ""MAIRIE DE ST OUEN Panne de l'ascenseur situé QX142, jusqu'au 2021-06-30"", ""MAIRIE DE ST OUEN Panne de l'ascenseur situé QX142, jusqu'au 2021-06-30"", ""MAIRIE DE ST OUEN Panne ascenseur jusqu'au 2021-06-30 situé QX142""]";20210624T141427;b875ae8a-d4e5-11eb-99c1-005056a44da2;[{'pt_object': {'embedded_type': 'stop_area', 'stop_area': {'codes': [{'type': 'source', 'value': 'FR::multimodalStopPlace:72168:FR1'}], 'name': 'Mairie de Saint-Ouen', 'links': [], 'coord': {'lat': '48.912609', 'lon': '2.334393'}, 'label': 'Mairie de Saint-Ouen (Saint-Ouen-sur-Seine)', 'timezone': 'Europe/Paris', 'id': 'stop_area:IDFM:72168'}, 'quality': 0, 'name': 'Mairie de Saint-Ouen (Saint-Ouen-sur-Seine)', 'id': 'stop_area:IDFM:72168'}}];b875ae8a-d4e5-11eb-99c1-005056a44da2;b874d55a-d4e5-11eb-99c1-005056a44da2;shortterm.tr_idfm;perturbation;b874d55a-d4e5-11eb-99c1-005056a44da2;['stop_area'];[''];[''];[''];[''];['FR::multimodalStopPlace:72168:FR1'];['Mairie de Saint-Ouen'];['Mairie de Saint-Ouen (Saint-Ouen-sur-Seine)'];
active;Incidents;#EF662F;30;perturbée;SIGNIFICANT_DELAYS;['Ascenseur'];[{'begin': '20210624T141751', 'end': '20220624T141751'}];3238469c-d4e6-11eb-97b7-005056a47b86;"[""Panne d'un ascenseur"", ""NATION Panne de l'ascenseur situé Plateforme Correspondance - Quai, direction Est"", ""NATION Panne de l'ascenseur situé Plateforme Correspondance - Quai, direction Est"", 'NATION Panne ascenseur situé Plateforme Correspondance - Quai, dir. Est']";20210624T141751;3238469c-d4e6-11eb-97b7-005056a47b86;[{'pt_object': {'embedded_type': 'stop_area', 'stop_area': {'codes': [{'type': 'source', 'value': 'FR::multimodalStopPlace:71673:FR1'}], 'name': 'Nation', 'links': [], 'coord': {'lat': '48.848747', 'lon': '2.396334'}, 'label': 'Nation (Paris)', 'timezone': 'Europe/Paris', 'id': 'stop_area:IDFM:71673'}, 'quality': 0, 'name': 'Nation (Paris)', 'id': 'stop_area:IDFM:71673'}}];3238469c-d4e6-11eb-97b7-005056a47b86;32376740-d4e6-11eb-97b7-005056a47b86;shortterm.tr_idfm;perturbation;32376740-d4e6-11eb-97b7-005056a47b86;['stop_area'];[''];[''];[''];[''];['FR::multimodalStopPlace:71673:FR1'];['Nation'];['Nation (Paris)'];
active;Incidents;#EF662F;30;perturbée;SIGNIFICANT_DELAYS;['Ascenseur'];[{'begin': '20210624T141751', 'end': '20220624T141751'}];326dd730-d4e6-11eb-aee4-005056a47b86;"[""Panne d'un ascenseur"", ""NATION Panne de l'ascenseur situé Plateforme Correspondance - Quai, direction Est"", ""NATION Panne de l'ascenseur situé Plateforme Correspondance - Quai, direction Est"", 'NATION Panne ascenseur situé Plateforme Correspondance - Quai, dir. Est']";20210624T141751;326dd730-d4e6-11eb-aee4-005056a47b86;[{'pt_object': {'embedded_type': 'stop_area', 'stop_area': {'codes': [{'type': 'source', 'value': 'FR::multimodalStopPlace:71673:FR1'}], 'name': 'Nation', 'links': [], 'coord': {'lat': '48.848747', 'lon': '2.396334'}, 'label': 'Nation (Paris)', 'timezone': 'Europe/Paris', 'id': 'stop_area:IDFM:71673'}, 'quality': 0, 'name': 'Nation (Paris)', 'id': 'stop_area:IDFM:71673'}}];326dd730-d4e6-11eb-aee4-005056a47b86;326d0a76-d4e6-11eb-aee4-005056a47b86;shortterm.tr_idfm;perturbation;326d0a76-d4e6-11eb-aee4-005056a47b86;['stop_area'];[''];[''];[''];[''];['FR::multimodalStopPlace:71673:FR1'];['Nation'];['Nation (Paris)'];
active;Incidents;#EF662F;30;perturbée;SIGNIFICANT_DELAYS;['Ascenseur'];[{'begin': '20210702T091309', 'end': '20220702T091309'}];f4c7dbe0-db04-11eb-8f7a-005056a44da2;"[""Panne d'un ascenseur"", ""MAIRIE DE ST OUEN Panne de l'ascenseur situé QX142"", ""MAIRIE DE ST OUEN Panne de l'ascenseur situé QX142"", 'MAIRIE DE ST OUEN Panne ascenseur situé QX142']";20210702T091309;f4c7dbe0-db04-11eb-8f7a-005056a44da2;[{'pt_object': {'embedded_type': 'stop_area', 'stop_area': {'codes': [{'type': 'source', 'value': 'FR::multimodalStopPlace:72168:FR1'}], 'name': 'Mairie de Saint-Ouen', 'links': [], 'coord': {'lat': '48.912609', 'lon': '2.334393'}, 'label': 'Mairie de Saint-Ouen (Saint-Ouen-sur-Seine)', 'timezone': 'Europe/Paris', 'id': 'stop_area:IDFM:72168'}, 'quality': 0, 'name': 'Mairie de Saint-Ouen (Saint-Ouen-sur-Seine)', 'id': 'stop_area:IDFM:72168'}}];f4c7dbe0-db04-11eb-8f7a-005056a44da2;f4c70544-db04-11eb-8f7a-005056a44da2;shortterm.tr_idfm;perturbation;f4c70544-db04-11eb-8f7a-005056a44da2;['stop_area'];[''];[''];[''];[''];['FR::multimodalStopPlace:72168:FR1'];['Mairie de Saint-Ouen'];['Mairie de Saint-Ouen (Saint-Ouen-sur-Seine)'];
active;Incidents;#EF662F;30;perturbée;SIGNIFICANT_DELAYS;['Ascenseur'];[{'begin': '20210705T091108', 'end': '20220705T091108'}];6095ff36-de53-11eb-b397-005056a47b86;"[""Panne d'un ascenseur"", ""LA DEFENSE Panne de l'ascenseur situé Salle d échange zone SNCF Nord et Ouest - Queue Quais 1 et A, direction Est, jusqu'au 2021-08-27"", ""LA DEFENSE Panne de l'ascenseur situé Salle d échange zone SNCF Nord et Ouest - Queue Quais 1 et A, direction Est, jusqu'au 2021-08-27"", ""LA DEFENSE Panne ascenseur jusqu'au 2021-08-27 situé Salle d échange zone SNCF Nord et Ouest - Queue Quais 1 et A, dir. Est""]";20210706T141204;6095ff36-de53-11eb-b397-005056a47b86;[{'pt_object': {'embedded_type': 'stop_area', 'stop_area': {'codes': [{'type': 'source', 'value': 'FR::multimodalStopPlace:71517:FR1'}], 'name': 'La Défense', 'links': [], 'coord': {'lat': '48.891609', 'lon': '2.239151'}, 'label': 'La Défense (Puteaux)', 'timezone': 'Europe/Paris', 'id': 'stop_area:IDFM:71517'}, 'quality': 0, 'name': 'La Défense (Puteaux)', 'id': 'stop_area:IDFM:71517'}}];6095ff36-de53-11eb-b397-005056a47b86;2bd6b07c-dd60-11eb-be0c-005056a44da2;shortterm.tr_idfm;perturbation;2bd6b07c-dd60-11eb-be0c-005056a44da2;['stop_area'];[''];[''];[''];[''];['FR::multimodalStopPlace:71517:FR1'];['La Défense'];['La Défense (Puteaux)'];
active;Incidents;#EF662F;30;perturbée;SIGNIFICANT_DELAYS;['Ascenseur'];[{'begin': '20210705T091111', 'end': '20220705T091111'}];6319786e-de53-11eb-8918-005056a44da2;"[""Panne d'un ascenseur"", ""LA DEFENSE Panne de l'ascenseur situé Salle d échange zone SNCF Sud et Ouest - Tête Quais 2 et B, direction Ouest, jusqu'au 2021-08-27"", ""LA DEFENSE Panne de l'ascenseur situé Salle d échange zone SNCF Sud et Ouest - Tête Quais 2 et B, direction Ouest, jusqu'au 2021-08-27"", ""LA DEFENSE Panne ascenseur jusqu'au 2021-08-27 situé Salle d échange zone SNCF Sud et Ouest - Tête Quais 2 et B, dir. Ouest""]";20210706T141209;6319786e-de53-11eb-8918-005056a44da2;[{'pt_object': {'embedded_type': 'stop_area', 'stop_area': {'codes': [{'type': 'source', 'value': 'FR::multimodalStopPlace:71517:FR1'}], 'name': 'La Défense', 'links': [], 'coord': {'lat': '48.891609', 'lon': '2.239151'}, 'label': 'La Défense (Puteaux)', 'timezone': 'Europe/Paris', 'id': 'stop_area:IDFM:71517'}, 'quality': 0, 'name': 'La Défense (Puteaux)', 'id': 'stop_area:IDFM:71517'}}];6319786e-de53-11eb-8918-005056a44da2;2d62d7ea-dd60-11eb-b397-005056a47b86;shortterm.tr_idfm;perturbation;2d62d7ea-dd60-11eb-b397-005056a47b86;['stop_area'];[''];[''];[''];[''];['FR::multimodalStopPlace:71517:FR1'];['La Défense'];['La Défense (Puteaux)'];
active;Incidents;#EF662F;30;perturbée;SIGNIFICANT_DELAYS;['Ascenseur'];[{'begin': '20210809T091041', 'end': '20220809T091041'}];e7df7e7a-f8e0-11eb-8901-005056a47b86;"[""Panne d'un ascenseur"", ""LA DEFENSE Panne de l'ascenseur situé Salle d échange zone SNCF Nord et Ouest - Queue Quais 1 et A, direction Est, jusqu'au 2021-08-30"", ""LA DEFENSE Panne de l'ascenseur situé Salle d échange zone SNCF Nord et Ouest - Queue Quais 1 et A, direction Est, jusqu'au 2021-08-30"", ""LA DEFENSE Panne ascenseur jusqu'au 2021-08-30 situé Salle d échange zone SNCF Nord et Ouest - Queue Quais 1 et A, dir. Est""]";20210809T091041;e7df7e7a-f8e0-11eb-8901-005056a47b86;[{'pt_object': {'embedded_type': 'stop_area', 'stop_area': {'codes': [{'type': 'source', 'value': 'FR::multimodalStopPlace:71517:FR1'}], 'name': 'La Défense', 'links': [], 'coord': {'lat': '48.891609', 'lon': '2.239151'}, 'label': 'La Défense (Puteaux)', 'timezone': 'Europe/Paris', 'id': 'stop_area:IDFM:71517'}, 'quality': 0, 'name': 'La Défense (Puteaux)', 'id': 'stop_area:IDFM:71517'}}];e7df7e7a-f8e0-11eb-8901-005056a47b86;e7dea662-f8e0-11eb-8901-005056a47b86;shortterm.tr_idfm;perturbation;e7dea662-f8e0-11eb-8901-005056a47b86;['stop_area'];[''];[''];[''];[''];['FR::multimodalStopPlace:71517:FR1'];['La Défense'];['La Défense (Puteaux)'];
active;Incidents;#EF662F;30;perturbée;SIGNIFICANT_DELAYS;['Ascenseur'];[{'begin': '20210814T091026', 'end': '20220814T091026'}];b37c274a-fcce-11eb-a7c5-005056a44da2;"[""Panne d'un ascenseur"", ""LA DEFENSE Panne de l'ascenseur situé Salle d échange zone SNCF Sud et Ouest - Tête Quais 2 et B, direction Ouest, jusqu'au 2021-08-30"", ""LA DEFENSE Panne de l'ascenseur situé Salle d échange zone SNCF Sud et Ouest - Tête Quais 2 et B, direction Ouest, jusqu'au 2021-08-30"", ""LA DEFENSE Panne ascenseur jusqu'au 2021-08-30 situé Salle d échange zone SNCF Sud et Ouest - Tête Quais 2 et B, dir. Ouest""]";20210814T091027;b37c274a-fcce-11eb-a7c5-005056a44da2;[{'pt_object': {'embedded_type': 'stop_area', 'stop_area': {'codes': [{'type': 'source', 'value': 'FR::multimodalStopPlace:71517:FR1'}], 'name': 'La Défense', 'links': [], 'coord': {'lat': '48.891609', 'lon': '2.239151'}, 'label': 'La Défense (Puteaux)', 'timezone': 'Europe/Paris', 'id': 'stop_area:IDFM:71517'}, 'quality': 0, 'name': 'La Défense (Puteaux)', 'id': 'stop_area:IDFM:71517'}}];b37c274a-fcce-11eb-a7c5-005056a44da2;b37b67f6-fcce-11eb-a7c5-005056a44da2;shortterm.tr_idfm;perturbation;b37b67f6-fcce-11eb-a7c5-005056a44da2;['stop_area'];[''];[''];[''];[''];['FR::multimodalStopPlace:71517:FR1'];['La Défense'];['La Défense (Puteaux)'];
active;Incidents;#EF662F;30;perturbée;SIGNIFICANT_DELAYS;['Ascenseur'];[{'begin': '20211112T202026', 'end': '20221112T202026'}];97327d4e-43ed-11ec-b546-005056a47b86;"[""Panne d'un ascenseur"", ""MAIRIE DE ST OUEN Panne de l'ascenseur situé QX142"", ""MAIRIE DE ST OUEN Panne de l'ascenseur situé QX142"", 'MAIRIE DE ST OUEN Panne ascenseur situé QX142']";20211112T202026;97327d4e-43ed-11ec-b546-005056a47b86;[{'pt_object': {'embedded_type': 'stop_area', 'stop_area': {'codes': [{'type': 'source', 'value': 'FR::multimodalStopPlace:72168:FR1'}], 'name': 'Mairie de Saint-Ouen', 'links': [], 'coord': {'lat': '48.912609', 'lon': '2.334393'}, 'label': 'Mairie de Saint-Ouen (Saint-Ouen-sur-Seine)', 'timezone': 'Europe/Paris', 'id': 'stop_area:IDFM:72168'}, 'quality': 0, 'name': 'Mairie de Saint-Ouen (Saint-Ouen-sur-Seine)', 'id': 'stop_area:IDFM:72168'}}];97327d4e-43ed-11ec-b546-005056a47b86;97319b0e-43ed-11ec-b546-005056a47b86;shortterm.tr_idfm;perturbation;97319b0e-43ed-11ec-b546-005056a47b86;['stop_area'];[''];[''];[''];[''];['FR::multimodalStopPlace:72168:FR1'];['Mairie de Saint-Ouen'];['Mairie de Saint-Ouen (Saint-Ouen-sur-Seine)'];
active;Incidents;#EF662F;30;perturbée;SIGNIFICANT_DELAYS;['Actualité'];[{'begin': '20220109T030000', 'end': '20220701T030000'}];e2cc6daa-6260-11ec-a042-005056a44da2;"['Travaux du 9 janvier au 26 juin 2022 inclus', '<p>&nbsp;En raison de travaux, le trafic est interrompu sur l\'ensemble de la ligne, du 9 janvier au 26 juin 2022 inclus, de 5h00 jusqu\'à 12h00 uniquement les dimanches (sauf les dimanches 17/04, 01/05, 08/05 et le 05/06, où le trafic n\'est pas interrompu).</p><p>Pour plus d\'information,<a href=""https://www.ratp.fr/sites/default/files/inline-files/M4_Fermeture-2021_SP-07_6000x1000_HD_2.pdf"" target=""_blank"" style=""background-color: rgb(255, 255, 255);""> cliquer ici</a><br></p>']";20220519T141354;e2cc6daa-6260-11ec-a042-005056a44da2;[{'pt_object': {'embedded_type': 'line', 'line': {'code': '4', 'name': 'Mairie de Montrouge - Porte de Clignancourt', 'links': [], 'color': 'CF009E', 'geojson': {'type': 'MultiLineString', 'coordinates': []}, 'text_color': 'FFFFFF', 'physical_modes': [{'id': 'physical_mode:Metro', 'name': 'Métro'}], 'codes': [{'type': 'Netex_PrivateCode', 'value': '100110004'}, {'type': 'source', 'value': 'FR1:Line:C01374:'}], 'closing_time': '021500', 'opening_time': '053000', 'commercial_mode': {'id': 'commercial_mode:Metro', 'name': 'Métro'}, 'id': 'line:IDFM:C01374'}, 'quality': 0, 'name': 'RATP Métro 4', 'id': 'line:IDFM:C01374'}}];e2cc6daa-6260-11ec-a042-005056a44da2;e2cb983a-6260-11ec-a042-005056a44da2;shortterm.tr_idfm;travaux;e2cb983a-6260-11ec-a042-005056a44da2;['line'];['4', ''];['Mairie de Montrouge - Porte de Clignancourt', ''];[[{'id': 'physical_mode:Metro', 'name': 'Métro'}], ''];[''];[''];[''];[''];
future;Incidents;#EF662F;30;perturbée;SIGNIFICANT_DELAYS;['Actualité'];[{'begin': '20220410T000100', 'end': '20220410T235900'}, {'begin': '20220613T000100', 'end': '20220613T040000'}, {'begin': '20220606T000100', 'end': '20220606T040000'}, {'begin': '20220509T000100', 'end': '20220509T040000'}, {'begin': '20220523T000100', 'end': '20220523T040000'}, {'begin': '20220530T000100', 'end': '20220530T040000'}, {'begin': '20220516T000100', 'end': '20220516T040000'}, {'begin': '20220404T000100', 'end': '20220404T040000'}, {'begin': '20220411T000100', 'end': '20220411T040000'}, {'begin': '20220425T000100', 'end': '20220425T040000'}, {'begin': '20220418T000100', 'end': '20220418T040000'}, {'begin': '20220328T000100', 'end': '20220328T040000'}, {'begin': '20220228T000100', 'end': '20220228T040000'}, {'begin': '20220221T000100', 'end': '20220221T040000'}, {'begin': '20220626T000100', 'end': '20220626T235900'}, {'begin': '20220207T000100', 'end': '20220207T040000'}, {'begin': '20220131T000100', 'end': '20220131T040000'}, {'begin': '20220604T000100', 'end': '20220604T235900'}, {'begin': '20220612T000100', 'end': '20220612T235900'}, {'begin': '20220619T000100', 'end': '20220619T235900'}, {'begin': '20220618T000100', 'end': '20220618T235900'}, {'begin': '20220605T000100', 'end': '20220605T235900'}, {'begin': '20220417T000100', 'end': '20220417T235900'}, {'begin': '20220507T000100', 'end': '20220507T235900'}, {'begin': '20220521T000100', 'end': '20220521T235900'}, {'begin': '20220522T000100', 'end': '20220522T235900'}, {'begin': '20220515T000100', 'end': '20220515T235900'}, {'begin': '20220508T000100', 'end': '20220508T235900'}, {'begin': '20220424T000100', 'end': '20220424T235900'}, {'begin': '20220430T000100', 'end': '20220430T235900'}, {'begin': '20220416T000100', 'end': '20220416T235900'}, {'begin': '20220423T000100', 'end': '20220423T235900'}, {'begin': '20220213T000100', 'end': '20220213T235900'}, {'begin': '20220313T000100', 'end': '20220313T235900'}, {'begin': '20220326T000100', 'end': '20220326T235900'}, {'begin': '20220402T000100', 'end': '20220402T235900'}, {'begin': '20220327T000100', 'end': '20220327T235900'}, {'begin': '20220319T000100', 'end': '20220319T235900'}, {'begin': '20220312T000100', 'end': '20220312T235900'}, {'begin': '20220305T000100', 'end': '20220305T235900'}, {'begin': '20220219T000100', 'end': '20220219T235900'}, {'begin': '20220226T000100', 'end': '20220226T235900'}, {'begin': '20220220T000100', 'end': '20220220T235900'}, {'begin': '20220205T000100', 'end': '20220205T235900'}, {'begin': '20220206T000100', 'end': '20220206T235900'}, {'begin': '20220212T000100', 'end': '20220212T235900'}, {'begin': '20220409T000100', 'end': '20220409T235900'}, {'begin': '20220306T000100', 'end': '20220306T235900'}, {'begin': '20220227T000100', 'end': '20220227T235900'}, {'begin': '20220403T000100', 'end': '20220403T235900'}, {'begin': '20220320T000100', 'end': '20220320T235900'}, {'begin': '20220321T000100', 'end': '20220321T040000'}, {'begin': '20220529T000100', 'end': '20220529T235900'}, {'begin': '20220501T000100', 'end': '20220501T235900'}, {'begin': '20220514T000100', 'end': '20220514T235900'}, {'begin': '20220528T000100', 'end': '20220528T235900'}, {'begin': '20220314T000100', 'end': '20220314T040000'}, {'begin': '20220625T000100', 'end': '20220625T235900'}, {'begin': '20220611T000100', 'end': '20220611T235900'}, {'begin': '20220214T000100', 'end': '20220214T040000'}, {'begin': '20220307T000100', 'end': '20220307T040000'}, {'begin': '20220627T000100', 'end': '20220627T040000'}, {'begin': '20220502T000100', 'end': '20220502T040000'}, {'begin': '20220620T000100', 'end': '20220620T040000'}];89c388a6-8290-11ec-8937-005056a47b86;"['Travaux', '<p>En raison de travaux, le trafic est interrompu sur l\'ensemble de la ligne, du 9 janvier au 26 juin inclus, de 5h00 jusqu\'à 12h00 uniquement les dimanches (sauf les dimanches 17/04, 01/05, 08/05 et le 05/06, où le trafic n\'est pas interrompu).</p><p>Le trafic est également interrompu sur l\'ensemble de la ligne, du 3 janvier au 30 juin inclus, du lundi au jeudi uniquement, de 22h15 à fin de service.</p><p>------------------------------------------------------------------------</p><p>En raison de travaux, le trafic est interrompu sur l\'ensemble de la ligne du 30 janvier au 15 mai inclus, les dimanches toute la journée :</p><p>le dimanche 30 janvier,</p><p>le dimanche 20 février,</p><p>le dimanche 6 mars,</p><p>le dimanche 3 avril,</p><p>le dimanche 15 mai.</p><p>Pour plus d\'information, <a href=""https://www.ratp.fr/infos-trafic/metro/4#container"" target=""_blank"">cliquer ici</a></p>']";20220131T132304;89c388a6-8290-11ec-8937-005056a47b86;[{'pt_object': {'embedded_type': 'line', 'line': {'code': '4', 'name': 'Mairie de Montrouge - Porte de Clignancourt', 'links': [], 'color': 'CF009E', 'geojson': {'type': 'MultiLineString', 'coordinates': []}, 'text_color': 'FFFFFF', 'physical_modes': [{'id': 'physical_mode:Metro', 'name': 'Métro'}], 'codes': [{'type': 'Netex_PrivateCode', 'value': '100110004'}, {'type': 'source', 'value': 'FR1:Line:C01374:'}], 'closing_time': '021500', 'opening_time': '053000', 'commercial_mode': {'id': 'commercial_mode:Metro', 'name': 'Métro'}, 'id': 'line:IDFM:C01374'}, 'quality': 0, 'name': 'RATP Métro 4', 'id': 'line:IDFM:C01374'}}];89c388a6-8290-11ec-8937-005056a47b86;89c2bc8c-8290-11ec-8937-005056a47b86;shortterm.tr_idfm;travaux;89c2bc8c-8290-11ec-8937-005056a47b86;['line'];['4', ''];['Mairie de Montrouge - Porte de Clignancourt', ''];[[{'id': 'physical_mode:Metro', 'name': 'Métro'}], ''];[''];[''];[''];[''];[{'week_pattern': {'monday': True, 'tuesday': False, 'friday': False, 'wednesday': False, 'thursday': False, 'sunday': False, 'saturday': False}, 'application_period': {'begin': '20220131', 'end': '20220627'}, 'time_slots': [{'begin': '000100', 'end': '040000'}]}, {'week_pattern': {'monday': False, 'tuesday': False, 'friday': False, 'wednesday': False, 'thursday': False, 'sunday': True, 'saturday': True}, 'application_period': {'begin': '20220131', 'end': '20220627'}, 'time_slots': [{'begin': '000100', 'end': '235900'}]}]
future;Incidents;#EF662F;30;perturbée;SIGNIFICANT_DELAYS;['Actualité'];[{'begin': '20220221T000100', 'end': '20220221T040000'}, {'begin': '20220330T221500', 'end': '20220330T235900'}, {'begin': '20220202T221500', 'end': '20220202T235900'}, {'begin': '20220329T221500', 'end': '20220329T235900'}, {'begin': '20220301T221500', 'end': '20220301T235900'}, {'begin': '20220215T221500', 'end': '20220215T235900'}, {'begin': '20220208T221500', 'end': '20220208T235900'}, {'begin': '20220203T221500', 'end': '20220203T235900'}, {'begin': '20220207T221500', 'end': '20220207T235900'}, {'begin': '20220210T221500', 'end': '20220210T235900'}, {'begin': '20220209T221500', 'end': '20220209T235900'}, {'begin': '20220214T221500', 'end': '20220214T235900'}, {'begin': '20220222T221500', 'end': '20220222T235900'}, {'begin': '20220217T221500', 'end': '20220217T235900'}, {'begin': '20220216T221500', 'end': '20220216T235900'}, {'begin': '20220221T221500', 'end': '20220221T235900'}, {'begin': '20220228T221500', 'end': '20220228T235900'}, {'begin': '20220223T221500', 'end': '20220223T235900'}, {'begin': '20220224T221500', 'end': '20220224T235900'}, {'begin': '20220315T221500', 'end': '20220315T235900'}, {'begin': '20220308T221500', 'end': '20220308T235900'}, {'begin': '20220303T221500', 'end': '20220303T235900'}, {'begin': '20220302T221500', 'end': '20220302T235900'}, {'begin': '20220307T221500', 'end': '20220307T235900'}, {'begin': '20220314T221500', 'end': '20220314T235900'}, {'begin': '20220309T221500', 'end': '20220309T235900'}, {'begin': '20220310T221500', 'end': '20220310T235900'}, {'begin': '20220328T221500', 'end': '20220328T235900'}, {'begin': '20220321T221500', 'end': '20220321T235900'}, {'begin': '20220316T221500', 'end': '20220316T235900'}, {'begin': '20220317T221500', 'end': '20220317T235900'}, {'begin': '20220323T221500', 'end': '20220323T235900'}, {'begin': '20220322T221500', 'end': '20220322T235900'}, {'begin': '20220324T221500', 'end': '20220324T235900'}, {'begin': '20220217T000100', 'end': '20220217T040000'}, {'begin': '20220524T221500', 'end': '20220524T235900'}, {'begin': '20220426T221500', 'end': '20220426T235900'}, {'begin': '20220412T221500', 'end': '20220412T235900'}, {'begin': '20220405T221500', 'end': '20220405T235900'}, {'begin': '20220331T221500', 'end': '20220331T235900'}, {'begin': '20220404T221500', 'end': '20220404T235900'}, {'begin': '20220407T221500', 'end': '20220407T235900'}, {'begin': '20220406T221500', 'end': '20220406T235900'}, {'begin': '20220411T221500', 'end': '20220411T235900'}, {'begin': '20220419T221500', 'end': '20220419T235900'}, {'begin': '20220414T221500', 'end': '20220414T235900'}, {'begin': '20220413T221500', 'end': '20220413T235900'}, {'begin': '20220418T221500', 'end': '20220418T235900'}, {'begin': '20220425T221500', 'end': '20220425T235900'}, {'begin': '20220420T221500', 'end': '20220420T235900'}, {'begin': '20220421T221500', 'end': '20220421T235900'}, {'begin': '20220510T221500', 'end': '20220510T235900'}, {'begin': '20220503T221500', 'end': '20220503T235900'}, {'begin': '20220428T221500', 'end': '20220428T235900'}, {'begin': '20220427T221500', 'end': '20220427T235900'}, {'begin': '20220502T221500', 'end': '20220502T235900'}, {'begin': '20220509T221500', 'end': '20220509T235900'}, {'begin': '20220504T221500', 'end': '20220504T235900'}, {'begin': '20220505T221500', 'end': '20220505T235900'}, {'begin': '20220523T221500', 'end': '20220523T235900'}, {'begin': '20220516T221500', 'end': '20220516T235900'}, {'begin': '20220511T221500', 'end': '20220511T235900'}, {'begin': '20220512T221500', 'end': '20220512T235900'}, {'begin': '20220518T221500', 'end': '20220518T235900'}, {'begin': '20220517T221500', 'end': '20220517T235900'}, {'begin': '20220519T221500', 'end': '20220519T235900'}, {'begin': '20220621T221500', 'end': '20220621T235900'}, {'begin': '20220607T221500', 'end': '20220607T235900'}, {'begin': '20220531T221500', 'end': '20220531T235900'}, {'begin': '20220526T221500', 'end': '20220526T235900'}, {'begin': '20220525T221500', 'end': '20220525T235900'}, {'begin': '20220530T221500', 'end': '20220530T235900'}, {'begin': '20220606T221500', 'end': '20220606T235900'}, {'begin': '20220601T221500', 'end': '20220601T235900'}, {'begin': '20220602T221500', 'end': '20220602T235900'}, {'begin': '20220620T221500', 'end': '20220620T235900'}, {'begin': '20220613T221500', 'end': '20220613T235900'}, {'begin': '20220608T221500', 'end': '20220608T235900'}, {'begin': '20220609T221500', 'end': '20220609T235900'}, {'begin': '20220615T221500', 'end': '20220615T235900'}, {'begin': '20220614T221500', 'end': '20220614T235900'}, {'begin': '20220616T221500', 'end': '20220616T235900'}, {'begin': '20220216T000100', 'end': '20220216T040000'}, {'begin': '20220202T000100', 'end': '20220202T040000'}, {'begin': '20220627T221500', 'end': '20220627T235900'}, {'begin': '20220622T221500', 'end': '20220622T235900'}, {'begin': '20220623T221500', 'end': '20220623T235900'}, {'begin': '20220629T221500', 'end': '20220629T235900'}, {'begin': '20220628T221500', 'end': '20220628T235900'}, {'begin': '20220630T221500', 'end': '20220630T235900'}, {'begin': '20220209T000100', 'end': '20220209T040000'}, {'begin': '20220207T000100', 'end': '20220207T040000'}, {'begin': '20220203T000100', 'end': '20220203T040000'}, {'begin': '20220208T000100', 'end': '20220208T040000'}, {'begin': '20220215T000100', 'end': '20220215T040000'}, {'begin': '20220210T000100', 'end': '20220210T040000'}, {'begin': '20220214T000100', 'end': '20220214T040000'}, {'begin': '20220609T000100', 'end': '20220609T040000'}, {'begin': '20220414T000100', 'end': '20220414T040000'}, {'begin': '20220317T000100', 'end': '20220317T040000'}, {'begin': '20220303T000100', 'end': '20220303T040000'}, {'begin': '20220224T000100', 'end': '20220224T040000'}, {'begin': '20220222T000100', 'end': '20220222T040000'}, {'begin': '20220223T000100', 'end': '20220223T040000'}, {'begin': '20220301T000100', 'end': '20220301T040000'}, {'begin': '20220228T000100', 'end': '20220228T040000'}, {'begin': '20220302T000100', 'end': '20220302T040000'}, {'begin': '20220310T000100', 'end': '20220310T040000'}, {'begin': '20220308T000100', 'end': '20220308T040000'}, {'begin': '20220307T000100', 'end': '20220307T040000'}, {'begin': '20220309T000100', 'end': '20220309T040000'}, {'begin': '20220316T000100', 'end': '20220316T040000'}, {'begin': '20220314T000100', 'end': '20220314T040000'}, {'begin': '20220315T000100', 'end': '20220315T040000'}, {'begin': '20220331T000100', 'end': '20220331T040000'}, {'begin': '20220324T000100', 'end': '20220324T040000'}, {'begin': '20220322T000100', 'end': '20220322T040000'}, {'begin': '20220321T000100', 'end': '20220321T040000'}, {'begin': '20220323T000100', 'end': '20220323T040000'}, {'begin': '20220330T000100', 'end': '20220330T040000'}, {'begin': '20220328T000100', 'end': '20220328T040000'}, {'begin': '20220329T000100', 'end': '20220329T040000'}, {'begin': '20220413T000100', 'end': '20220413T040000'}, {'begin': '20220406T000100', 'end': '20220406T040000'}, {'begin': '20220404T000100', 'end': '20220404T040000'}, {'begin': '20220405T000100', 'end': '20220405T040000'}, {'begin': '20220411T000100', 'end': '20220411T040000'}, {'begin': '20220407T000100', 'end': '20220407T040000'}, {'begin': '20220412T000100', 'end': '20220412T040000'}, {'begin': '20220512T000100', 'end': '20220512T040000'}, {'begin': '20220428T000100', 'end': '20220428T040000'}, {'begin': '20220421T000100', 'end': '20220421T040000'}, {'begin': '20220419T000100', 'end': '20220419T040000'}, {'begin': '20220418T000100', 'end': '20220418T040000'}, {'begin': '20220420T000100', 'end': '20220420T040000'}, {'begin': '20220427T000100', 'end': '20220427T040000'}, {'begin': '20220425T000100', 'end': '20220425T040000'}, {'begin': '20220426T000100', 'end': '20220426T040000'}, {'begin': '20220511T000100', 'end': '20220511T040000'}, {'begin': '20220504T000100', 'end': '20220504T040000'}, {'begin': '20220502T000100', 'end': '20220502T040000'}, {'begin': '20220503T000100', 'end': '20220503T040000'}, {'begin': '20220509T000100', 'end': '20220509T040000'}, {'begin': '20220505T000100', 'end': '20220505T040000'}, {'begin': '20220510T000100', 'end': '20220510T040000'}, {'begin': '20220608T000100', 'end': '20220608T040000'}, {'begin': '20220525T000100', 'end': '20220525T040000'}, {'begin': '20220518T000100', 'end': '20220518T040000'}, {'begin': '20220516T000100', 'end': '20220516T040000'}, {'begin': '20220517T000100', 'end': '20220517T040000'}, {'begin': '20220523T000100', 'end': '20220523T040000'}, {'begin': '20220519T000100', 'end': '20220519T040000'}, {'begin': '20220524T000100', 'end': '20220524T040000'}, {'begin': '20220601T000100', 'end': '20220601T040000'}, {'begin': '20220530T000100', 'end': '20220530T040000'}, {'begin': '20220526T000100', 'end': '20220526T040000'}, {'begin': '20220531T000100', 'end': '20220531T040000'}, {'begin': '20220607T000100', 'end': '20220607T040000'}, {'begin': '20220602T000100', 'end': '20220602T040000'}, {'begin': '20220606T000100', 'end': '20220606T040000'}, {'begin': '20220623T000100', 'end': '20220623T040000'}, {'begin': '20220616T000100', 'end': '20220616T040000'}, {'begin': '20220614T000100', 'end': '20220614T040000'}, {'begin': '20220613T000100', 'end': '20220613T040000'}, {'begin': '20220615T000100', 'end': '20220615T040000'}, {'begin': '20220622T000100', 'end': '20220622T040000'}, {'begin': '20220620T000100', 'end': '20220620T040000'}, {'begin': '20220621T000100', 'end': '20220621T040000'}, {'begin': '20220629T000100', 'end': '20220629T040000'}, {'begin': '20220627T000100', 'end': '20220627T040000'}, {'begin': '20220628T000100', 'end': '20220628T040000'}, {'begin': '20220630T000100', 'end': '20220630T040000'}];9c479a78-8405-11ec-8115-005056a44da2;"['Métro 4, trafic interrompu du 3 Janvier au 30 Juin.', '<p>Le trafic est interrompu sur l\'ensemble de la ligne, du 3 janvier au 30 juin inclus, du lundi au jeudi uniquement, de 22h15 à fin de service.</p><p>Pour plus d\'informations,&nbsp;<a href=""https://www.ratp.fr/sites/default/files/inline-files/M4_Fermeture-2021_SP-07_6000x1000_HD_2.pdf"" target=""_blank"">cliquez ici. </a></p>']";20220202T095337;9c479a78-8405-11ec-8115-005056a44da2;[{'pt_object': {'embedded_type': 'line', 'line': {'code': '4', 'name': 'Mairie de Montrouge - Porte de Clignancourt', 'links': [], 'color': 'CF009E', 'geojson': {'type': 'MultiLineString', 'coordinates': []}, 'text_color': 'FFFFFF', 'physical_modes': [{'id': 'physical_mode:Metro', 'name': 'Métro'}], 'codes': [{'type': 'Netex_PrivateCode', 'value': '100110004'}, {'type': 'source', 'value': 'FR1:Line:C01374:'}], 'closing_time': '021500', 'opening_time': '053000', 'commercial_mode': {'id': 'commercial_mode:Metro', 'name': 'Métro'}, 'id': 'line:IDFM:C01374'}, 'quality': 0, 'name': 'RATP Métro 4', 'id': 'line:IDFM:C01374'}}];9c479a78-8405-11ec-8115-005056a44da2;9c469a4c-8405-11ec-8115-005056a44da2;shortterm.tr_idfm;perturbation;9c469a4c-8405-11ec-8115-005056a44da2;['line'];['4', ''];['Mairie de Montrouge - Porte de Clignancourt', ''];[[{'id': 'physical_mode:Metro', 'name': 'Métro'}], ''];[''];[''];[''];[''];[{'week_pattern': {'monday': True, 'tuesday': True, 'friday': False, 'wednesday': True, 'thursday': True, 'sunday': False, 'saturday': False}, 'application_period': {'begin': '20220202', 'end': '20220701'}, 'time_slots': [{'begin': '000100', 'end': '040000'}, {'begin': '221500', 'end': '235900'}]}]
future;Incidents;#EF662F;30;perturbée;SIGNIFICANT_DELAYS;['Actualité'];[{'begin': '20220213T050000', 'end': '20220213T120000'}, {'begin': '20220417T050000', 'end': '20220417T120000'}, {'begin': '20220206T050000', 'end': '20220206T120000'}, {'begin': '20220410T050000', 'end': '20220410T120000'}, {'begin': '20220403T050000', 'end': '20220403T120000'}, {'begin': '20220306T050000', 'end': '20220306T120000'}, {'begin': '20220220T050000', 'end': '20220220T120000'}, {'begin': '20220227T050000', 'end': '20220227T120000'}, {'begin': '20220327T050000', 'end': '20220327T120000'}, {'begin': '20220605T050000', 'end': '20220605T120000'}, {'begin': '20220508T050000', 'end': '20220508T120000'}, {'begin': '20220424T050000', 'end': '20220424T120000'}, {'begin': '20220501T050000', 'end': '20220501T120000'}, {'begin': '20220529T050000', 'end': '20220529T120000'}, {'begin': '20220626T050000', 'end': '20220626T120000'}, {'begin': '20220612T050000', 'end': '20220612T120000'}, {'begin': '20220619T050000', 'end': '20220619T120000'}, {'begin': '20220515T050000', 'end': '20220515T120000'}, {'begin': '20220522T050000', 'end': '20220522T120000'}, {'begin': '20220320T050000', 'end': '20220320T120000'}, {'begin': '20220313T050000', 'end': '20220313T120000'}];0c8338b4-8411-11ec-8115-005056a44da2;"['Métro 4, trafic interrompu.', '<p>En raison de travaux, le trafic est interrompu sur l\'ensemble de la ligne, du 9 janvier au 26 juin inclus, de 5h00 jusqu\'à 12h00 uniquement les dimanches (sauf les dimanches 17/04, 01/05, 08/05 et le 05/06, où le trafic n\'est pas interrompu).</p><p>Pour plus d’information,&nbsp;<a href=""https://www.ratp.fr/infos-trafic/metro/4#container"" target=""_blank"">cliquez ici. </a></p>']";20220202T111530;0c8338b4-8411-11ec-8115-005056a44da2;[{'pt_object': {'embedded_type': 'line', 'line': {'code': '4', 'name': 'Mairie de Montrouge - Porte de Clignancourt', 'links': [], 'color': 'CF009E', 'geojson': {'type': 'MultiLineString', 'coordinates': []}, 'text_color': 'FFFFFF', 'physical_modes': [{'id': 'physical_mode:Metro', 'name': 'Métro'}], 'codes': [{'type': 'Netex_PrivateCode', 'value': '100110004'}, {'type': 'source', 'value': 'FR1:Line:C01374:'}], 'closing_time': '021500', 'opening_time': '053000', 'commercial_mode': {'id': 'commercial_mode:Metro', 'name': 'Métro'}, 'id': 'line:IDFM:C01374'}, 'quality': 0, 'name': 'RATP Métro 4', 'id': 'line:IDFM:C01374'}}];0c8338b4-8411-11ec-8115-005056a44da2;0c827226-8411-11ec-8115-005056a44da2;shortterm.tr_idfm;perturbation;0c827226-8411-11ec-8115-005056a44da2;['line'];['4', ''];['Mairie de Montrouge - Porte de Clignancourt', ''];[[{'id': 'physical_mode:Metro', 'name': 'Métro'}], ''];[''];[''];[''];[''];[{'week_pattern': {'monday': False, 'tuesday': False, 'friday': False, 'wednesday': False, 'thursday': False, 'sunday': True, 'saturday': False}, 'application_period': {'begin': '20220202', 'end': '20220626'}, 'time_slots': [{'begin': '050000', 'end': '120000'}]}]
active;Incidents;#EF662F;30;perturbée;SIGNIFICANT_DELAYS;['Ascenseur'];[{'begin': '20220311T081204', 'end': '20230311T081204'}];8e386738-a10a-11ec-bfd9-005056a47b86;"[""Panne d'un ascenseur"", ""LA DEFENSE Panne de l'ascenseur situé Souterrain <> Quais 2 - 4, direction Paris / La Verrière, jusqu'au 2022-06-20"", ""LA DEFENSE Panne de l'ascenseur situé Souterrain <> Quais 2 - 4, direction Paris / La Verrière, jusqu'au 2022-06-20"", ""LA DEFENSE Panne ascenseur jusqu'au 2022-06-20 situé Souterrain <> Quais 2 - 4, dir. Paris / La Verrière""]";20220311T081205;8e386738-a10a-11ec-bfd9-005056a47b86;[{'pt_object': {'embedded_type': 'stop_area', 'stop_area': {'codes': [{'type': 'source', 'value': 'FR::multimodalStopPlace:71517:FR1'}], 'name': 'La Défense', 'links': [], 'coord': {'lat': '48.891609', 'lon': '2.239151'}, 'label': 'La Défense (Puteaux)', 'timezone': 'Europe/Paris', 'id': 'stop_area:IDFM:71517'}, 'quality': 0, 'name': 'La Défense (Puteaux)', 'id': 'stop_area:IDFM:71517'}}];8e386738-a10a-11ec-bfd9-005056a47b86;8e37a42e-a10a-11ec-bfd9-005056a47b86;shortterm.tr_idfm;perturbation;8e37a42e-a10a-11ec-bfd9-005056a47b86;['stop_area'];[''];[''];[''];[''];['FR::multimodalStopPlace:71517:FR1'];['La Défense'];['La Défense (Puteaux)'];
active;Incidents;#EF662F;30;perturbée;SIGNIFICANT_DELAYS;['Actualité'];[{'begin': '20220503T030235', 'end': '20220606T034500'}];af07b9aa-cb8a-11ec-96c6-005056a47b86;"['Métro 13 : Travaux (non précisé) - Station / Gare fermée, correspondance non assurée', ""<p>Jusqu'au dimanche 5 juin, la station Châtillon − Montrouge est fermée au public. Les trains de la ligne 13 ont pour terminus Malakoff - Rue Etienne-Dolet.<br><a href='http://www.ratp.fr'>Plus d'informations sur le site ratp.fr</a></p>"", 'Métro 13 : Travaux (non précisé) - Station / Gare fermée, correspondance non assurée', ""<p>Jusqu'au dimanche 5 juin, la station Châtillon − Montrouge est fermée au public. Les trains de la ligne 13 ont pour terminus Malakoff - Rue Etienne-Dolet.<br><a href='http://www.ratp.fr'>Plus d'informations sur le site ratp.fr</a></p>""]";20220504T111504;af07b9aa-cb8a-11ec-96c6-005056a47b86;[{'pt_object': {'embedded_type': 'line', 'line': {'code': '13', 'name': 'Châtillon-Montrouge - Saint-Denis - Université', 'links': [], 'color': '6EC4E8', 'geojson': {'type': 'MultiLineString', 'coordinates': []}, 'text_color': '000000', 'physical_modes': [{'id': 'physical_mode:Metro', 'name': 'Métro'}], 'codes': [{'type': 'Netex_PrivateCode', 'value': '100110013'}, {'type': 'source', 'value': 'FR1:Line:C01383:'}], 'closing_time': '021500', 'opening_time': '053000', 'commercial_mode': {'id': 'commercial_mode:Metro', 'name': 'Métro'}, 'id': 'line:IDFM:C01383'}, 'quality': 0, 'name': 'RATP Métro 13', 'id': 'line:IDFM:C01383'}}];af07b9aa-cb8a-11ec-96c6-005056a47b86;af05fe94-cb8a-11ec-96c6-005056a47b86;shortterm.tr_idfm;travaux;af05fe94-cb8a-11ec-96c6-005056a47b86;['line'];['13', ''];['Châtillon-Montrouge - Saint-Denis - Université', ''];[[{'id': 'physical_mode:Metro', 'name': 'Métro'}], ''];[''];[''];[''];[''];
active;Incidents;#EF662F;30;perturbée;SIGNIFICANT_DELAYS;['Ascenseur'];[{'begin': '20220510T141137', 'end': '20230510T141137'}];5754890c-d05a-11ec-b361-005056a44da2;"[""Panne d'un ascenseur"", ""ST DENIS UNIVERSITE Panne de l'ascenseur situé Salle d échange - Quai, direction Sortie Uniquement, jusqu'au 2022-06-06"", ""ST DENIS UNIVERSITE Panne de l'ascenseur situé Salle d échange - Quai, direction Sortie Uniquement, jusqu'au 2022-06-06"", ""ST DENIS UNIVERSITE Panne ascenseur jusqu'au 2022-06-06 situé Salle d échange - Quai, dir. Sortie Uniquement""]";20220510T141137;5754890c-d05a-11ec-b361-005056a44da2;[{'pt_object': {'embedded_type': 'stop_area', 'stop_area': {'codes': [{'type': 'source', 'value': 'FR::multimodalStopPlace:72358:FR1'}], 'name': 'Saint-Denis - Université', 'links': [], 'coord': {'lat': '48.946196', 'lon': '2.364518'}, 'label': 'Saint-Denis - Université (Saint-Denis)', 'timezone': 'Europe/Paris', 'id': 'stop_area:IDFM:72358'}, 'quality': 0, 'name': 'Saint-Denis - Université (Saint-Denis)', 'id': 'stop_area:IDFM:72358'}}];5754890c-d05a-11ec-b361-005056a44da2;5753d0e8-d05a-11ec-b361-005056a44da2;shortterm.tr_idfm;perturbation;5753d0e8-d05a-11ec-b361-005056a44da2;['stop_area'];[''];[''];[''];[''];['FR::multimodalStopPlace:72358:FR1'];['Saint-Denis - Université'];['Saint-Denis - Université (Saint-Denis)'];
future;Incidents;#EF662F;30;perturbée;SIGNIFICANT_DELAYS;['Actualité'];[{'begin': '20220528T100000', 'end': '20220529T034500'}];a632e206-dc41-11ec-842d-005056a44da2;"['RER A : Sport et Spectacle - Trafic normal - Métro 1 : Sport et Spectacle - Trafic normal', ""<p>UEFA CHAMPIONS LEAGUE to go to Stade de France (people with match ticket) take RER lines B, D, Metro 12. More info on Fan Meeting Points (people without match ticket)onRATP.fr<br><a href='http://www.ratp.fr'>Plus d'informations sur le site ratp.fr</a></p>"", 'RER A : Sport et Spectacle - Trafic normal - Métro 1 : Sport et Spectacle - Trafic normal']";20220525T174506;a632e206-dc41-11ec-842d-005056a44da2;[{'pt_object': {'embedded_type': 'line', 'line': {'code': 'A', 'name': 'A', 'links': [], 'color': 'F7403A', 'geojson': {'type': 'MultiLineString', 'coordinates': []}, 'text_color': 'FFFFFF', 'physical_modes': [{'id': 'physical_mode:RapidTransit', 'name': 'RER'}], 'codes': [{'type': 'Netex_PrivateCode', 'value': '810801041'}, {'type': 'osm_company', 'value': 'RATP/SNCF'}, {'type': 'osm_line_id', 'value': 'relation:2333448'}, {'type': 'osm_network', 'value': 'RER'}, {'type': 'source', 'value': 'FR1:Line:C01742:'}], 'closing_time': '235959', 'opening_time': '000000', 'commercial_mode': {'id': 'commercial_mode:RapidTransit', 'name': 'RER'}, 'id': 'line:IDFM:C01742'}, 'quality': 0, 'name': 'RER A', 'id': 'line:IDFM:C01742'}}, {'pt_object': {'embedded_type': 'line', 'line': {'code': '1', 'name': 'Château de Vincennes - La Défense (Grande Arche)', 'links': [], 'color': 'FFCD00', 'geojson': {'type': 'MultiLineString', 'coordinates': []}, 'text_color': '000000', 'physical_modes': [{'id': 'physical_mode:Metro', 'name': 'Métro'}], 'codes': [{'type': 'Netex_PrivateCode', 'value': '100110001'}, {'type': 'source', 'value': 'FR1:Line:C01371:'}], 'closing_time': '021500', 'opening_time': '053000', 'commercial_mode': {'id': 'commercial_mode:Metro', 'name': 'Métro'}, 'id': 'line:IDFM:C01371'}, 'quality': 0, 'name': 'RATP Métro 1', 'id': 'line:IDFM:C01371'}}];a632e206-dc41-11ec-842d-005056a44da2;85e10480-db63-11ec-a888-005056a44da2;shortterm.tr_idfm;perturbation;85e10480-db63-11ec-a888-005056a44da2;['line', 'line'];['A', '', '1', ''];['A', '', 'Château de Vincennes - La Défense (Grande Arche)', ''];[[{'id': 'physical_mode:RapidTransit', 'name': 'RER'}], '', [{'id': 'physical_mode:Metro', 'name': 'Métro'}], ''];['', ''];['', ''];['', ''];['', ''];
active;Incidents;#EF662F;30;perturbée;SIGNIFICANT_DELAYS;['Actualité'];[{'begin': '20220526T021616', 'end': '20220527T035518'}];97fcebbc-dc89-11ec-8444-005056a47b86;"['Métro 12 : Personnes sur les voies - Reprise progressive du trafic', ""<p>Entre Mairie d’Issy et Montparnasse-B. trafic interrompu en raison de personnes sur les voies. Reprise estimée vers 02:30<br><a href='http://www.ratp.fr'>Plus d'informations sur le site ratp.fr</a></p>"", 'Métro 12 : Personnes sur les voies - Reprise progressive du trafic', ""<p>Entre Mairie d’Issy et Montparnasse-B. trafic interrompu en raison de personnes sur les voies. Reprise estimée vers 02:30<br><a href='http://www.ratp.fr'>Plus d'informations sur le site ratp.fr</a></p>""]";20220526T022006;97fcebbc-dc89-11ec-8444-005056a47b86;"[{'pt_object': {'embedded_type': 'line', 'line': {'code': '12', 'name': ""Front Populaire - Proudhon / Gardinoux - Mairie d'Issy"", 'links': [], 'color': '007852', 'geojson': {'type': 'MultiLineString', 'coordinates': []}, 'text_color': 'FFFFFF', 'physical_modes': [{'id': 'physical_mode:Metro', 'name': 'Métro'}], 'codes': [{'type': 'Netex_PrivateCode', 'value': '100110012'}, {'type': 'source', 'value': 'FR1:Line:C01382:'}], 'closing_time': '021500', 'opening_time': '053000', 'commercial_mode': {'id': 'commercial_mode:Metro', 'name': 'Métro'}, 'id': 'line:IDFM:C01382'}, 'quality': 0, 'name': 'RATP Métro 12', 'id': 'line:IDFM:C01382'}}]";97fcebbc-dc89-11ec-8444-005056a47b86;97fc071a-dc89-11ec-8444-005056a47b86;shortterm.tr_idfm;perturbation;97fc071a-dc89-11ec-8444-005056a47b86;['line'];['12', ''];"[""Front Populaire - Proudhon / Gardinoux - Mairie d'Issy"", '']";[[{'id': 'physical_mode:Metro', 'name': 'Métro'}], ''];[''];[''];[''];[''];
