code;network__codes;network__id;network__links;network__name;links;color;routes;geojson__type;geojson__coordinates;text_color;physical_modes;codes;closing_time;opening_time;commercial_mode__id;commercial_mode__name;id;name;nb_routes;direction_ids;direction_names;stop_areas_ids;stop_areas_names;is_frequence;direction_types
1;[{'type': 'source', 'value': 'FR1:Operator:100:LOC'}];network:IDFM:Operator_100;[];RATP;[];FFCD00;[{'direction': {'embedded_type': 'stop_area', 'stop_area': {'codes': [{'type': 'source', 'value': 'FR::multimodalStopPlace:71517:FR1'}], 'name': 'La Défense', 'links': [{'internal': True, 'type': 'disruption', 'id': 'd5d32104-fbc4-11ec-a905-005056a47b86', 'rel': 'disruptions', 'templated': False}, {'internal': True, 'type': 'disruption', 'id': 'b37c274a-fcce-11eb-a7c5-005056a44da2', 'rel': 'disruptions', 'templated': False}, {'internal': True, 'type': 'disruption', 'id': 'e7df7e7a-f8e0-11eb-8901-005056a47b86', 'rel': 'disruptions', 'templated': False}], 'coord': {'lat': '48.891609', 'lon': '2.239144'}, 'label': 'La Défense (Puteaux)', 'timezone': 'Europe/Paris', 'id': 'stop_area:IDFM:71517'}, 'quality': 0, 'name': 'La Défense (Puteaux)', 'id': 'stop_area:IDFM:71517'}, 'codes': [{'type': 'Netex_ServiceJourneyPattern', 'value': 'RATP:ServiceJourneyPattern:544-C01371-1078871:LOC'}, {'type': 'Netex_ServiceJourneyPattern', 'value': 'RATP:ServiceJourneyPattern:544-C01371-955494:LOC'}, {'type': 'Netex_ServiceJourneyPattern', 'value': 'RATP:ServiceJourneyPattern:544-C01371-955495:LOC'}, {'type': 'Netex_ServiceJourneyPattern', 'value': 'RATP:ServiceJourneyPattern:544-C01371-955496:LOC'}, {'type': 'source', 'value': 'RATP:Route:544-C01371-2444058:LOC'}], 'name': 'Château de Vincennes - La Défense', 'links': [], 'is_frequence': 'False', 'geojson': {'type': 'MultiLineString', 'coordinates': []}, 'direction_type': 'outbound', 'id': 'route:IDFM:RATP:544-C01371-2444058'}, {'direction': {'embedded_type': 'stop_area', 'stop_area': {'codes': [{'type': 'source', 'value': 'FR::multimodalStopPlace:71634:FR1'}], 'name': 'Château de Vincennes', 'links': [], 'coord': {'lat': '48.844093', 'lon': '2.440638'}, 'label': 'Château de Vincennes (Paris)', 'timezone': 'Europe/Paris', 'id': 'stop_area:IDFM:71634'}, 'quality': 0, 'name': 'Château de Vincennes (Paris)', 'id': 'stop_area:IDFM:71634'}, 'codes': [{'type': 'Netex_ServiceJourneyPattern', 'value': 'RATP:ServiceJourneyPattern:544-C01371-1078872:LOC'}, {'type': 'Netex_ServiceJourneyPattern', 'value': 'RATP:ServiceJourneyPattern:544-C01371-1955125:LOC'}, {'type': 'source', 'value': 'RATP:Route:544-C01371-2444059:LOC'}], 'name': 'La Défense - Château de Vincennes', 'links': [], 'is_frequence': 'False', 'geojson': {'type': 'MultiLineString', 'coordinates': []}, 'direction_type': 'inbound', 'id': 'route:IDFM:RATP:544-C01371-2444059'}];MultiLineString;[];000000;[{'id': 'physical_mode:Metro', 'name': 'Métro'}];[{'type': 'Netex_PrivateCode', 'value': '100110001'}, {'type': 'source', 'value': 'FR1:Line:C01371:'}];021500;053000;commercial_mode:Metro;Métro;line:IDFM:C01371;Château de Vincennes - La Défense (Grande Arche);2;['route:IDFM:RATP:544-C01371-2444058', 'route:IDFM:RATP:544-C01371-2444059'];['Château de Vincennes - La Défense', 'La Défense - Château de Vincennes'];['stop_area:IDFM:71517', 'stop_area:IDFM:71634'];['La Défense', 'Château de Vincennes'];['False', 'False'];['outbound', 'inbound']
2;[{'type': 'source', 'value': 'FR1:Operator:100:LOC'}];network:IDFM:Operator_100;[];RATP;[{'internal': True, 'type': 'disruption', 'id': 'fefd07b6-fc8c-11ec-9a4e-005056a47b86', 'rel': 'disruptions', 'templated': False}];003CA6;[{'direction': {'embedded_type': 'stop_area', 'stop_area': {'codes': [{'type': 'source', 'value': 'FR::multimodalStopPlace:474152:FR1'}], 'name': 'Porte Dauphine', 'links': [], 'coord': {'lat': '48.871139', 'lon': '2.276146'}, 'label': 'Porte Dauphine (Paris)', 'timezone': 'Europe/Paris', 'id': 'stop_area:IDFM:474152'}, 'quality': 0, 'name': 'Porte Dauphine (Paris)', 'id': 'stop_area:IDFM:474152'}, 'codes': [{'type': 'Netex_ServiceJourneyPattern', 'value': 'RATP:ServiceJourneyPattern:32414-C01372-912332:LOC'}, {'type': 'Netex_ServiceJourneyPattern', 'value': 'RATP:ServiceJourneyPattern:32414-C01372-912333:LOC'}, {'type': 'Netex_ServiceJourneyPattern', 'value': 'RATP:ServiceJourneyPattern:545-C01372-2203126:LOC'}, {'type': 'Netex_ServiceJourneyPattern', 'value': 'RATP:ServiceJourneyPattern:545-C01372-912327:LOC'}, {'type': 'Netex_ServiceJourneyPattern', 'value': 'RATP:ServiceJourneyPattern:545-C01372-912328:LOC'}, {'type': 'Netex_ServiceJourneyPattern', 'value': 'RATP:ServiceJourneyPattern:545-C01372-912329:LOC'}, {'type': 'Netex_ServiceJourneyPattern', 'value': 'RATP:ServiceJourneyPattern:545-C01372-912331:LOC'}, {'type': 'Netex_ServiceJourneyPattern', 'value': 'RATP:ServiceJourneyPattern:545-C01372-912348:LOC'}, {'type': 'Netex_ServiceJourneyPattern', 'value': 'RATP:ServiceJourneyPattern:545-C01372-95483:LOC'}, {'type': 'source', 'value': 'RATP:Route:545-C01372-2444060:LOC'}], 'name': 'Nation - Porte Dauphine', 'links': [], 'is_frequence': 'False', 'geojson': {'type': 'MultiLineString', 'coordinates': []}, 'direction_type': 'outbound', 'id': 'route:IDFM:RATP:545-C01372-2444060'}, {'direction': {'embedded_type': 'stop_area', 'stop_area': {'codes': [{'type': 'source', 'value': 'FR::multimodalStopPlace:71673:FR1'}], 'name': 'Nation', 'links': [], 'coord': {'lat': '48.848747', 'lon': '2.396334'}, 'label': 'Nation (Paris)', 'timezone': 'Europe/Paris', 'id': 'stop_area:IDFM:71673'}, 'quality': 0, 'name': 'Nation (Paris)', 'id': 'stop_area:IDFM:71673'}, 'codes': [{'type': 'Netex_ServiceJourneyPattern', 'value': 'RATP:ServiceJourneyPattern:545-C01372-912324:LOC'}, {'type': 'Netex_ServiceJourneyPattern', 'value': 'RATP:ServiceJourneyPattern:545-C01372-912325:LOC'}, {'type': 'Netex_ServiceJourneyPattern', 'value': 'RATP:ServiceJourneyPattern:545-C01372-912326:LOC'}, {'type': 'Netex_ServiceJourneyPattern', 'value': 'RATP:ServiceJourneyPattern:545-C01372-95484:LOC'}, {'type': 'source', 'value': 'RATP:Route:545-C01372-2444061:LOC'}], 'name': 'Porte Dauphine - Nation', 'links': [], 'is_frequence': 'False', 'geojson': {'type': 'MultiLineString', 'coordinates': []}, 'direction_type': 'inbound', 'id': 'route:IDFM:RATP:545-C01372-2444061'}];MultiLineString;[];FFFFFF;[{'id': 'physical_mode:Metro', 'name': 'Métro'}];[{'type': 'Netex_PrivateCode', 'value': '100110002'}, {'type': 'source', 'value': 'FR1:Line:C01372:'}];021500;052900;commercial_mode:Metro;Métro;line:IDFM:C01372;Porte Dauphine - Nation;2;['route:IDFM:RATP:545-C01372-2444060', 'route:IDFM:RATP:545-C01372-2444061'];['Nation - Porte Dauphine', 'Porte Dauphine - Nation'];['stop_area:IDFM:474152', 'stop_area:IDFM:71673'];['Porte Dauphine', 'Nation'];['False', 'False'];['outbound', 'inbound']
3;[{'type': 'source', 'value': 'FR1:Operator:100:LOC'}];network:IDFM:Operator_100;[];RATP;[{'internal': True, 'type': 'disruption', 'id': 'd9ccc148-fc73-11ec-955b-005056a44da2', 'rel': 'disruptions', 'templated': False}];837902;[{'direction': {'embedded_type': 'stop_area', 'stop_area': {'codes': [{'type': 'source', 'value': 'FR::multimodalStopPlace:72057:FR1'}], 'name': 'Pont de Levallois - Bécon', 'links': [], 'coord': {'lat': '48.897255', 'lon': '2.28022'}, 'label': 'Pont de Levallois - Bécon (Levallois-Perret)', 'timezone': 'Europe/Paris', 'id': 'stop_area:IDFM:72057'}, 'quality': 0, 'name': 'Pont de Levallois - Bécon (Levallois-Perret)', 'id': 'stop_area:IDFM:72057'}, 'codes': [{'type': 'Netex_ServiceJourneyPattern', 'value': 'RATP:ServiceJourneyPattern:551-C01373-912352:LOC'}, {'type': 'Netex_ServiceJourneyPattern', 'value': 'RATP:ServiceJourneyPattern:551-C01373-95500:LOC'}, {'type': 'source', 'value': 'RATP:Route:551-C01373-2278427:LOC'}], 'name': 'Gallieni - Pont de Levallois-Bécon', 'links': [], 'is_frequence': 'False', 'geojson': {'type': 'MultiLineString', 'coordinates': []}, 'direction_type': 'outbound', 'id': 'route:IDFM:RATP:551-C01373-2278427'}, {'direction': {'embedded_type': 'stop_area', 'stop_area': {'codes': [{'type': 'source', 'value': 'FR::multimodalStopPlace:71817:FR1'}], 'name': 'Gallieni', 'links': [], 'coord': {'lat': '48.864988', 'lon': '2.416699'}, 'label': 'Gallieni (Bagnolet)', 'timezone': 'Europe/Paris', 'id': 'stop_area:IDFM:71817'}, 'quality': 0, 'name': 'Gallieni (Bagnolet)', 'id': 'stop_area:IDFM:71817'}, 'codes': [{'type': 'Netex_ServiceJourneyPattern', 'value': 'RATP:ServiceJourneyPattern:551-C01373-912353:LOC'}, {'type': 'Netex_ServiceJourneyPattern', 'value': 'RATP:ServiceJourneyPattern:551-C01373-912354:LOC'}, {'type': 'source', 'value': 'RATP:Route:551-C01373-2278428:LOC'}], 'name': 'Pont de Levallois-Bécon - Gallieni', 'links': [], 'is_frequence': 'False', 'geojson': {'type': 'MultiLineString', 'coordinates': []}, 'direction_type': 'inbound', 'id': 'route:IDFM:RATP:551-C01373-2278428'}];MultiLineString;[];FFFFFF;[{'id': 'physical_mode:Metro', 'name': 'Métro'}];[{'type': 'Netex_PrivateCode', 'value': '100110003'}, {'type': 'source', 'value': 'FR1:Line:C01373:'}];021500;053000;commercial_mode:Metro;Métro;line:IDFM:C01373;Pont de Levallois - Bécon - Gallieni;2;['route:IDFM:RATP:551-C01373-2278427', 'route:IDFM:RATP:551-C01373-2278428'];['Gallieni - Pont de Levallois-Bécon', 'Pont de Levallois-Bécon - Gallieni'];['stop_area:IDFM:72057', 'stop_area:IDFM:71817'];['Pont de Levallois - Bécon', 'Gallieni'];['False', 'False'];['outbound', 'inbound']
3B;[{'type': 'source', 'value': 'FR1:Operator:100:LOC'}];network:IDFM:Operator_100;[];RATP;[];6EC4E8;[{'direction': {'embedded_type': 'stop_area', 'stop_area': {'codes': [{'type': 'source', 'value': 'FR::multimodalStopPlace:71808:FR1'}], 'name': 'Gambetta', 'links': [], 'coord': {'lat': '48.865024', 'lon': '2.398681'}, 'label': 'Gambetta (Paris)', 'timezone': 'Europe/Paris', 'id': 'stop_area:IDFM:71808'}, 'quality': 0, 'name': 'Gambetta (Paris)', 'id': 'stop_area:IDFM:71808'}, 'codes': [{'type': 'Netex_ServiceJourneyPattern', 'value': 'RATP:ServiceJourneyPattern:558-C01386-651521:LOC'}, {'type': 'source', 'value': 'RATP:Route:558-C01386-2278429:LOC'}], 'name': 'Aller Gambetta', 'links': [], 'is_frequence': 'False', 'geojson': {'type': 'MultiLineString', 'coordinates': []}, 'direction_type': 'outbound', 'id': 'route:IDFM:RATP:558-C01386-2278429'}, {'direction': {'embedded_type': 'stop_area', 'stop_area': {'codes': [{'type': 'source', 'value': 'FR::multimodalStopPlace:71889:FR1'}], 'name': 'Porte des Lilas', 'links': [], 'coord': {'lat': '48.877087', 'lon': '2.408215'}, 'label': 'Porte des Lilas (Paris)', 'timezone': 'Europe/Paris', 'id': 'stop_area:IDFM:71889'}, 'quality': 0, 'name': 'Porte des Lilas (Paris)', 'id': 'stop_area:IDFM:71889'}, 'codes': [{'type': 'Netex_ServiceJourneyPattern', 'value': 'RATP:ServiceJourneyPattern:558-C01386-651522:LOC'}, {'type': 'source', 'value': 'RATP:Route:558-C01386-2278430:LOC'}], 'name': 'Retour Porte des Lilas', 'links': [], 'is_frequence': 'False', 'geojson': {'type': 'MultiLineString', 'coordinates': []}, 'direction_type': 'inbound', 'id': 'route:IDFM:RATP:558-C01386-2278430'}];MultiLineString;[];000000;[{'id': 'physical_mode:Metro', 'name': 'Métro'}];[{'type': 'Netex_PrivateCode', 'value': '100110103'}, {'type': 'source', 'value': 'FR1:Line:C01386:'}];021500;052700;commercial_mode:Metro;Métro;line:IDFM:C01386;Gambetta - Porte des Lilas;2;['route:IDFM:RATP:558-C01386-2278429', 'route:IDFM:RATP:558-C01386-2278430'];['Aller Gambetta', 'Retour Porte des Lilas'];['stop_area:IDFM:71808', 'stop_area:IDFM:71889'];['Gambetta', 'Porte des Lilas'];['False', 'False'];['outbound', 'inbound']
4;[{'type': 'source', 'value': 'FR1:Operator:100:LOC'}];network:IDFM:Operator_100;[];RATP;[{'internal': True, 'type': 'disruption', 'id': 'daf1c5ba-ecb4-11ec-bf44-005056a44da2', 'rel': 'disruptions', 'templated': False}, {'internal': True, 'type': 'disruption', 'id': '14976122-c225-11ec-8cf0-005056a47b86', 'rel': 'disruptions', 'templated': False}, {'internal': True, 'type': 'disruption', 'id': 'b57c86a8-cb8a-11ec-aaf3-005056a44da2', 'rel': 'disruptions', 'templated': False}, {'internal': True, 'type': 'disruption', 'id': 'fefc90e2-fc8c-11ec-bc34-005056a44da2', 'rel': 'disruptions', 'templated': False}, {'internal': True, 'type': 'disruption', 'id': 'fefdc57a-fc8c-11ec-b058-005056a44da2', 'rel': 'disruptions', 'templated': False}];CF009E;[{'direction': {'embedded_type': 'stop_area', 'stop_area': {'codes': [{'type': 'source', 'value': 'FR::multimodalStopPlace:478883:FR1'}], 'name': 'Porte de Clignancourt', 'links': [], 'coord': {'lat': '48.898182', 'lon': '2.345074'}, 'label': 'Porte de Clignancourt (Paris)', 'timezone': 'Europe/Paris', 'id': 'stop_area:IDFM:478883'}, 'quality': 0, 'name': 'Porte de Clignancourt (Paris)', 'id': 'stop_area:IDFM:478883'}, 'codes': [{'type': 'Netex_ServiceJourneyPattern', 'value': 'RATP:ServiceJourneyPattern:32410-C01374-2701033:LOC'}, {'type': 'Netex_ServiceJourneyPattern', 'value': 'RATP:ServiceJourneyPattern:37565-C01374-1086489:LOC'}, {'type': 'source', 'value': 'RATP:Route:32410-C01374-2704526:LOC'}], 'name': 'Retour Porte de Clignancourt', 'links': [], 'is_frequence': 'False', 'geojson': {'type': 'MultiLineString', 'coordinates': []}, 'direction_type': 'inbound', 'id': 'route:IDFM:RATP:32410-C01374-2704526'}, {'direction': {'embedded_type': 'stop_area', 'stop_area': {'codes': [{'type': 'source', 'value': 'FR::multimodalStopPlace:483315:FR1'}], 'name': 'Bagneux - Lucie Aubrac', 'links': [], 'coord': {'lat': '48.803548', 'lon': '2.317445'}, 'label': 'Bagneux - Lucie Aubrac (Bagneux)', 'timezone': 'Europe/Paris', 'id': 'stop_area:IDFM:483315'}, 'quality': 0, 'name': 'Bagneux - Lucie Aubrac (Bagneux)', 'id': 'stop_area:IDFM:483315'}, 'codes': [{'type': 'Netex_ServiceJourneyPattern', 'value': 'RATP:ServiceJourneyPattern:47350-C01374-2701031:LOC'}, {'type': 'Netex_ServiceJourneyPattern', 'value': 'RATP:ServiceJourneyPattern:47350-C01374-2701032:LOC'}, {'type': 'source', 'value': 'RATP:Route:47350-C01374-2735801:LOC'}], 'name': 'Aller Bagneux', 'links': [], 'is_frequence': 'False', 'geojson': {'type': 'MultiLineString', 'coordinates': []}, 'direction_type': 'outbound', 'id': 'route:IDFM:RATP:47350-C01374-2735801'}];MultiLineString;[];FFFFFF;[{'id': 'physical_mode:Metro', 'name': 'Métro'}];[{'type': 'Netex_PrivateCode', 'value': '100110004'}, {'type': 'source', 'value': 'FR1:Line:C01374:'}];021500;053000;commercial_mode:Metro;Métro;line:IDFM:C01374;Mairie de Montrouge - Porte de Clignancourt;2;['route:IDFM:RATP:32410-C01374-2704526', 'route:IDFM:RATP:47350-C01374-2735801'];['Retour Porte de Clignancourt', 'Aller Bagneux'];['stop_area:IDFM:478883', 'stop_area:IDFM:483315'];['Porte de Clignancourt', 'Bagneux - Lucie Aubrac'];['False', 'False'];['inbound', 'outbound']
5;[{'type': 'source', 'value': 'FR1:Operator:100:LOC'}];network:IDFM:Operator_100;[];RATP;[];FF7E2E;"[{'direction': {'embedded_type': 'stop_area', 'stop_area': {'codes': [{'type': 'source', 'value': 'FR::multimodalStopPlace:71033:FR1'}], 'name': ""Place d'Italie"", 'links': [], 'coord': {'lat': '48.831416', 'lon': '2.355571'}, 'label': ""Place d'Italie (Paris)"", 'timezone': 'Europe/Paris', 'id': 'stop_area:IDFM:71033'}, 'quality': 0, 'name': ""Place d'Italie (Paris)"", 'id': 'stop_area:IDFM:71033'}, 'codes': [{'type': 'Netex_ServiceJourneyPattern', 'value': 'RATP:ServiceJourneyPattern:2321-C01375-2467803:LOC'}, {'type': 'Netex_ServiceJourneyPattern', 'value': 'RATP:ServiceJourneyPattern:557-C01375-2390123:LOC'}, {'type': 'Netex_ServiceJourneyPattern', 'value': 'RATP:ServiceJourneyPattern:557-C01375-912365:LOC'}, {'type': 'source', 'value': 'RATP:Route:557-C01375-2272462:LOC'}], 'name': ""Bobigny/Pablo Picasso - Place d'Italie"", 'links': [], 'is_frequence': 'False', 'geojson': {'type': 'MultiLineString', 'coordinates': []}, 'direction_type': 'outbound', 'id': 'route:IDFM:RATP:557-C01375-2272462'}, {'direction': {'embedded_type': 'stop_area', 'stop_area': {'codes': [{'type': 'source', 'value': 'FR::multimodalStopPlace:72486:FR1'}], 'name': 'Bobigny Pablo Picasso', 'links': [], 'coord': {'lat': '48.906988', 'lon': '2.449464'}, 'label': 'Bobigny Pablo Picasso (Bobigny)', 'timezone': 'Europe/Paris', 'id': 'stop_area:IDFM:72486'}, 'quality': 0, 'name': 'Bobigny Pablo Picasso (Bobigny)', 'id': 'stop_area:IDFM:72486'}, 'codes': [{'type': 'Netex_ServiceJourneyPattern', 'value': 'RATP:ServiceJourneyPattern:32467-C01375-2467802:LOC'}, {'type': 'Netex_ServiceJourneyPattern', 'value': 'RATP:ServiceJourneyPattern:557-C01375-2203994:LOC'}, {'type': 'Netex_ServiceJourneyPattern', 'value': 'RATP:ServiceJourneyPattern:557-C01375-912361:LOC'}, {'type': 'Netex_ServiceJourneyPattern', 'value': 'RATP:ServiceJourneyPattern:557-C01375-912362:LOC'}, {'type': 'source', 'value': 'RATP:Route:557-C01375-2272463:LOC'}], 'name': ""Place d'Italie - Bobigny/Pablo Picasso"", 'links': [], 'is_frequence': 'False', 'geojson': {'type': 'MultiLineString', 'coordinates': []}, 'direction_type': 'inbound', 'id': 'route:IDFM:RATP:557-C01375-2272463'}]";MultiLineString;[];000000;[{'id': 'physical_mode:Metro', 'name': 'Métro'}];[{'type': 'Netex_PrivateCode', 'value': '100110005'}, {'type': 'source', 'value': 'FR1:Line:C01375:'}];021500;053000;commercial_mode:Metro;Métro;line:IDFM:C01375;Place d'Italie - Bobigny Pablo Picasso;2;['route:IDFM:RATP:557-C01375-2272462', 'route:IDFM:RATP:557-C01375-2272463'];"[""Bobigny/Pablo Picasso - Place d'Italie"", ""Place d'Italie - Bobigny/Pablo Picasso""]";['stop_area:IDFM:71033', 'stop_area:IDFM:72486'];"[""Place d'Italie"", 'Bobigny Pablo Picasso']";['False', 'False'];['outbound', 'inbound']
6;[{'type': 'source', 'value': 'FR1:Operator:100:LOC'}];network:IDFM:Operator_100;[];RATP;[];6ECA97;[{'direction': {'embedded_type': 'stop_area', 'stop_area': {'codes': [{'type': 'source', 'value': 'FR::multimodalStopPlace:71347:FR1'}], 'name': 'Charles de Gaulle - Etoile', 'links': [{'internal': True, 'type': 'disruption', 'id': 'a260c266-007b-11ed-832f-005056a44da2', 'rel': 'disruptions', 'templated': False}], 'coord': {'lat': '48.873819', 'lon': '2.295494'}, 'label': 'Charles de Gaulle - Etoile (Paris)', 'timezone': 'Europe/Paris', 'id': 'stop_area:IDFM:71347'}, 'quality': 0, 'name': 'Charles de Gaulle - Etoile (Paris)', 'id': 'stop_area:IDFM:71347'}, 'codes': [{'type': 'Netex_ServiceJourneyPattern', 'value': 'RATP:ServiceJourneyPattern:560-C01376-1199218:LOC'}, {'type': 'Netex_ServiceJourneyPattern', 'value': 'RATP:ServiceJourneyPattern:560-C01376-1199219:LOC'}, {'type': 'Netex_ServiceJourneyPattern', 'value': 'RATP:ServiceJourneyPattern:560-C01376-1481468:LOC'}, {'type': 'Netex_ServiceJourneyPattern', 'value': 'RATP:ServiceJourneyPattern:560-C01376-2121616:LOC'}, {'type': 'Netex_ServiceJourneyPattern', 'value': 'RATP:ServiceJourneyPattern:560-C01376-2204034:LOC'}, {'type': 'Netex_ServiceJourneyPattern', 'value': 'RATP:ServiceJourneyPattern:560-C01376-2204036:LOC'}, {'type': 'source', 'value': 'RATP:Route:560-C01376-2444064:LOC'}], 'name': 'Nation - Charles de Gaulle-Etoile', 'links': [], 'is_frequence': 'False', 'geojson': {'type': 'MultiLineString', 'coordinates': []}, 'direction_type': 'outbound', 'id': 'route:IDFM:RATP:560-C01376-2444064'}, {'direction': {'embedded_type': 'stop_area', 'stop_area': {'codes': [{'type': 'source', 'value': 'FR::multimodalStopPlace:71673:FR1'}], 'name': 'Nation', 'links': [], 'coord': {'lat': '48.848747', 'lon': '2.396334'}, 'label': 'Nation (Paris)', 'timezone': 'Europe/Paris', 'id': 'stop_area:IDFM:71673'}, 'quality': 0, 'name': 'Nation (Paris)', 'id': 'stop_area:IDFM:71673'}, 'codes': [{'type': 'Netex_ServiceJourneyPattern', 'value': 'RATP:ServiceJourneyPattern:560-C01376-1193703:LOC'}, {'type': 'Netex_ServiceJourneyPattern', 'value': 'RATP:ServiceJourneyPattern:560-C01376-2121618:LOC'}, {'type': 'source', 'value': 'RATP:Route:560-C01376-2444065:LOC'}], 'name': 'Charles de Gaulle-Etoile - Nation', 'links': [], 'is_frequence': 'False', 'geojson': {'type': 'MultiLineString', 'coordinates': []}, 'direction_type': 'inbound', 'id': 'route:IDFM:RATP:560-C01376-2444065'}];MultiLineString;[];000000;[{'id': 'physical_mode:Metro', 'name': 'Métro'}];[{'type': 'Netex_PrivateCode', 'value': '100110006'}, {'type': 'source', 'value': 'FR1:Line:C01376:'}];021500;052900;commercial_mode:Metro;Métro;line:IDFM:C01376;Gare Montparnasse - Nation;2;['route:IDFM:RATP:560-C01376-2444064', 'route:IDFM:RATP:560-C01376-2444065'];['Nation - Charles de Gaulle-Etoile', 'Charles de Gaulle-Etoile - Nation'];['stop_area:IDFM:71347', 'stop_area:IDFM:71673'];['Charles de Gaulle - Etoile', 'Nation'];['False', 'False'];['outbound', 'inbound']
7;[{'type': 'source', 'value': 'FR1:Operator:100:LOC'}];network:IDFM:Operator_100;[];RATP;[];FA9ABA;"[{'direction': {'embedded_type': 'stop_area', 'stop_area': {'codes': [{'type': 'source', 'value': 'FR::multimodalStopPlace:70143:FR1'}], 'name': 'Villejuif - Louis Aragon', 'links': [], 'coord': {'lat': '48.787854', 'lon': '2.366515'}, 'label': 'Villejuif - Louis Aragon (Villejuif)', 'timezone': 'Europe/Paris', 'id': 'stop_area:IDFM:70143'}, 'quality': 0, 'name': 'Villejuif - Louis Aragon (Villejuif)', 'id': 'stop_area:IDFM:70143'}, 'codes': [{'type': 'Netex_ServiceJourneyPattern', 'value': 'RATP:ServiceJourneyPattern:562-C01377-651562:LOC'}, {'type': 'Netex_ServiceJourneyPattern', 'value': 'RATP:ServiceJourneyPattern:562-C01377-651570:LOC'}, {'type': 'Netex_ServiceJourneyPattern', 'value': 'RATP:ServiceJourneyPattern:562-C01377-912372:LOC'}, {'type': 'Netex_ServiceJourneyPattern', 'value': 'RATP:ServiceJourneyPattern:562-C01377-912375:LOC'}, {'type': 'Netex_ServiceJourneyPattern', 'value': 'RATP:ServiceJourneyPattern:562-C01377-912377:LOC'}, {'type': 'Netex_ServiceJourneyPattern', 'value': 'RATP:ServiceJourneyPattern:562-C01377-912383:LOC'}, {'type': 'source', 'value': 'RATP:Route:562-C01377-2272466:LOC'}], 'name': ""Aller Villejuif - Louis Aragon / Mairie d'Ivry"", 'links': [], 'is_frequence': 'False', 'geojson': {'type': 'MultiLineString', 'coordinates': []}, 'direction_type': 'outbound', 'id': 'route:IDFM:RATP:562-C01377-2272466'}, {'direction': {'embedded_type': 'stop_area', 'stop_area': {'codes': [{'type': 'source', 'value': 'FR::multimodalStopPlace:70488:FR1'}], 'name': ""Mairie d'Ivry"", 'links': [], 'coord': {'lat': '48.811155', 'lon': '2.384098'}, 'label': ""Mairie d'Ivry (Ivry-sur-Seine)"", 'timezone': 'Europe/Paris', 'id': 'stop_area:IDFM:70488'}, 'quality': 0, 'name': ""Mairie d'Ivry (Ivry-sur-Seine)"", 'id': 'stop_area:IDFM:70488'}, 'codes': [{'type': 'Netex_ServiceJourneyPattern', 'value': 'RATP:ServiceJourneyPattern:562-C01377-651563:LOC'}, {'type': 'Netex_ServiceJourneyPattern', 'value': 'RATP:ServiceJourneyPattern:562-C01377-651581:LOC'}, {'type': 'Netex_ServiceJourneyPattern', 'value': 'RATP:ServiceJourneyPattern:562-C01377-912376:LOC'}, {'type': 'Netex_ServiceJourneyPattern', 'value': 'RATP:ServiceJourneyPattern:562-C01377-912380:LOC'}, {'type': 'Netex_ServiceJourneyPattern', 'value': 'RATP:ServiceJourneyPattern:562-C01377-912381:LOC'}, {'type': 'Netex_ServiceJourneyPattern', 'value': 'RATP:ServiceJourneyPattern:562-C01377-912382:LOC'}, {'type': 'source', 'value': 'RATP:Route:562-C01377-2272467:LOC'}], 'name': ""Aller Villejuif - Louis Aragon / Mairie d'Ivry"", 'links': [], 'is_frequence': 'False', 'geojson': {'type': 'MultiLineString', 'coordinates': []}, 'direction_type': 'outbound', 'id': 'route:IDFM:RATP:562-C01377-2272467'}, {'direction': {'embedded_type': 'stop_area', 'stop_area': {'codes': [{'type': 'source', 'value': 'FR::multimodalStopPlace:73696:FR1'}], 'name': 'La Courneuve - 8 Mai 1945', 'links': [], 'coord': {'lat': '48.920891', 'lon': '2.410692'}, 'label': 'La Courneuve - 8 Mai 1945 (La Courneuve)', 'timezone': 'Europe/Paris', 'id': 'stop_area:IDFM:73696'}, 'quality': 0, 'name': 'La Courneuve - 8 Mai 1945 (La Courneuve)', 'id': 'stop_area:IDFM:73696'}, 'codes': [{'type': 'Netex_ServiceJourneyPattern', 'value': 'RATP:ServiceJourneyPattern:562-C01377-651565:LOC'}, {'type': 'Netex_ServiceJourneyPattern', 'value': 'RATP:ServiceJourneyPattern:562-C01377-912378:LOC'}, {'type': 'Netex_ServiceJourneyPattern', 'value': 'RATP:ServiceJourneyPattern:562-C01377-912379:LOC'}, {'type': 'source', 'value': 'RATP:Route:562-C01377-2272468:LOC'}], 'name': 'Retour La Courneuve - 8 mai 1945', 'links': [], 'is_frequence': 'False', 'geojson': {'type': 'MultiLineString', 'coordinates': []}, 'direction_type': 'inbound', 'id': 'route:IDFM:RATP:562-C01377-2272468'}, {'direction': {'embedded_type': 'stop_area', 'stop_area': {'codes': [{'type': 'source', 'value': 'FR::multimodalStopPlace:73696:FR1'}], 'name': 'La Courneuve - 8 Mai 1945', 'links': [], 'coord': {'lat': '48.920891', 'lon': '2.410692'}, 'label': 'La Courneuve - 8 Mai 1945 (La Courneuve)', 'timezone': 'Europe/Paris', 'id': 'stop_area:IDFM:73696'}, 'quality': 0, 'name': 'La Courneuve - 8 Mai 1945 (La Courneuve)', 'id': 'stop_area:IDFM:73696'}, 'codes': [{'type': 'Netex_ServiceJourneyPattern', 'value': 'RATP:ServiceJourneyPattern:2300-C01377-912374:LOC'}, {'type': 'Netex_ServiceJourneyPattern', 'value': 'RATP:ServiceJourneyPattern:562-C01377-651573:LOC'}, {'type': 'Netex_ServiceJourneyPattern', 'value': 'RATP:ServiceJourneyPattern:562-C01377-912373:LOC'}, {'type': 'source', 'value': 'RATP:Route:562-C01377-2272469:LOC'}], 'name': 'Retour La Courneuve - 8 mai 1945', 'links': [], 'is_frequence': 'False', 'geojson': {'type': 'MultiLineString', 'coordinates': []}, 'direction_type': 'inbound', 'id': 'route:IDFM:RATP:562-C01377-2272469'}]";MultiLineString;[];000000;[{'id': 'physical_mode:Metro', 'name': 'Métro'}];[{'type': 'Netex_PrivateCode', 'value': '100110007'}, {'type': 'source', 'value': 'FR1:Line:C01377:'}];021700;052800;commercial_mode:Metro;Métro;line:IDFM:C01377;La Courneuve - 8 Mai 1945 - Mairie d'Ivry;4;['route:IDFM:RATP:562-C01377-2272466', 'route:IDFM:RATP:562-C01377-2272467', 'route:IDFM:RATP:562-C01377-2272468', 'route:IDFM:RATP:562-C01377-2272469'];"[""Aller Villejuif - Louis Aragon / Mairie d'Ivry"", ""Aller Villejuif - Louis Aragon / Mairie d'Ivry"", 'Retour La Courneuve - 8 mai 1945', 'Retour La Courneuve - 8 mai 1945']";['stop_area:IDFM:70143', 'stop_area:IDFM:70488', 'stop_area:IDFM:73696', 'stop_area:IDFM:73696'];"['Villejuif - Louis Aragon', ""Mairie d'Ivry"", 'La Courneuve - 8 Mai 1945', 'La Courneuve - 8 Mai 1945']";['False', 'False', 'False', 'False'];['outbound', 'outbound', 'inbound', 'inbound']
7B;[{'type': 'source', 'value': 'FR1:Operator:100:LOC'}];network:IDFM:Operator_100;[];RATP;[];6ECA97;[{'direction': {'embedded_type': 'stop_area', 'stop_area': {'codes': [{'type': 'source', 'value': 'FR::multimodalStopPlace:71407:FR1'}], 'name': 'Louis Blanc', 'links': [], 'coord': {'lat': '48.88154', 'lon': '2.365491'}, 'label': 'Louis Blanc (Paris)', 'timezone': 'Europe/Paris', 'id': 'stop_area:IDFM:71407'}, 'quality': 0, 'name': 'Louis Blanc (Paris)', 'id': 'stop_area:IDFM:71407'}, 'codes': [{'type': 'Netex_ServiceJourneyPattern', 'value': 'RATP:ServiceJourneyPattern:561-C01387-651583:LOC'}, {'type': 'source', 'value': 'RATP:Route:561-C01387-2272470:LOC'}], 'name': 'Aller Louis Blanc', 'links': [], 'is_frequence': 'False', 'geojson': {'type': 'MultiLineString', 'coordinates': []}, 'direction_type': 'outbound', 'id': 'route:IDFM:RATP:561-C01387-2272470'}, {'direction': {'embedded_type': 'stop_area', 'stop_area': {'codes': [{'type': 'source', 'value': 'FR::multimodalStopPlace:71911:FR1'}], 'name': 'Pré-Saint-Gervais', 'links': [{'internal': True, 'type': 'disruption', 'id': 'a1f5979c-004a-11ed-bac0-005056a47b86', 'rel': 'disruptions', 'templated': False}], 'coord': {'lat': '48.879689', 'lon': '2.398804'}, 'label': 'Pré-Saint-Gervais (Paris)', 'timezone': 'Europe/Paris', 'id': 'stop_area:IDFM:71911'}, 'quality': 0, 'name': 'Pré-Saint-Gervais (Paris)', 'id': 'stop_area:IDFM:71911'}, 'codes': [{'type': 'Netex_ServiceJourneyPattern', 'value': 'RATP:ServiceJourneyPattern:561-C01387-651584:LOC'}, {'type': 'source', 'value': 'RATP:Route:561-C01387-2272471:LOC'}], 'name': 'Retour Pré-Saint-Gervais', 'links': [], 'is_frequence': 'False', 'geojson': {'type': 'MultiLineString', 'coordinates': []}, 'direction_type': 'inbound', 'id': 'route:IDFM:RATP:561-C01387-2272471'}];MultiLineString;[];000000;[{'id': 'physical_mode:Metro', 'name': 'Métro'}];[{'type': 'Netex_PrivateCode', 'value': '100110107'}, {'type': 'source', 'value': 'FR1:Line:C01387:'}];021500;053100;commercial_mode:Metro;Métro;line:IDFM:C01387;Pré-Saint-Gervais - Louis Blanc;2;['route:IDFM:RATP:561-C01387-2272470', 'route:IDFM:RATP:561-C01387-2272471'];['Aller Louis Blanc', 'Retour Pré-Saint-Gervais'];['stop_area:IDFM:71407', 'stop_area:IDFM:71911'];['Louis Blanc', 'Pré-Saint-Gervais'];['False', 'False'];['outbound', 'inbound']
8;[{'type': 'source', 'value': 'FR1:Operator:100:LOC'}];network:IDFM:Operator_100;[];RATP;[];E19BDF;[{'direction': {'embedded_type': 'stop_area', 'stop_area': {'codes': [{'type': 'source', 'value': 'FR::multimodalStopPlace:69884:FR1'}], 'name': 'Pointe du Lac', 'links': [], 'coord': {'lat': '48.769027', 'lon': '2.464349'}, 'label': 'Pointe du Lac (Créteil)', 'timezone': 'Europe/Paris', 'id': 'stop_area:IDFM:69884'}, 'quality': 0, 'name': 'Pointe du Lac (Créteil)', 'id': 'stop_area:IDFM:69884'}, 'codes': [{'type': 'Netex_ServiceJourneyPattern', 'value': 'RATP:ServiceJourneyPattern:17714-C01378-795505:LOC'}, {'type': 'Netex_ServiceJourneyPattern', 'value': 'RATP:ServiceJourneyPattern:17714-C01378-912385:LOC'}, {'type': 'Netex_ServiceJourneyPattern', 'value': 'RATP:ServiceJourneyPattern:17714-C01378-912387:LOC'}, {'type': 'source', 'value': 'RATP:Route:17714-C01378-2559705:LOC'}], 'name': 'Aller Créteil-Pointe du Lac', 'links': [], 'is_frequence': 'False', 'geojson': {'type': 'MultiLineString', 'coordinates': []}, 'direction_type': 'outbound', 'id': 'route:IDFM:RATP:17714-C01378-2559705'}, {'direction': {'embedded_type': 'stop_area', 'stop_area': {'codes': [{'type': 'source', 'value': 'FR::multimodalStopPlace:71073:FR1'}], 'name': 'Balard', 'links': [], 'coord': {'lat': '48.836504', 'lon': '2.278103'}, 'label': 'Balard (Paris)', 'timezone': 'Europe/Paris', 'id': 'stop_area:IDFM:71073'}, 'quality': 0, 'name': 'Balard (Paris)', 'id': 'stop_area:IDFM:71073'}, 'codes': [{'type': 'Netex_ServiceJourneyPattern', 'value': 'RATP:ServiceJourneyPattern:17714-C01378-795507:LOC'}, {'type': 'Netex_ServiceJourneyPattern', 'value': 'RATP:ServiceJourneyPattern:17714-C01378-912386:LOC'}, {'type': 'source', 'value': 'RATP:Route:17714-C01378-2559706:LOC'}], 'name': 'Retour Balard', 'links': [], 'is_frequence': 'False', 'geojson': {'type': 'MultiLineString', 'coordinates': []}, 'direction_type': 'inbound', 'id': 'route:IDFM:RATP:17714-C01378-2559706'}];MultiLineString;[];000000;[{'id': 'physical_mode:Metro', 'name': 'Métro'}];[{'type': 'Netex_PrivateCode', 'value': '100110008'}, {'type': 'source', 'value': 'FR1:Line:C01378:'}];021500;052100;commercial_mode:Metro;Métro;line:IDFM:C01378;Pointe du Lac - Balard;2;['route:IDFM:RATP:17714-C01378-2559705', 'route:IDFM:RATP:17714-C01378-2559706'];['Aller Créteil-Pointe du Lac', 'Retour Balard'];['stop_area:IDFM:69884', 'stop_area:IDFM:71073'];['Pointe du Lac', 'Balard'];['False', 'False'];['outbound', 'inbound']
9;[{'type': 'source', 'value': 'FR1:Operator:100:LOC'}];network:IDFM:Operator_100;[];RATP;[];B6BD00;[{'direction': {'embedded_type': 'stop_area', 'stop_area': {'codes': [{'type': 'source', 'value': 'FR::multimodalStopPlace:71785:FR1'}], 'name': 'Mairie de Montreuil', 'links': [], 'coord': {'lat': '48.862183', 'lon': '2.442406'}, 'label': 'Mairie de Montreuil (Montreuil)', 'timezone': 'Europe/Paris', 'id': 'stop_area:IDFM:71785'}, 'quality': 0, 'name': 'Mairie de Montreuil (Montreuil)', 'id': 'stop_area:IDFM:71785'}, 'codes': [{'type': 'Netex_ServiceJourneyPattern', 'value': 'RATP:ServiceJourneyPattern:566-C01379-2390137:LOC'}, {'type': 'Netex_ServiceJourneyPattern', 'value': 'RATP:ServiceJourneyPattern:566-C01379-912389:LOC'}, {'type': 'Netex_ServiceJourneyPattern', 'value': 'RATP:ServiceJourneyPattern:566-C01379-912390:LOC'}, {'type': 'Netex_ServiceJourneyPattern', 'value': 'RATP:ServiceJourneyPattern:566-C01379-912391:LOC'}, {'type': 'source', 'value': 'RATP:Route:566-C01379-2444066:LOC'}], 'name': 'Pont de Sèvres - Mairie de Montreuil', 'links': [], 'is_frequence': 'False', 'geojson': {'type': 'MultiLineString', 'coordinates': []}, 'direction_type': 'outbound', 'id': 'route:IDFM:RATP:566-C01379-2444066'}, {'direction': {'embedded_type': 'stop_area', 'stop_area': {'codes': [{'type': 'source', 'value': 'FR::multimodalStopPlace:70698:FR1'}], 'name': 'Pont de Sèvres', 'links': [], 'coord': {'lat': '48.829837', 'lon': '2.230728'}, 'label': 'Pont de Sèvres (Boulogne-Billancourt)', 'timezone': 'Europe/Paris', 'id': 'stop_area:IDFM:70698'}, 'quality': 0, 'name': 'Pont de Sèvres (Boulogne-Billancourt)', 'id': 'stop_area:IDFM:70698'}, 'codes': [{'type': 'Netex_ServiceJourneyPattern', 'value': 'RATP:ServiceJourneyPattern:32460-C01379-2701012:LOC'}, {'type': 'Netex_ServiceJourneyPattern', 'value': 'RATP:ServiceJourneyPattern:32460-C01379-2701013:LOC'}, {'type': 'Netex_ServiceJourneyPattern', 'value': 'RATP:ServiceJourneyPattern:32460-C01379-2701014:LOC'}, {'type': 'Netex_ServiceJourneyPattern', 'value': 'RATP:ServiceJourneyPattern:32460-C01379-2701015:LOC'}, {'type': 'Netex_ServiceJourneyPattern', 'value': 'RATP:ServiceJourneyPattern:32460-C01379-2701016:LOC'}, {'type': 'Netex_ServiceJourneyPattern', 'value': 'RATP:ServiceJourneyPattern:566-C01379-1652933:LOC'}, {'type': 'Netex_ServiceJourneyPattern', 'value': 'RATP:ServiceJourneyPattern:566-C01379-2204083:LOC'}, {'type': 'Netex_ServiceJourneyPattern', 'value': 'RATP:ServiceJourneyPattern:566-C01379-651605:LOC'}, {'type': 'Netex_ServiceJourneyPattern', 'value': 'RATP:ServiceJourneyPattern:566-C01379-912396:LOC'}, {'type': 'Netex_ServiceJourneyPattern', 'value': 'RATP:ServiceJourneyPattern:566-C01379-912397:LOC'}, {'type': 'source', 'value': 'RATP:Route:566-C01379-2444067:LOC'}], 'name': 'Mairie de Montreuil - Pont de Sèvres', 'links': [], 'is_frequence': 'False', 'geojson': {'type': 'MultiLineString', 'coordinates': []}, 'direction_type': 'inbound', 'id': 'route:IDFM:RATP:566-C01379-2444067'}];MultiLineString;[];000000;[{'id': 'physical_mode:Metro', 'name': 'Métro'}];[{'type': 'Netex_PrivateCode', 'value': '100110009'}, {'type': 'source', 'value': 'FR1:Line:C01379:'}];021500;053000;commercial_mode:Metro;Métro;line:IDFM:C01379;Pont de Sèvres - Mairie de Montreuil;2;['route:IDFM:RATP:566-C01379-2444066', 'route:IDFM:RATP:566-C01379-2444067'];['Pont de Sèvres - Mairie de Montreuil', 'Mairie de Montreuil - Pont de Sèvres'];['stop_area:IDFM:71785', 'stop_area:IDFM:70698'];['Mairie de Montreuil', 'Pont de Sèvres'];['False', 'False'];['outbound', 'inbound']
10;[{'type': 'source', 'value': 'FR1:Operator:100:LOC'}];network:IDFM:Operator_100;[];RATP;[];C9910D;"[{'direction': {'embedded_type': 'stop_area', 'stop_area': {'codes': [{'type': 'source', 'value': 'FR::multimodalStopPlace:71135:FR1'}], 'name': ""Gare d'Austerlitz"", 'links': [], 'coord': {'lat': '48.842354', 'lon': '2.366724'}, 'label': ""Gare d'Austerlitz (Paris)"", 'timezone': 'Europe/Paris', 'id': 'stop_area:IDFM:71135'}, 'quality': 0, 'name': ""Gare d'Austerlitz (Paris)"", 'id': 'stop_area:IDFM:71135'}, 'codes': [{'type': 'Netex_ServiceJourneyPattern', 'value': 'RATP:ServiceJourneyPattern:568-C01380-917606:LOC'}, {'type': 'source', 'value': 'RATP:Route:568-C01380-2278414:LOC'}], 'name': ""Aller Gare d'Austerlitz"", 'links': [], 'is_frequence': 'False', 'geojson': {'type': 'MultiLineString', 'coordinates': []}, 'direction_type': 'outbound', 'id': 'route:IDFM:RATP:568-C01380-2278414'}, {'direction': {'embedded_type': 'stop_area', 'stop_area': {'codes': [{'type': 'source', 'value': 'FR::multimodalStopPlace:71135:FR1'}], 'name': ""Gare d'Austerlitz"", 'links': [], 'coord': {'lat': '48.842354', 'lon': '2.366724'}, 'label': ""Gare d'Austerlitz (Paris)"", 'timezone': 'Europe/Paris', 'id': 'stop_area:IDFM:71135'}, 'quality': 0, 'name': ""Gare d'Austerlitz (Paris)"", 'id': 'stop_area:IDFM:71135'}, 'codes': [{'type': 'Netex_ServiceJourneyPattern', 'value': 'RATP:ServiceJourneyPattern:568-C01380-306172:LOC'}, {'type': 'source', 'value': 'RATP:Route:568-C01380-2278415:LOC'}], 'name': ""Aller Gare d'Austerlitz"", 'links': [], 'is_frequence': 'False', 'geojson': {'type': 'MultiLineString', 'coordinates': []}, 'direction_type': 'outbound', 'id': 'route:IDFM:RATP:568-C01380-2278415'}, {'direction': {'embedded_type': 'stop_area', 'stop_area': {'codes': [{'type': 'source', 'value': 'FR::multimodalStopPlace:70721:FR1'}], 'name': 'Boulogne Pont de Saint-Cloud', 'links': [], 'coord': {'lat': '48.840695', 'lon': '2.228387'}, 'label': 'Boulogne Pont de Saint-Cloud (Boulogne-Billancourt)', 'timezone': 'Europe/Paris', 'id': 'stop_area:IDFM:70721'}, 'quality': 0, 'name': 'Boulogne Pont de Saint-Cloud (Boulogne-Billancourt)', 'id': 'stop_area:IDFM:70721'}, 'codes': [{'type': 'Netex_ServiceJourneyPattern', 'value': 'RATP:ServiceJourneyPattern:568-C01380-296022:LOC'}, {'type': 'Netex_ServiceJourneyPattern', 'value': 'RATP:ServiceJourneyPattern:568-C01380-917609:LOC'}, {'type': 'source', 'value': 'RATP:Route:568-C01380-2278416:LOC'}], 'name': 'Retour Boulogne - Pont de Saint Cloud', 'links': [], 'is_frequence': 'False', 'geojson': {'type': 'MultiLineString', 'coordinates': []}, 'direction_type': 'inbound', 'id': 'route:IDFM:RATP:568-C01380-2278416'}]";MultiLineString;[];000000;[{'id': 'physical_mode:Metro', 'name': 'Métro'}];[{'type': 'Netex_PrivateCode', 'value': '100110010'}, {'type': 'source', 'value': 'FR1:Line:C01380:'}];021500;053000;commercial_mode:Metro;Métro;line:IDFM:C01380;Boulogne Pont de Saint-Cloud - Gare d'Austerlitz;3;['route:IDFM:RATP:568-C01380-2278414', 'route:IDFM:RATP:568-C01380-2278415', 'route:IDFM:RATP:568-C01380-2278416'];"[""Aller Gare d'Austerlitz"", ""Aller Gare d'Austerlitz"", 'Retour Boulogne - Pont de Saint Cloud']";['stop_area:IDFM:71135', 'stop_area:IDFM:71135', 'stop_area:IDFM:70721'];"[""Gare d'Austerlitz"", ""Gare d'Austerlitz"", 'Boulogne Pont de Saint-Cloud']";['False', 'False', 'False'];['outbound', 'outbound', 'inbound']
11;[{'type': 'source', 'value': 'FR1:Operator:100:LOC'}];network:IDFM:Operator_100;[];RATP;[{'internal': True, 'type': 'disruption', 'id': 'b6df1694-e108-11ec-9c1d-005056a44da2', 'rel': 'disruptions', 'templated': False}, {'internal': True, 'type': 'disruption', 'id': 'fefd442e-fc8c-11ec-be3d-005056a47b86', 'rel': 'disruptions', 'templated': False}];704B1C;[{'direction': {'embedded_type': 'stop_area', 'stop_area': {'codes': [{'type': 'source', 'value': 'FR::multimodalStopPlace:71264:FR1'}], 'name': 'Châtelet', 'links': [], 'coord': {'lat': '48.858261', 'lon': '2.347967'}, 'label': 'Châtelet (Paris)', 'timezone': 'Europe/Paris', 'id': 'stop_area:IDFM:71264'}, 'quality': 0, 'name': 'Châtelet (Paris)', 'id': 'stop_area:IDFM:71264'}, 'codes': [{'type': 'Netex_ServiceJourneyPattern', 'value': 'RATP:ServiceJourneyPattern:570-C01381-912408:LOC'}, {'type': 'Netex_ServiceJourneyPattern', 'value': 'RATP:ServiceJourneyPattern:570-C01381-912409:LOC'}, {'type': 'Netex_ServiceJourneyPattern', 'value': 'RATP:ServiceJourneyPattern:570-C01381-912412:LOC'}, {'type': 'source', 'value': 'RATP:Route:570-C01381-2278417:LOC'}], 'name': 'Mairie des Lilas - Châtelet', 'links': [], 'is_frequence': 'False', 'geojson': {'type': 'MultiLineString', 'coordinates': []}, 'direction_type': 'outbound', 'id': 'route:IDFM:RATP:570-C01381-2278417'}, {'direction': {'embedded_type': 'stop_area', 'stop_area': {'codes': [{'type': 'source', 'value': 'FR::multimodalStopPlace:71909:FR1'}], 'name': 'Mairie des Lilas', 'links': [], 'coord': {'lat': '48.879761', 'lon': '2.416154'}, 'label': 'Mairie des Lilas (Les Lilas)', 'timezone': 'Europe/Paris', 'id': 'stop_area:IDFM:71909'}, 'quality': 0, 'name': 'Mairie des Lilas (Les Lilas)', 'id': 'stop_area:IDFM:71909'}, 'codes': [{'type': 'Netex_ServiceJourneyPattern', 'value': 'RATP:ServiceJourneyPattern:570-C01381-440174:LOC'}, {'type': 'Netex_ServiceJourneyPattern', 'value': 'RATP:ServiceJourneyPattern:570-C01381-912410:LOC'}, {'type': 'Netex_ServiceJourneyPattern', 'value': 'RATP:ServiceJourneyPattern:570-C01381-912411:LOC'}, {'type': 'source', 'value': 'RATP:Route:570-C01381-2278418:LOC'}], 'name': 'Châtelet - Mairie des Lilas', 'links': [], 'is_frequence': 'False', 'geojson': {'type': 'MultiLineString', 'coordinates': []}, 'direction_type': 'inbound', 'id': 'route:IDFM:RATP:570-C01381-2278418'}];MultiLineString;[];FFFFFF;[{'id': 'physical_mode:Metro', 'name': 'Métro'}];[{'type': 'Netex_PrivateCode', 'value': '100110011'}, {'type': 'source', 'value': 'FR1:Line:C01381:'}];021500;053000;commercial_mode:Metro;Métro;line:IDFM:C01381;Châtelet - Mairie des Lilas;2;['route:IDFM:RATP:570-C01381-2278417', 'route:IDFM:RATP:570-C01381-2278418'];['Mairie des Lilas - Châtelet', 'Châtelet - Mairie des Lilas'];['stop_area:IDFM:71264', 'stop_area:IDFM:71909'];['Châtelet', 'Mairie des Lilas'];['False', 'False'];['outbound', 'inbound']
12;[{'type': 'source', 'value': 'FR1:Operator:100:LOC'}];network:IDFM:Operator_100;[];RATP;[];007852;"[{'direction': {'embedded_type': 'stop_area', 'stop_area': {'codes': [{'type': 'source', 'value': 'FR::multimodalStopPlace:72524:FR1'}], 'name': ""Mairie d'Aubervilliers"", 'links': [], 'coord': {'lat': '48.91453', 'lon': '2.381626'}, 'label': ""Mairie d'Aubervilliers (Aubervilliers)"", 'timezone': 'Europe/Paris', 'id': 'stop_area:IDFM:72524'}, 'quality': 0, 'name': ""Mairie d'Aubervilliers (Aubervilliers)"", 'id': 'stop_area:IDFM:72524'}, 'codes': [{'type': 'Netex_ServiceJourneyPattern', 'value': 'RATP:ServiceJourneyPattern:52008-C01382-2811694:LOC'}, {'type': 'Netex_ServiceJourneyPattern', 'value': 'RATP:ServiceJourneyPattern:52008-C01382-2811695:LOC'}, {'type': 'Netex_ServiceJourneyPattern', 'value': 'RATP:ServiceJourneyPattern:52008-C01382-942699:LOC'}, {'type': 'Netex_ServiceJourneyPattern', 'value': 'RATP:ServiceJourneyPattern:52008-C01382-942702:LOC'}, {'type': 'source', 'value': 'RATP:Route:52008-C01382-2813824:LOC'}], 'name': ""Aller Mairie d'Aubervilliers"", 'links': [], 'is_frequence': 'False', 'geojson': {'type': 'MultiLineString', 'coordinates': []}, 'direction_type': 'outbound', 'id': 'route:IDFM:RATP:52008-C01382-2813824'}, {'direction': {'embedded_type': 'stop_area', 'stop_area': {'codes': [{'type': 'source', 'value': 'FR::multimodalStopPlace:70671:FR1'}], 'name': ""Mairie d'Issy"", 'links': [], 'coord': {'lat': '48.824538', 'lon': '2.273664'}, 'label': ""Mairie d'Issy (Issy-les-Moulineaux)"", 'timezone': 'Europe/Paris', 'id': 'stop_area:IDFM:70671'}, 'quality': 0, 'name': ""Mairie d'Issy (Issy-les-Moulineaux)"", 'id': 'stop_area:IDFM:70671'}, 'codes': [{'type': 'Netex_ServiceJourneyPattern', 'value': 'RATP:ServiceJourneyPattern:52008-C01382-2811696:LOC'}, {'type': 'Netex_ServiceJourneyPattern', 'value': 'RATP:ServiceJourneyPattern:52008-C01382-942708:LOC'}, {'type': 'Netex_ServiceJourneyPattern', 'value': 'RATP:ServiceJourneyPattern:52008-C01382-976908:LOC'}, {'type': 'source', 'value': 'RATP:Route:52008-C01382-2813825:LOC'}], 'name': ""Retour Mairie d'Issy"", 'links': [], 'is_frequence': 'False', 'geojson': {'type': 'MultiLineString', 'coordinates': []}, 'direction_type': 'inbound', 'id': 'route:IDFM:RATP:52008-C01382-2813825'}]";MultiLineString;[];FFFFFF;[{'id': 'physical_mode:Metro', 'name': 'Métro'}];[{'type': 'Netex_PrivateCode', 'value': '100110012'}, {'type': 'source', 'value': 'FR1:Line:C01382:'}];021500;053000;commercial_mode:Metro;Métro;line:IDFM:C01382;Front Populaire - Proudhon / Gardinoux - Mairie d'Issy;2;['route:IDFM:RATP:52008-C01382-2813824', 'route:IDFM:RATP:52008-C01382-2813825'];"[""Aller Mairie d'Aubervilliers"", ""Retour Mairie d'Issy""]";['stop_area:IDFM:72524', 'stop_area:IDFM:70671'];"[""Mairie d'Aubervilliers"", ""Mairie d'Issy""]";['False', 'False'];['outbound', 'inbound']
13;[{'type': 'source', 'value': 'FR1:Operator:100:LOC'}];network:IDFM:Operator_100;[];RATP;[{'internal': True, 'type': 'disruption', 'id': '2756ae28-006c-11ed-bac0-005056a47b86', 'rel': 'disruptions', 'templated': False}];6EC4E8;[{'direction': {'embedded_type': 'stop_area', 'stop_area': {'codes': [{'type': 'source', 'value': 'FR::multimodalStopPlace:72286:FR1'}], 'name': 'Asnières - Gennevilliers les Courtilles', 'links': [], 'coord': {'lat': '48.930579', 'lon': '2.283997'}, 'label': 'Asnières - Gennevilliers les Courtilles (Gennevilliers) (Asnières-sur-Seine)', 'timezone': 'Europe/Paris', 'id': 'stop_area:IDFM:72286'}, 'quality': 0, 'name': 'Asnières - Gennevilliers les Courtilles (Gennevilliers) (Asnières-sur-Seine)', 'id': 'stop_area:IDFM:72286'}, 'codes': [{'type': 'Netex_ServiceJourneyPattern', 'value': 'RATP:ServiceJourneyPattern:549-C01383-912413:LOC'}, {'type': 'Netex_ServiceJourneyPattern', 'value': 'RATP:ServiceJourneyPattern:549-C01383-912419:LOC'}, {'type': 'Netex_ServiceJourneyPattern', 'value': 'RATP:ServiceJourneyPattern:9482-C01383-2467831:LOC'}, {'type': 'source', 'value': 'RATP:Route:549-C01383-2278421:LOC'}], 'name': 'Aller Saint-Denis - Universite / Les Courtilles (Asnieres - Gennevilliers)', 'links': [], 'is_frequence': 'False', 'geojson': {'type': 'MultiLineString', 'coordinates': []}, 'direction_type': 'outbound', 'id': 'route:IDFM:RATP:549-C01383-2278421'}, {'direction': {'embedded_type': 'stop_area', 'stop_area': {'codes': [{'type': 'source', 'value': 'FR::multimodalStopPlace:72358:FR1'}], 'name': 'Saint-Denis - Université', 'links': [], 'coord': {'lat': '48.946196', 'lon': '2.364518'}, 'label': 'Saint-Denis - Université (Saint-Denis)', 'timezone': 'Europe/Paris', 'id': 'stop_area:IDFM:72358'}, 'quality': 0, 'name': 'Saint-Denis - Université (Saint-Denis)', 'id': 'stop_area:IDFM:72358'}, 'codes': [{'type': 'Netex_ServiceJourneyPattern', 'value': 'RATP:ServiceJourneyPattern:549-C01383-2204100:LOC'}, {'type': 'Netex_ServiceJourneyPattern', 'value': 'RATP:ServiceJourneyPattern:549-C01383-912414:LOC'}, {'type': 'Netex_ServiceJourneyPattern', 'value': 'RATP:ServiceJourneyPattern:549-C01383-912415:LOC'}, {'type': 'Netex_ServiceJourneyPattern', 'value': 'RATP:ServiceJourneyPattern:549-C01383-912421:LOC'}, {'type': 'source', 'value': 'RATP:Route:549-C01383-2278422:LOC'}], 'name': 'Aller Saint-Denis - Universite / Les Courtilles (Asnieres - Gennevilliers)', 'links': [], 'is_frequence': 'False', 'geojson': {'type': 'MultiLineString', 'coordinates': []}, 'direction_type': 'outbound', 'id': 'route:IDFM:RATP:549-C01383-2278422'}, {'direction': {'embedded_type': 'stop_area', 'stop_area': {'codes': [{'type': 'source', 'value': 'FR::multimodalStopPlace:461505:FR1'}], 'name': 'Châtillon-Montrouge', 'links': [], 'coord': {'lat': '48.811131', 'lon': '2.30206'}, 'label': 'Châtillon-Montrouge (Châtillon) (Montrouge) (Malakoff)', 'timezone': 'Europe/Paris', 'id': 'stop_area:IDFM:461505'}, 'quality': 0, 'name': 'Châtillon-Montrouge (Châtillon) (Montrouge) (Malakoff)', 'id': 'stop_area:IDFM:461505'}, 'codes': [{'type': 'Netex_ServiceJourneyPattern', 'value': 'RATP:ServiceJourneyPattern:549-C01383-2204104:LOC'}, {'type': 'Netex_ServiceJourneyPattern', 'value': 'RATP:ServiceJourneyPattern:549-C01383-912416:LOC'}, {'type': 'Netex_ServiceJourneyPattern', 'value': 'RATP:ServiceJourneyPattern:549-C01383-912423:LOC'}, {'type': 'source', 'value': 'RATP:Route:549-C01383-2278423:LOC'}], 'name': 'Retour Châtillon - Montrouge', 'links': [], 'is_frequence': 'False', 'geojson': {'type': 'MultiLineString', 'coordinates': []}, 'direction_type': 'inbound', 'id': 'route:IDFM:RATP:549-C01383-2278423'}, {'direction': {'embedded_type': 'stop_area', 'stop_area': {'codes': [{'type': 'source', 'value': 'FR::multimodalStopPlace:461505:FR1'}], 'name': 'Châtillon-Montrouge', 'links': [], 'coord': {'lat': '48.811131', 'lon': '2.30206'}, 'label': 'Châtillon-Montrouge (Châtillon) (Montrouge) (Malakoff)', 'timezone': 'Europe/Paris', 'id': 'stop_area:IDFM:461505'}, 'quality': 0, 'name': 'Châtillon-Montrouge (Châtillon) (Montrouge) (Malakoff)', 'id': 'stop_area:IDFM:461505'}, 'codes': [{'type': 'Netex_ServiceJourneyPattern', 'value': 'RATP:ServiceJourneyPattern:549-C01383-912417:LOC'}, {'type': 'Netex_ServiceJourneyPattern', 'value': 'RATP:ServiceJourneyPattern:549-C01383-912424:LOC'}, {'type': 'source', 'value': 'RATP:Route:549-C01383-2278424:LOC'}], 'name': 'Retour Châtillon - Montrouge', 'links': [], 'is_frequence': 'False', 'geojson': {'type': 'MultiLineString', 'coordinates': []}, 'direction_type': 'inbound', 'id': 'route:IDFM:RATP:549-C01383-2278424'}];MultiLineString;[];000000;[{'id': 'physical_mode:Metro', 'name': 'Métro'}];[{'type': 'Netex_PrivateCode', 'value': '100110013'}, {'type': 'source', 'value': 'FR1:Line:C01383:'}];021500;053000;commercial_mode:Metro;Métro;line:IDFM:C01383;Châtillon-Montrouge - Saint-Denis - Université;4;['route:IDFM:RATP:549-C01383-2278421', 'route:IDFM:RATP:549-C01383-2278422', 'route:IDFM:RATP:549-C01383-2278423', 'route:IDFM:RATP:549-C01383-2278424'];['Aller Saint-Denis - Universite / Les Courtilles (Asnieres - Gennevilliers)', 'Aller Saint-Denis - Universite / Les Courtilles (Asnieres - Gennevilliers)', 'Retour Châtillon - Montrouge', 'Retour Châtillon - Montrouge'];['stop_area:IDFM:72286', 'stop_area:IDFM:72358', 'stop_area:IDFM:461505', 'stop_area:IDFM:461505'];['Asnières - Gennevilliers les Courtilles', 'Saint-Denis - Université', 'Châtillon-Montrouge', 'Châtillon-Montrouge'];['False', 'False', 'False', 'False'];['outbound', 'outbound', 'inbound', 'inbound']
14;[{'type': 'source', 'value': 'FR1:Operator:100:LOC'}];network:IDFM:Operator_100;[];RATP;[{'internal': True, 'type': 'disruption', 'id': '27ca9590-59f5-11ec-842f-005056a47b86', 'rel': 'disruptions', 'templated': False}, {'internal': True, 'type': 'disruption', 'id': '27cd6dec-59f5-11ec-9b0c-005056a44da2', 'rel': 'disruptions', 'templated': False}, {'internal': True, 'type': 'disruption', 'id': '7e38ebf4-fdfe-11ec-be3d-005056a47b86', 'rel': 'disruptions', 'templated': False}, {'internal': True, 'type': 'disruption', 'id': '8de34df8-59f6-11ec-9102-005056a44da2', 'rel': 'disruptions', 'templated': False}, {'internal': True, 'type': 'disruption', 'id': 'd2a8d3f0-e019-11ec-8599-005056a44da2', 'rel': 'disruptions', 'templated': False}, {'internal': True, 'type': 'disruption', 'id': '01544cea-fc8d-11ec-9cec-005056a44da2', 'rel': 'disruptions', 'templated': False}, {'internal': True, 'type': 'disruption', 'id': '5783c908-f1fa-11ec-a857-005056a47b86', 'rel': 'disruptions', 'templated': False}];62259D;[{'direction': {'embedded_type': 'stop_area', 'stop_area': {'codes': [{'type': 'source', 'value': 'FR::multimodalStopPlace:71557:FR1'}], 'name': 'Olympiades', 'links': [], 'coord': {'lat': '48.827071', 'lon': '2.367203'}, 'label': 'Olympiades (Paris)', 'timezone': 'Europe/Paris', 'id': 'stop_area:IDFM:71557'}, 'quality': 0, 'name': 'Olympiades (Paris)', 'id': 'stop_area:IDFM:71557'}, 'codes': [{'type': 'Netex_ServiceJourneyPattern', 'value': 'RATP:ServiceJourneyPattern:3495-C01384-1393023:LOC'}, {'type': 'Netex_ServiceJourneyPattern', 'value': 'RATP:ServiceJourneyPattern:3495-C01384-1393024:LOC'}, {'type': 'Netex_ServiceJourneyPattern', 'value': 'RATP:ServiceJourneyPattern:3495-C01384-2474586:LOC'}, {'type': 'Netex_ServiceJourneyPattern', 'value': 'RATP:ServiceJourneyPattern:3495-C01384-2474587:LOC'}, {'type': 'source', 'value': 'RATP:Route:2311-C01384-2439182:LOC'}], 'name': 'Saint-Lazare - Olympiades', 'links': [], 'is_frequence': 'False', 'geojson': {'type': 'MultiLineString', 'coordinates': []}, 'direction_type': 'outbound', 'id': 'route:IDFM:RATP:2311-C01384-2439182'}, {'direction': {'embedded_type': 'stop_area', 'stop_area': {'codes': [{'type': 'source', 'value': 'FR::multimodalStopPlace:72168:FR1'}], 'name': 'Mairie de Saint-Ouen', 'links': [{'internal': True, 'type': 'disruption', 'id': '97327d4e-43ed-11ec-b546-005056a47b86', 'rel': 'disruptions', 'templated': False}], 'coord': {'lat': '48.912609', 'lon': '2.334393'}, 'label': 'Mairie de Saint-Ouen (Saint-Ouen-sur-Seine)', 'timezone': 'Europe/Paris', 'id': 'stop_area:IDFM:72168'}, 'quality': 0, 'name': 'Mairie de Saint-Ouen (Saint-Ouen-sur-Seine)', 'id': 'stop_area:IDFM:72168'}, 'codes': [{'type': 'Netex_ServiceJourneyPattern', 'value': 'RATP:ServiceJourneyPattern:3495-C01384-2474598:LOC'}, {'type': 'Netex_ServiceJourneyPattern', 'value': 'RATP:ServiceJourneyPattern:3495-C01384-2474599:LOC'}, {'type': 'Netex_ServiceJourneyPattern', 'value': 'RATP:ServiceJourneyPattern:3495-C01384-2474600:LOC'}, {'type': 'Netex_ServiceJourneyPattern', 'value': 'RATP:ServiceJourneyPattern:3495-C01384-2474601:LOC'}, {'type': 'Netex_ServiceJourneyPattern', 'value': 'RATP:ServiceJourneyPattern:3495-C01384-2474602:LOC'}, {'type': 'Netex_ServiceJourneyPattern', 'value': 'RATP:ServiceJourneyPattern:40182-C01384-2474589:LOC'}, {'type': 'Netex_ServiceJourneyPattern', 'value': 'RATP:ServiceJourneyPattern:40182-C01384-2474591:LOC'}, {'type': 'Netex_ServiceJourneyPattern', 'value': 'RATP:ServiceJourneyPattern:40182-C01384-2474595:LOC'}, {'type': 'Netex_ServiceJourneyPattern', 'value': 'RATP:ServiceJourneyPattern:40182-C01384-2557299:LOC'}, {'type': 'source', 'value': 'RATP:Route:2311-C01384-2439183:LOC'}], 'name': 'Olympiades - Saint-Lazare', 'links': [], 'is_frequence': 'False', 'geojson': {'type': 'MultiLineString', 'coordinates': []}, 'direction_type': 'inbound', 'id': 'route:IDFM:RATP:2311-C01384-2439183'}];MultiLineString;[];FFFFFF;[{'id': 'physical_mode:Metro', 'name': 'Métro'}];[{'type': 'Netex_PrivateCode', 'value': '100110014'}, {'type': 'source', 'value': 'FR1:Line:C01384:'}];021500;051800;commercial_mode:Metro;Métro;line:IDFM:C01384;Olympiades - Mairie de Saint-Ouen;2;['route:IDFM:RATP:2311-C01384-2439182', 'route:IDFM:RATP:2311-C01384-2439183'];['Saint-Lazare - Olympiades', 'Olympiades - Saint-Lazare'];['stop_area:IDFM:71557', 'stop_area:IDFM:72168'];['Olympiades', 'Mairie de Saint-Ouen'];['False', 'False'];['outbound', 'inbound']
