status;category;severity__color;severity__priority;severity__name;severity__effect;tags;application_periods;impact_id;messages;updated_at;uri;impacted_objects;id;disruption_uri;contributor;cause;disruption_id;embedded_type;line_code;line_name;line_physical_mode;line_commecial_mode;stop_area_value;stop_area_name;stop_area_label
active;Incidents;#FF0000;0;bloquante;NO_SERVICE;['Actualité'];[{'begin': '20220601T210000', 'end': '20220602T020000'}, {'begin': '20220517T210000', 'end': '20220518T020000'}, {'begin': '20220714T210000', 'end': '20220715T020000'}, {'begin': '20220620T210000', 'end': '20220621T020000'}, {'begin': '20220616T210000', 'end': '20220617T020000'}, {'begin': '20220608T210000', 'end': '20220609T020000'}, {'begin': '20220614T210000', 'end': '20220615T020000'}, {'begin': '20220516T210000', 'end': '20220517T020000'}, {'begin': '20220603T210000', 'end': '20220604T020000'}, {'begin': '20220630T210000', 'end': '20220701T020000'}, {'begin': '20220712T210000', 'end': '20220713T020000'}, {'begin': '20220715T210000', 'end': '20220716T020000'}, {'begin': '20220704T210000', 'end': '20220705T020000'}, {'begin': '20220708T210000', 'end': '20220709T020000'}, {'begin': '20220705T210000', 'end': '20220706T020000'}, {'begin': '20220627T210000', 'end': '20220628T020000'}, {'begin': '20220628T210000', 'end': '20220629T020000'}, {'begin': '20220622T210000', 'end': '20220623T020000'}, {'begin': '20220621T210000', 'end': '20220622T020000'}, {'begin': '20220617T210000', 'end': '20220618T020000'}, {'begin': '20220610T210000', 'end': '20220611T020000'}, {'begin': '20220613T210000', 'end': '20220614T020000'}, {'begin': '20220606T210000', 'end': '20220607T020000'}, {'begin': '20220607T210000', 'end': '20220608T020000'}, {'begin': '20220520T210000', 'end': '20220521T020000'}, {'begin': '20220531T210000', 'end': '20220601T020000'}, {'begin': '20220524T210000', 'end': '20220525T020000'}, {'begin': '20220527T210000', 'end': '20220528T020000'}, {'begin': '20220602T210000', 'end': '20220603T020000'}, {'begin': '20220519T210000', 'end': '20220520T020000'}, {'begin': '20220623T210000', 'end': '20220624T020000'}, {'begin': '20220518T210000', 'end': '20220519T020000'}, {'begin': '20220711T210000', 'end': '20220712T020000'}, {'begin': '20220624T210000', 'end': '20220625T020000'}, {'begin': '20220701T210000', 'end': '20220702T020000'}, {'begin': '20220713T210000', 'end': '20220714T020000'}, {'begin': '20220526T210000', 'end': '20220527T020000'}, {'begin': '20220707T210000', 'end': '20220708T020000'}, {'begin': '20220629T210000', 'end': '20220630T020000'}, {'begin': '20220706T210000', 'end': '20220707T020000'}, {'begin': '20220523T210000', 'end': '20220524T020000'}, {'begin': '20220609T210000', 'end': '20220610T020000'}, {'begin': '20220530T210000', 'end': '20220531T020000'}, {'begin': '20220525T210000', 'end': '20220526T020000'}, {'begin': '20220615T210000', 'end': '20220616T020000'}];d6f3494c-c54b-11ec-9afe-005056a44da2;"['Ligne T4 : du 16/05 au 15/07', '<p>Période : à partir de 21h00 jusqu\'en fin de soirée<br>Dates : du lundi 16 mai au vendredi 15 juillet, sauf les week-ends<br>Le trafic est interrompu sur l\'ensemble de la ligne.<br>Un service de bus de remplacement est mis en place, avec desserte des gares intermédiaires.<br><a href=""https://www.transilien.com/sites/transilien/files/sentinelle-t4-aulnay-bondy-hopitaldemontfermeil-du16maiau15juillet.pdf"" target="""">Pour plus d\'informations, cliquez ici pour télécharger l\'affiche PDF.</a><br>Les horaires du calculateur d\'itinéraire tiennent compte des travaux.<br>Motif : \xa0travaux.</p>']";20220426T123006;d6f3494c-c54b-11ec-9afe-005056a44da2;[{'pt_object': {'embedded_type': 'line', 'line': {'code': 'T4', 'name': 'T4', 'links': [], 'color': 'FED100', 'geojson': {'type': 'MultiLineString', 'coordinates': []}, 'text_color': 'FFFFFF', 'physical_modes': [{'id': 'physical_mode:Tramway', 'name': 'Tramway'}], 'codes': [{'type': 'Netex_PrivateCode', 'value': '800850009'}, {'type': 'osm_company', 'value': 'SNCF'}, {'type': 'osm_line_id', 'value': 'relation:6910344'}, {'type': 'osm_network', 'value': 'Transilien'}, {'type': 'source', 'value': 'FR1:Line:C01843:'}], 'closing_time': '015400', 'opening_time': '043000', 'commercial_mode': {'id': 'commercial_mode:Tramway', 'name': 'Tramway'}, 'id': 'line:IDFM:C01843'}, 'quality': 0, 'name': 'Transilien Tramway T4', 'id': 'line:IDFM:C01843'}}];d6f3494c-c54b-11ec-9afe-005056a44da2;76bfd770-c53c-11ec-99ef-005056a44da2;shortterm.tr_idfm;travaux;76bfd770-c53c-11ec-99ef-005056a44da2;['line'];['T4', ''];['T4', ''];[[{'id': 'physical_mode:Tramway', 'name': 'Tramway'}], ''];[''];[''];[''];['']
active;Incidents;#FF0000;0;bloquante;NO_SERVICE;['Actualité'];[{'begin': '20220516T230000', 'end': '20220716T051500'}];57f4b218-c774-11ec-b33d-005056a47b86;"['Tramway T4 : Travaux > Trafic interrompu', ""<p>À partir du lundi 16 mai 2022, en raison de travaux, le trafic sera interrompu de 21h00 à fin de service sur la ligne T4 du Tramway jusqu'au vendredi 15 juillet 2022. Des bus de remplacement sont mis à disposition. (Interruption du lundi au vendredi uniquement.)<br><a href='http://www.ratp.fr'>Plus d'informations sur le site ratp.fr</a></p>"", 'Tramway T4 : Travaux > Trafic interrompu', ""<p>À partir du lundi 16 mai 2022, en raison de travaux, le trafic sera interrompu de 21h00 à fin de service sur la ligne T4 du Tramway jusqu'au vendredi 15 juillet 2022. Des bus de remplacement sont mis à disposition. (Interruption du lundi au vendredi uniquement.)<br><a href='http://www.ratp.fr'>Plus d'informations sur le site ratp.fr</a></p>""]";20220429T062504;57f4b218-c774-11ec-b33d-005056a47b86;[{'pt_object': {'embedded_type': 'line', 'line': {'code': 'T4', 'name': 'T4', 'links': [], 'color': 'FED100', 'geojson': {'type': 'MultiLineString', 'coordinates': []}, 'text_color': 'FFFFFF', 'physical_modes': [{'id': 'physical_mode:Tramway', 'name': 'Tramway'}], 'codes': [{'type': 'Netex_PrivateCode', 'value': '800850009'}, {'type': 'osm_company', 'value': 'SNCF'}, {'type': 'osm_line_id', 'value': 'relation:6910344'}, {'type': 'osm_network', 'value': 'Transilien'}, {'type': 'source', 'value': 'FR1:Line:C01843:'}], 'closing_time': '015400', 'opening_time': '043000', 'commercial_mode': {'id': 'commercial_mode:Tramway', 'name': 'Tramway'}, 'id': 'line:IDFM:C01843'}, 'quality': 0, 'name': 'Transilien Tramway T4', 'id': 'line:IDFM:C01843'}}];57f4b218-c774-11ec-b33d-005056a47b86;57f3eb26-c774-11ec-b33d-005056a47b86;shortterm.tr_idfm;travaux;57f3eb26-c774-11ec-b33d-005056a47b86;['line'];['T4', ''];['T4', ''];[[{'id': 'physical_mode:Tramway', 'name': 'Tramway'}], ''];[''];[''];[''];['']
active;Incidents;#EF662F;30;perturbée;SIGNIFICANT_DELAYS;['Ascenseur'];[{'begin': '20210603T091140', 'end': '20220603T091140'}];f1c424f2-c43a-11eb-807a-005056a44da2;"[""Panne d'un ascenseur"", ""GARE DE VIROFLAY RIVE DROITE Panne de l'ascenseur situé VRD MZH /Surface, direction mezzanine"", ""GARE DE VIROFLAY RIVE DROITE Panne de l'ascenseur situé VRD MZH /Surface, direction mezzanine"", 'GARE DE VIROFLAY RIVE DROITE Panne ascenseur situé VRD MZH /Surface, dir. mezzanine']";20210603T091140;f1c424f2-c43a-11eb-807a-005056a44da2;[{'pt_object': {'embedded_type': 'stop_area', 'stop_area': {'codes': [{'type': 'source', 'value': 'FR::multimodalStopPlace:422420:FR1'}], 'name': 'Viroflay Rive Droite', 'links': [], 'coord': {'lat': '48.805778', 'lon': '2.16827'}, 'label': 'Viroflay Rive Droite (Viroflay)', 'timezone': 'Europe/Paris', 'id': 'stop_area:IDFM:422420'}, 'quality': 0, 'name': 'Viroflay Rive Droite (Viroflay)', 'id': 'stop_area:IDFM:422420'}}];f1c424f2-c43a-11eb-807a-005056a44da2;f1c36788-c43a-11eb-807a-005056a44da2;shortterm.tr_idfm;perturbation;f1c36788-c43a-11eb-807a-005056a44da2;['stop_area'];[''];[''];[''];[''];['FR::multimodalStopPlace:422420:FR1'];['Viroflay Rive Droite'];['Viroflay Rive Droite (Viroflay)']
active;Incidents;#EF662F;30;perturbée;SIGNIFICANT_DELAYS;['Ascenseur'];[{'begin': '20210614T201302', 'end': '20220614T201302'}];289cde74-cd3c-11eb-890a-005056a44da2;"[""Panne d'un ascenseur"", ""GARE DE VIROFLAY RIVE DROITE Panne de l'ascenseur situé VRD MZH /Surface, direction mezzanine"", ""GARE DE VIROFLAY RIVE DROITE Panne de l'ascenseur situé VRD MZH /Surface, direction mezzanine"", 'GARE DE VIROFLAY RIVE DROITE Panne ascenseur situé VRD MZH /Surface, dir. mezzanine']";20210614T201302;289cde74-cd3c-11eb-890a-005056a44da2;[{'pt_object': {'embedded_type': 'stop_area', 'stop_area': {'codes': [{'type': 'source', 'value': 'FR::multimodalStopPlace:422420:FR1'}], 'name': 'Viroflay Rive Droite', 'links': [], 'coord': {'lat': '48.805778', 'lon': '2.16827'}, 'label': 'Viroflay Rive Droite (Viroflay)', 'timezone': 'Europe/Paris', 'id': 'stop_area:IDFM:422420'}, 'quality': 0, 'name': 'Viroflay Rive Droite (Viroflay)', 'id': 'stop_area:IDFM:422420'}}];289cde74-cd3c-11eb-890a-005056a44da2;289c1034-cd3c-11eb-890a-005056a44da2;shortterm.tr_idfm;perturbation;289c1034-cd3c-11eb-890a-005056a44da2;['stop_area'];[''];[''];[''];[''];['FR::multimodalStopPlace:422420:FR1'];['Viroflay Rive Droite'];['Viroflay Rive Droite (Viroflay)']
active;Incidents;#EF662F;30;perturbée;SIGNIFICANT_DELAYS;['Ascenseur'];[{'begin': '20210616T201259', 'end': '20220616T201259'}];7bbee17c-cece-11eb-8f58-005056a44da2;"[""Panne d'un ascenseur"", ""GARE DE VIROFLAY RIVE DROITE Panne de l'ascenseur situé VRD MZH /Surface, direction mezzanine, jusqu'au 2021-06-17"", ""GARE DE VIROFLAY RIVE DROITE Panne de l'ascenseur situé VRD MZH /Surface, direction mezzanine, jusqu'au 2021-06-17"", ""GARE DE VIROFLAY RIVE DROITE Panne ascenseur jusqu'au 2021-06-17 situé VRD MZH /Surface, dir. mezzanine""]";20210616T201300;7bbee17c-cece-11eb-8f58-005056a44da2;[{'pt_object': {'embedded_type': 'stop_area', 'stop_area': {'codes': [{'type': 'source', 'value': 'FR::multimodalStopPlace:422420:FR1'}], 'name': 'Viroflay Rive Droite', 'links': [], 'coord': {'lat': '48.805778', 'lon': '2.16827'}, 'label': 'Viroflay Rive Droite (Viroflay)', 'timezone': 'Europe/Paris', 'id': 'stop_area:IDFM:422420'}, 'quality': 0, 'name': 'Viroflay Rive Droite (Viroflay)', 'id': 'stop_area:IDFM:422420'}}];7bbee17c-cece-11eb-8f58-005056a44da2;7bbe1d6e-cece-11eb-8f58-005056a44da2;shortterm.tr_idfm;perturbation;7bbe1d6e-cece-11eb-8f58-005056a44da2;['stop_area'];[''];[''];[''];[''];['FR::multimodalStopPlace:422420:FR1'];['Viroflay Rive Droite'];['Viroflay Rive Droite (Viroflay)']
active;Incidents;#EF662F;30;perturbée;SIGNIFICANT_DELAYS;['Ascenseur'];[{'begin': '20210620T201149', 'end': '20220620T201149'}];fb6f6c08-d1f2-11eb-a4f8-005056a44da2;"[""Panne d'un ascenseur"", ""GARE DE VIROFLAY RIVE DROITE Panne de l'ascenseur situé VRD MZH /Surface, direction mezzanine"", ""GARE DE VIROFLAY RIVE DROITE Panne de l'ascenseur situé VRD MZH /Surface, direction mezzanine"", 'GARE DE VIROFLAY RIVE DROITE Panne ascenseur situé VRD MZH /Surface, dir. mezzanine']";20210620T201149;fb6f6c08-d1f2-11eb-a4f8-005056a44da2;[{'pt_object': {'embedded_type': 'stop_area', 'stop_area': {'codes': [{'type': 'source', 'value': 'FR::multimodalStopPlace:422420:FR1'}], 'name': 'Viroflay Rive Droite', 'links': [], 'coord': {'lat': '48.805778', 'lon': '2.16827'}, 'label': 'Viroflay Rive Droite (Viroflay)', 'timezone': 'Europe/Paris', 'id': 'stop_area:IDFM:422420'}, 'quality': 0, 'name': 'Viroflay Rive Droite (Viroflay)', 'id': 'stop_area:IDFM:422420'}}];fb6f6c08-d1f2-11eb-a4f8-005056a44da2;fb6e909e-d1f2-11eb-a4f8-005056a44da2;shortterm.tr_idfm;perturbation;fb6e909e-d1f2-11eb-a4f8-005056a44da2;['stop_area'];[''];[''];[''];[''];['FR::multimodalStopPlace:422420:FR1'];['Viroflay Rive Droite'];['Viroflay Rive Droite (Viroflay)']
active;Incidents;#EF662F;30;perturbée;SIGNIFICANT_DELAYS;['Ascenseur'];[{'begin': '20210621T142228', 'end': '20220621T142228'}];5829a6d2-d28b-11eb-adbc-005056a47b86;"[""Panne d'un ascenseur"", ""GARE DE VIROFLAY RIVE DROITE Panne de l'ascenseur situé VRD MZH /Surface, direction mezzanine, jusqu'au 2021-06-22"", ""GARE DE VIROFLAY RIVE DROITE Panne de l'ascenseur situé VRD MZH /Surface, direction mezzanine, jusqu'au 2021-06-22"", ""GARE DE VIROFLAY RIVE DROITE Panne ascenseur jusqu'au 2021-06-22 situé VRD MZH /Surface, dir. mezzanine""]";20210621T142228;5829a6d2-d28b-11eb-adbc-005056a47b86;[{'pt_object': {'embedded_type': 'stop_area', 'stop_area': {'codes': [{'type': 'source', 'value': 'FR::multimodalStopPlace:422420:FR1'}], 'name': 'Viroflay Rive Droite', 'links': [], 'coord': {'lat': '48.805778', 'lon': '2.16827'}, 'label': 'Viroflay Rive Droite (Viroflay)', 'timezone': 'Europe/Paris', 'id': 'stop_area:IDFM:422420'}, 'quality': 0, 'name': 'Viroflay Rive Droite (Viroflay)', 'id': 'stop_area:IDFM:422420'}}];5829a6d2-d28b-11eb-adbc-005056a47b86;5828e620-d28b-11eb-adbc-005056a47b86;shortterm.tr_idfm;perturbation;5828e620-d28b-11eb-adbc-005056a47b86;['stop_area'];[''];[''];[''];[''];['FR::multimodalStopPlace:422420:FR1'];['Viroflay Rive Droite'];['Viroflay Rive Droite (Viroflay)']
active;Incidents;#EF662F;30;perturbée;SIGNIFICANT_DELAYS;['Ascenseur'];[{'begin': '20210621T201341', 'end': '20220621T201341'}];6897836e-d2bc-11eb-a4f8-005056a44da2;"[""Panne d'un ascenseur"", ""GARE DE VIROFLAY RIVE DROITE Panne de l'ascenseur situé VRD Quai 1/ MZH, direction Viroflay"", ""GARE DE VIROFLAY RIVE DROITE Panne de l'ascenseur situé VRD Quai 1/ MZH, direction Viroflay"", 'GARE DE VIROFLAY RIVE DROITE Panne ascenseur situé VRD Quai 1/ MZH, dir. Viroflay']";20210621T201341;6897836e-d2bc-11eb-a4f8-005056a44da2;[{'pt_object': {'embedded_type': 'stop_area', 'stop_area': {'codes': [{'type': 'source', 'value': 'FR::multimodalStopPlace:422420:FR1'}], 'name': 'Viroflay Rive Droite', 'links': [], 'coord': {'lat': '48.805778', 'lon': '2.16827'}, 'label': 'Viroflay Rive Droite (Viroflay)', 'timezone': 'Europe/Paris', 'id': 'stop_area:IDFM:422420'}, 'quality': 0, 'name': 'Viroflay Rive Droite (Viroflay)', 'id': 'stop_area:IDFM:422420'}}];6897836e-d2bc-11eb-a4f8-005056a44da2;6896aa0c-d2bc-11eb-a4f8-005056a44da2;shortterm.tr_idfm;perturbation;6896aa0c-d2bc-11eb-a4f8-005056a44da2;['stop_area'];[''];[''];[''];[''];['FR::multimodalStopPlace:422420:FR1'];['Viroflay Rive Droite'];['Viroflay Rive Droite (Viroflay)']
active;Incidents;#EF662F;30;perturbée;SIGNIFICANT_DELAYS;['Ascenseur'];[{'begin': '20210621T201344', 'end': '20220621T201344'}];6a591622-d2bc-11eb-a252-005056a44da2;"[""Panne d'un ascenseur"", ""GARE DE VIROFLAY RIVE DROITE Panne de l'ascenseur situé VRD Quai 2/ MZH, direction Chatillon"", ""GARE DE VIROFLAY RIVE DROITE Panne de l'ascenseur situé VRD Quai 2/ MZH, direction Chatillon"", 'GARE DE VIROFLAY RIVE DROITE Panne ascenseur situé VRD Quai 2/ MZH, dir. Chatillon']";20210621T201344;6a591622-d2bc-11eb-a252-005056a44da2;[{'pt_object': {'embedded_type': 'stop_area', 'stop_area': {'codes': [{'type': 'source', 'value': 'FR::multimodalStopPlace:422420:FR1'}], 'name': 'Viroflay Rive Droite', 'links': [], 'coord': {'lat': '48.805778', 'lon': '2.16827'}, 'label': 'Viroflay Rive Droite (Viroflay)', 'timezone': 'Europe/Paris', 'id': 'stop_area:IDFM:422420'}, 'quality': 0, 'name': 'Viroflay Rive Droite (Viroflay)', 'id': 'stop_area:IDFM:422420'}}];6a591622-d2bc-11eb-a252-005056a44da2;6a5853ae-d2bc-11eb-a252-005056a44da2;shortterm.tr_idfm;perturbation;6a5853ae-d2bc-11eb-a252-005056a44da2;['stop_area'];[''];[''];[''];[''];['FR::multimodalStopPlace:422420:FR1'];['Viroflay Rive Droite'];['Viroflay Rive Droite (Viroflay)']
active;Incidents;#EF662F;30;perturbée;SIGNIFICANT_DELAYS;['Ascenseur'];[{'begin': '20210627T141129', 'end': '20220627T141129'}];cde3cc7c-d740-11eb-afa3-005056a47b86;"[""Panne d'un ascenseur"", ""GARE DE VIROFLAY RIVE DROITE Panne de l'ascenseur situé VRD Quai 2/ MZH, direction Chatillon"", ""GARE DE VIROFLAY RIVE DROITE Panne de l'ascenseur situé VRD Quai 2/ MZH, direction Chatillon"", 'GARE DE VIROFLAY RIVE DROITE Panne ascenseur situé VRD Quai 2/ MZH, dir. Chatillon']";20210627T141129;cde3cc7c-d740-11eb-afa3-005056a47b86;[{'pt_object': {'embedded_type': 'stop_area', 'stop_area': {'codes': [{'type': 'source', 'value': 'FR::multimodalStopPlace:422420:FR1'}], 'name': 'Viroflay Rive Droite', 'links': [], 'coord': {'lat': '48.805778', 'lon': '2.16827'}, 'label': 'Viroflay Rive Droite (Viroflay)', 'timezone': 'Europe/Paris', 'id': 'stop_area:IDFM:422420'}, 'quality': 0, 'name': 'Viroflay Rive Droite (Viroflay)', 'id': 'stop_area:IDFM:422420'}}];cde3cc7c-d740-11eb-afa3-005056a47b86;cde2f0ae-d740-11eb-afa3-005056a47b86;shortterm.tr_idfm;perturbation;cde2f0ae-d740-11eb-afa3-005056a47b86;['stop_area'];[''];[''];[''];[''];['FR::multimodalStopPlace:422420:FR1'];['Viroflay Rive Droite'];['Viroflay Rive Droite (Viroflay)']
active;Incidents;#EF662F;30;perturbée;SIGNIFICANT_DELAYS;['Ascenseur'];[{'begin': '20210630T081109', 'end': '20220630T081109'}];28b529ee-da33-11eb-b67d-005056a44da2;"[""Panne d'un ascenseur"", ""Gare d'Aulnay sous Bois Panne de l'ascenseur situé Accès GARE ROUTIERE, jusqu'au 2021-07-03"", ""Gare d'Aulnay sous Bois Panne de l'ascenseur situé Accès GARE ROUTIERE, jusqu'au 2021-07-03"", ""Gare d'Aulnay sous Bois Panne ascenseur jusqu'au 2021-07-03 situé Accès GARE ROUTIERE""]";20210701T081122;28b529ee-da33-11eb-b67d-005056a44da2;[{'pt_object': {'embedded_type': 'stop_area', 'stop_area': {'codes': [{'type': 'source', 'value': 'FR::multimodalStopPlace:72646:FR1'}], 'name': 'Aulnay-sous-Bois', 'links': [], 'coord': {'lat': '48.931907', 'lon': '2.495429'}, 'label': 'Aulnay-sous-Bois (Aulnay-sous-Bois)', 'timezone': 'Europe/Paris', 'id': 'stop_area:IDFM:72646'}, 'quality': 0, 'name': 'Aulnay-sous-Bois (Aulnay-sous-Bois)', 'id': 'stop_area:IDFM:72646'}}];28b529ee-da33-11eb-b67d-005056a44da2;f6c05874-d969-11eb-8f7a-005056a44da2;shortterm.tr_idfm;perturbation;f6c05874-d969-11eb-8f7a-005056a44da2;['stop_area'];[''];[''];[''];[''];['FR::multimodalStopPlace:72646:FR1'];['Aulnay-sous-Bois'];['Aulnay-sous-Bois (Aulnay-sous-Bois)']
active;Incidents;#EF662F;30;perturbée;SIGNIFICANT_DELAYS;['Ascenseur'];[{'begin': '20210721T201139', 'end': '20220721T201139'}];1869d61c-ea4f-11eb-9a1d-005056a47b86;"[""Panne d'un ascenseur"", ""GARE DE VIROFLAY RIVE DROITE Panne de l'ascenseur situé VRD MZH /Surface, direction mezzanine"", ""GARE DE VIROFLAY RIVE DROITE Panne de l'ascenseur situé VRD MZH /Surface, direction mezzanine"", 'GARE DE VIROFLAY RIVE DROITE Panne ascenseur situé VRD MZH /Surface, dir. mezzanine']";20210721T201139;1869d61c-ea4f-11eb-9a1d-005056a47b86;[{'pt_object': {'embedded_type': 'stop_area', 'stop_area': {'codes': [{'type': 'source', 'value': 'FR::multimodalStopPlace:422420:FR1'}], 'name': 'Viroflay Rive Droite', 'links': [], 'coord': {'lat': '48.805778', 'lon': '2.16827'}, 'label': 'Viroflay Rive Droite (Viroflay)', 'timezone': 'Europe/Paris', 'id': 'stop_area:IDFM:422420'}, 'quality': 0, 'name': 'Viroflay Rive Droite (Viroflay)', 'id': 'stop_area:IDFM:422420'}}];1869d61c-ea4f-11eb-9a1d-005056a47b86;18690afc-ea4f-11eb-9a1d-005056a47b86;shortterm.tr_idfm;perturbation;18690afc-ea4f-11eb-9a1d-005056a47b86;['stop_area'];[''];[''];[''];[''];['FR::multimodalStopPlace:422420:FR1'];['Viroflay Rive Droite'];['Viroflay Rive Droite (Viroflay)']
active;Incidents;#EF662F;30;perturbée;SIGNIFICANT_DELAYS;['Ascenseur'];[{'begin': '20210726T141142', 'end': '20220726T141142'}];a39ccd8e-ee0a-11eb-bf98-005056a47b86;"[""Panne d'un ascenseur"", ""GARE DE VIROFLAY RIVE DROITE Panne de l'ascenseur situé VRD MZH /Surface, direction mezzanine, jusqu'au 2021-07-27"", ""GARE DE VIROFLAY RIVE DROITE Panne de l'ascenseur situé VRD MZH /Surface, direction mezzanine, jusqu'au 2021-07-27"", ""GARE DE VIROFLAY RIVE DROITE Panne ascenseur jusqu'au 2021-07-27 situé VRD MZH /Surface, dir. mezzanine""]";20210726T141142;a39ccd8e-ee0a-11eb-bf98-005056a47b86;[{'pt_object': {'embedded_type': 'stop_area', 'stop_area': {'codes': [{'type': 'source', 'value': 'FR::multimodalStopPlace:422420:FR1'}], 'name': 'Viroflay Rive Droite', 'links': [], 'coord': {'lat': '48.805778', 'lon': '2.16827'}, 'label': 'Viroflay Rive Droite (Viroflay)', 'timezone': 'Europe/Paris', 'id': 'stop_area:IDFM:422420'}, 'quality': 0, 'name': 'Viroflay Rive Droite (Viroflay)', 'id': 'stop_area:IDFM:422420'}}];a39ccd8e-ee0a-11eb-bf98-005056a47b86;a39c2078-ee0a-11eb-bf98-005056a47b86;shortterm.tr_idfm;perturbation;a39c2078-ee0a-11eb-bf98-005056a47b86;['stop_area'];[''];[''];[''];[''];['FR::multimodalStopPlace:422420:FR1'];['Viroflay Rive Droite'];['Viroflay Rive Droite (Viroflay)']
active;Incidents;#EF662F;30;perturbée;SIGNIFICANT_DELAYS;['Ascenseur'];[{'begin': '20210729T141137', 'end': '20220729T141137'}];200334fa-f066-11eb-b8b4-005056a47b86;"[""Panne d'un ascenseur"", ""GARE DE VIROFLAY RIVE DROITE Panne de l'ascenseur situé VRD Quai 1/ MZH, direction Viroflay"", ""GARE DE VIROFLAY RIVE DROITE Panne de l'ascenseur situé VRD Quai 1/ MZH, direction Viroflay"", 'GARE DE VIROFLAY RIVE DROITE Panne ascenseur situé VRD Quai 1/ MZH, dir. Viroflay']";20210729T141137;200334fa-f066-11eb-b8b4-005056a47b86;[{'pt_object': {'embedded_type': 'stop_area', 'stop_area': {'codes': [{'type': 'source', 'value': 'FR::multimodalStopPlace:422420:FR1'}], 'name': 'Viroflay Rive Droite', 'links': [], 'coord': {'lat': '48.805778', 'lon': '2.16827'}, 'label': 'Viroflay Rive Droite (Viroflay)', 'timezone': 'Europe/Paris', 'id': 'stop_area:IDFM:422420'}, 'quality': 0, 'name': 'Viroflay Rive Droite (Viroflay)', 'id': 'stop_area:IDFM:422420'}}];200334fa-f066-11eb-b8b4-005056a47b86;20025c1a-f066-11eb-b8b4-005056a47b86;shortterm.tr_idfm;perturbation;20025c1a-f066-11eb-b8b4-005056a47b86;['stop_area'];[''];[''];[''];[''];['FR::multimodalStopPlace:422420:FR1'];['Viroflay Rive Droite'];['Viroflay Rive Droite (Viroflay)']
active;Incidents;#EF662F;30;perturbée;SIGNIFICANT_DELAYS;['Ascenseur'];[{'begin': '20210807T201059', 'end': '20220807T201059'}];d18e1514-f7aa-11eb-a0c9-005056a44da2;"[""Panne d'un ascenseur"", ""GARE DE VIROFLAY RIVE DROITE Panne de l'ascenseur situé VRD Quai 2/ MZH, direction Chatillon"", ""GARE DE VIROFLAY RIVE DROITE Panne de l'ascenseur situé VRD Quai 2/ MZH, direction Chatillon"", 'GARE DE VIROFLAY RIVE DROITE Panne ascenseur situé VRD Quai 2/ MZH, dir. Chatillon']";20210807T201059;d18e1514-f7aa-11eb-a0c9-005056a44da2;[{'pt_object': {'embedded_type': 'stop_area', 'stop_area': {'codes': [{'type': 'source', 'value': 'FR::multimodalStopPlace:422420:FR1'}], 'name': 'Viroflay Rive Droite', 'links': [], 'coord': {'lat': '48.805778', 'lon': '2.16827'}, 'label': 'Viroflay Rive Droite (Viroflay)', 'timezone': 'Europe/Paris', 'id': 'stop_area:IDFM:422420'}, 'quality': 0, 'name': 'Viroflay Rive Droite (Viroflay)', 'id': 'stop_area:IDFM:422420'}}];d18e1514-f7aa-11eb-a0c9-005056a44da2;d18d35c2-f7aa-11eb-a0c9-005056a44da2;shortterm.tr_idfm;perturbation;d18d35c2-f7aa-11eb-a0c9-005056a44da2;['stop_area'];[''];[''];[''];[''];['FR::multimodalStopPlace:422420:FR1'];['Viroflay Rive Droite'];['Viroflay Rive Droite (Viroflay)']
active;Incidents;#EF662F;30;perturbée;SIGNIFICANT_DELAYS;['Ascenseur'];[{'begin': '20210815T201123', 'end': '20220815T201123'}];3304dc52-fdf4-11eb-b5ce-005056a47b86;"[""Panne d'un ascenseur"", ""GARE DE VIROFLAY RIVE DROITE Panne de l'ascenseur situé VRD Quai 2/ MZH, direction Chatillon, jusqu'au 2021-08-16"", ""GARE DE VIROFLAY RIVE DROITE Panne de l'ascenseur situé VRD Quai 2/ MZH, direction Chatillon, jusqu'au 2021-08-16"", ""GARE DE VIROFLAY RIVE DROITE Panne ascenseur jusqu'au 2021-08-16 situé VRD Quai 2/ MZH, dir. Chatillon""]";20210815T201123;3304dc52-fdf4-11eb-b5ce-005056a47b86;[{'pt_object': {'embedded_type': 'stop_area', 'stop_area': {'codes': [{'type': 'source', 'value': 'FR::multimodalStopPlace:422420:FR1'}], 'name': 'Viroflay Rive Droite', 'links': [], 'coord': {'lat': '48.805778', 'lon': '2.16827'}, 'label': 'Viroflay Rive Droite (Viroflay)', 'timezone': 'Europe/Paris', 'id': 'stop_area:IDFM:422420'}, 'quality': 0, 'name': 'Viroflay Rive Droite (Viroflay)', 'id': 'stop_area:IDFM:422420'}}];3304dc52-fdf4-11eb-b5ce-005056a47b86;33041c4a-fdf4-11eb-b5ce-005056a47b86;shortterm.tr_idfm;perturbation;33041c4a-fdf4-11eb-b5ce-005056a47b86;['stop_area'];[''];[''];[''];[''];['FR::multimodalStopPlace:422420:FR1'];['Viroflay Rive Droite'];['Viroflay Rive Droite (Viroflay)']
active;Incidents;#EF662F;30;perturbée;SIGNIFICANT_DELAYS;['Ascenseur'];[{'begin': '20210912T201246', 'end': '20220912T201246'}];0816c994-13f5-11ec-bd6c-005056a44da2;"[""Panne d'un ascenseur"", ""GARE DE VIROFLAY RIVE DROITE Panne de l'ascenseur situé VRD Quai 1/ MZH, direction Viroflay"", ""GARE DE VIROFLAY RIVE DROITE Panne de l'ascenseur situé VRD Quai 1/ MZH, direction Viroflay"", 'GARE DE VIROFLAY RIVE DROITE Panne ascenseur situé VRD Quai 1/ MZH, dir. Viroflay']";20210912T201246;0816c994-13f5-11ec-bd6c-005056a44da2;[{'pt_object': {'embedded_type': 'stop_area', 'stop_area': {'codes': [{'type': 'source', 'value': 'FR::multimodalStopPlace:422420:FR1'}], 'name': 'Viroflay Rive Droite', 'links': [], 'coord': {'lat': '48.805778', 'lon': '2.16827'}, 'label': 'Viroflay Rive Droite (Viroflay)', 'timezone': 'Europe/Paris', 'id': 'stop_area:IDFM:422420'}, 'quality': 0, 'name': 'Viroflay Rive Droite (Viroflay)', 'id': 'stop_area:IDFM:422420'}}];0816c994-13f5-11ec-bd6c-005056a44da2;081601f8-13f5-11ec-bd6c-005056a44da2;shortterm.tr_idfm;perturbation;081601f8-13f5-11ec-bd6c-005056a44da2;['stop_area'];[''];[''];[''];[''];['FR::multimodalStopPlace:422420:FR1'];['Viroflay Rive Droite'];['Viroflay Rive Droite (Viroflay)']
active;Incidents;#EF662F;30;perturbée;SIGNIFICANT_DELAYS;['Ascenseur'];[{'begin': '20210915T201213', 'end': '20220915T201213'}];73c15c74-1650-11ec-a63c-005056a44da2;"[""Panne d'un ascenseur"", ""GARE DE VIROFLAY RIVE DROITE Panne de l'ascenseur situé VRD MZH /Surface, direction mezzanine, jusqu'au 2021-09-16"", ""GARE DE VIROFLAY RIVE DROITE Panne de l'ascenseur situé VRD MZH /Surface, direction mezzanine, jusqu'au 2021-09-16"", ""GARE DE VIROFLAY RIVE DROITE Panne ascenseur jusqu'au 2021-09-16 situé VRD MZH /Surface, dir. mezzanine""]";20210915T201213;73c15c74-1650-11ec-a63c-005056a44da2;[{'pt_object': {'embedded_type': 'stop_area', 'stop_area': {'codes': [{'type': 'source', 'value': 'FR::multimodalStopPlace:422420:FR1'}], 'name': 'Viroflay Rive Droite', 'links': [], 'coord': {'lat': '48.805778', 'lon': '2.16827'}, 'label': 'Viroflay Rive Droite (Viroflay)', 'timezone': 'Europe/Paris', 'id': 'stop_area:IDFM:422420'}, 'quality': 0, 'name': 'Viroflay Rive Droite (Viroflay)', 'id': 'stop_area:IDFM:422420'}}];73c15c74-1650-11ec-a63c-005056a44da2;73c079da-1650-11ec-a63c-005056a44da2;shortterm.tr_idfm;perturbation;73c079da-1650-11ec-a63c-005056a44da2;['stop_area'];[''];[''];[''];[''];['FR::multimodalStopPlace:422420:FR1'];['Viroflay Rive Droite'];['Viroflay Rive Droite (Viroflay)']
active;Incidents;#EF662F;30;perturbée;SIGNIFICANT_DELAYS;['Ascenseur'];[{'begin': '20210921T141258', 'end': '20220921T141258'}];429b95e0-1ad5-11ec-9a97-005056a44da2;"[""Panne d'un ascenseur"", ""GARE DE VIROFLAY RIVE DROITE Panne de l'ascenseur situé VRD Quai 2/ MZH, direction Chatillon"", ""GARE DE VIROFLAY RIVE DROITE Panne de l'ascenseur situé VRD Quai 2/ MZH, direction Chatillon"", 'GARE DE VIROFLAY RIVE DROITE Panne ascenseur situé VRD Quai 2/ MZH, dir. Chatillon']";20210921T141259;429b95e0-1ad5-11ec-9a97-005056a44da2;[{'pt_object': {'embedded_type': 'stop_area', 'stop_area': {'codes': [{'type': 'source', 'value': 'FR::multimodalStopPlace:422420:FR1'}], 'name': 'Viroflay Rive Droite', 'links': [], 'coord': {'lat': '48.805778', 'lon': '2.16827'}, 'label': 'Viroflay Rive Droite (Viroflay)', 'timezone': 'Europe/Paris', 'id': 'stop_area:IDFM:422420'}, 'quality': 0, 'name': 'Viroflay Rive Droite (Viroflay)', 'id': 'stop_area:IDFM:422420'}}];429b95e0-1ad5-11ec-9a97-005056a44da2;429aeb7c-1ad5-11ec-9a97-005056a44da2;shortterm.tr_idfm;perturbation;429aeb7c-1ad5-11ec-9a97-005056a44da2;['stop_area'];[''];[''];[''];[''];['FR::multimodalStopPlace:422420:FR1'];['Viroflay Rive Droite'];['Viroflay Rive Droite (Viroflay)']
active;Incidents;#EF662F;30;perturbée;SIGNIFICANT_DELAYS;['Ascenseur'];[{'begin': '20210927T081151', 'end': '20220927T081151'}];ce544f90-1f59-11ec-b981-005056a44da2;"[""Panne d'un ascenseur"", ""GARE DE NOISY LE SEC Panne de l'ascenseur situé Souterrain <> Quai 4, direction Province"", ""GARE DE NOISY LE SEC Panne de l'ascenseur situé Souterrain <> Quai 4, direction Province"", 'GARE DE NOISY LE SEC Panne ascenseur situé Souterrain <> Quai 4, dir. Province']";20210927T081151;ce544f90-1f59-11ec-b981-005056a44da2;[{'pt_object': {'embedded_type': 'stop_area', 'stop_area': {'codes': [{'type': 'source', 'value': 'FR::multimodalStopPlace:72041:FR1'}], 'name': 'Noisy-le-Sec', 'links': [], 'coord': {'lat': '48.896234', 'lon': '2.459862'}, 'label': 'Noisy-le-Sec (Noisy-le-Sec)', 'timezone': 'Europe/Paris', 'id': 'stop_area:IDFM:72041'}, 'quality': 0, 'name': 'Noisy-le-Sec (Noisy-le-Sec)', 'id': 'stop_area:IDFM:72041'}}];ce544f90-1f59-11ec-b981-005056a44da2;ce534a78-1f59-11ec-b981-005056a44da2;shortterm.tr_idfm;perturbation;ce534a78-1f59-11ec-b981-005056a44da2;['stop_area'];[''];[''];[''];[''];['FR::multimodalStopPlace:72041:FR1'];['Noisy-le-Sec'];['Noisy-le-Sec (Noisy-le-Sec)']
active;Incidents;#EF662F;30;perturbée;SIGNIFICANT_DELAYS;['Ascenseur'];[{'begin': '20210927T081151', 'end': '20220927T081151'}];ce949154-1f59-11ec-9813-005056a47b86;"[""Panne d'un ascenseur"", ""GARE DE NOISY LE SEC Panne de l'ascenseur situé Souterrain <> Quai 4, direction Province"", ""GARE DE NOISY LE SEC Panne de l'ascenseur situé Souterrain <> Quai 4, direction Province"", 'GARE DE NOISY LE SEC Panne ascenseur situé Souterrain <> Quai 4, dir. Province']";20210927T081152;ce949154-1f59-11ec-9813-005056a47b86;[{'pt_object': {'embedded_type': 'stop_area', 'stop_area': {'codes': [{'type': 'source', 'value': 'FR::multimodalStopPlace:72041:FR1'}], 'name': 'Noisy-le-Sec', 'links': [], 'coord': {'lat': '48.896234', 'lon': '2.459862'}, 'label': 'Noisy-le-Sec (Noisy-le-Sec)', 'timezone': 'Europe/Paris', 'id': 'stop_area:IDFM:72041'}, 'quality': 0, 'name': 'Noisy-le-Sec (Noisy-le-Sec)', 'id': 'stop_area:IDFM:72041'}}];ce949154-1f59-11ec-9813-005056a47b86;ce93d85e-1f59-11ec-9813-005056a47b86;shortterm.tr_idfm;perturbation;ce93d85e-1f59-11ec-9813-005056a47b86;['stop_area'];[''];[''];[''];[''];['FR::multimodalStopPlace:72041:FR1'];['Noisy-le-Sec'];['Noisy-le-Sec (Noisy-le-Sec)']
active;Incidents;#EF662F;30;perturbée;SIGNIFICANT_DELAYS;['Ascenseur'];[{'begin': '20210927T081152', 'end': '20220927T081152'}];ceb63818-1f59-11ec-a7ef-005056a47b86;"[""Panne d'un ascenseur"", ""GARE DE NOISY LE SEC Panne de l'ascenseur situé Souterrain <> Quai 4, direction Province"", ""GARE DE NOISY LE SEC Panne de l'ascenseur situé Souterrain <> Quai 4, direction Province"", 'GARE DE NOISY LE SEC Panne ascenseur situé Souterrain <> Quai 4, dir. Province']";20210927T081152;ceb63818-1f59-11ec-a7ef-005056a47b86;[{'pt_object': {'embedded_type': 'stop_area', 'stop_area': {'codes': [{'type': 'source', 'value': 'FR::multimodalStopPlace:72041:FR1'}], 'name': 'Noisy-le-Sec', 'links': [], 'coord': {'lat': '48.896234', 'lon': '2.459862'}, 'label': 'Noisy-le-Sec (Noisy-le-Sec)', 'timezone': 'Europe/Paris', 'id': 'stop_area:IDFM:72041'}, 'quality': 0, 'name': 'Noisy-le-Sec (Noisy-le-Sec)', 'id': 'stop_area:IDFM:72041'}}];ceb63818-1f59-11ec-a7ef-005056a47b86;ceb56708-1f59-11ec-a7ef-005056a47b86;shortterm.tr_idfm;perturbation;ceb56708-1f59-11ec-a7ef-005056a47b86;['stop_area'];[''];[''];[''];[''];['FR::multimodalStopPlace:72041:FR1'];['Noisy-le-Sec'];['Noisy-le-Sec (Noisy-le-Sec)']
active;Incidents;#EF662F;30;perturbée;SIGNIFICANT_DELAYS;['Ascenseur'];[{'begin': '20210927T081152', 'end': '20220927T081152'}];cec23dac-1f59-11ec-89e0-005056a44da2;"[""Panne d'un ascenseur"", ""GARE DE NOISY LE SEC Panne de l'ascenseur situé Souterrain <> Quai 4, direction Province"", ""GARE DE NOISY LE SEC Panne de l'ascenseur situé Souterrain <> Quai 4, direction Province"", 'GARE DE NOISY LE SEC Panne ascenseur situé Souterrain <> Quai 4, dir. Province']";20210927T081152;cec23dac-1f59-11ec-89e0-005056a44da2;[{'pt_object': {'embedded_type': 'stop_area', 'stop_area': {'codes': [{'type': 'source', 'value': 'FR::multimodalStopPlace:72041:FR1'}], 'name': 'Noisy-le-Sec', 'links': [], 'coord': {'lat': '48.896234', 'lon': '2.459862'}, 'label': 'Noisy-le-Sec (Noisy-le-Sec)', 'timezone': 'Europe/Paris', 'id': 'stop_area:IDFM:72041'}, 'quality': 0, 'name': 'Noisy-le-Sec (Noisy-le-Sec)', 'id': 'stop_area:IDFM:72041'}}];cec23dac-1f59-11ec-89e0-005056a44da2;cec17f66-1f59-11ec-89e0-005056a44da2;shortterm.tr_idfm;perturbation;cec17f66-1f59-11ec-89e0-005056a44da2;['stop_area'];[''];[''];[''];[''];['FR::multimodalStopPlace:72041:FR1'];['Noisy-le-Sec'];['Noisy-le-Sec (Noisy-le-Sec)']
active;Incidents;#EF662F;30;perturbée;SIGNIFICANT_DELAYS;['Ascenseur'];[{'begin': '20211006T141252', 'end': '20221006T141252'}];bafa0524-269e-11ec-a0ef-005056a44da2;"[""Panne d'un ascenseur"", ""GARE DE VIROFLAY RIVE DROITE Panne de l'ascenseur situé VRD Quai 1/ MZH, direction Viroflay"", ""GARE DE VIROFLAY RIVE DROITE Panne de l'ascenseur situé VRD Quai 1/ MZH, direction Viroflay"", 'GARE DE VIROFLAY RIVE DROITE Panne ascenseur situé VRD Quai 1/ MZH, dir. Viroflay']";20211006T141252;bafa0524-269e-11ec-a0ef-005056a44da2;[{'pt_object': {'embedded_type': 'stop_area', 'stop_area': {'codes': [{'type': 'source', 'value': 'FR::multimodalStopPlace:422420:FR1'}], 'name': 'Viroflay Rive Droite', 'links': [], 'coord': {'lat': '48.805778', 'lon': '2.16827'}, 'label': 'Viroflay Rive Droite (Viroflay)', 'timezone': 'Europe/Paris', 'id': 'stop_area:IDFM:422420'}, 'quality': 0, 'name': 'Viroflay Rive Droite (Viroflay)', 'id': 'stop_area:IDFM:422420'}}];bafa0524-269e-11ec-a0ef-005056a44da2;baf9296a-269e-11ec-a0ef-005056a44da2;shortterm.tr_idfm;perturbation;baf9296a-269e-11ec-a0ef-005056a44da2;['stop_area'];[''];[''];[''];[''];['FR::multimodalStopPlace:422420:FR1'];['Viroflay Rive Droite'];['Viroflay Rive Droite (Viroflay)']
active;Incidents;#EF662F;30;perturbée;SIGNIFICANT_DELAYS;['Ascenseur'];[{'begin': '20211008T201132', 'end': '20221008T201132'}];2a9ffa12-2863-11ec-a976-005056a44da2;"[""Panne d'un ascenseur"", ""GARE DE VIROFLAY RIVE DROITE Panne de l'ascenseur situé VRD MZH /Surface, direction mezzanine"", ""GARE DE VIROFLAY RIVE DROITE Panne de l'ascenseur situé VRD MZH /Surface, direction mezzanine"", 'GARE DE VIROFLAY RIVE DROITE Panne ascenseur situé VRD MZH /Surface, dir. mezzanine']";20211008T201132;2a9ffa12-2863-11ec-a976-005056a44da2;[{'pt_object': {'embedded_type': 'stop_area', 'stop_area': {'codes': [{'type': 'source', 'value': 'FR::multimodalStopPlace:422420:FR1'}], 'name': 'Viroflay Rive Droite', 'links': [], 'coord': {'lat': '48.805778', 'lon': '2.16827'}, 'label': 'Viroflay Rive Droite (Viroflay)', 'timezone': 'Europe/Paris', 'id': 'stop_area:IDFM:422420'}, 'quality': 0, 'name': 'Viroflay Rive Droite (Viroflay)', 'id': 'stop_area:IDFM:422420'}}];2a9ffa12-2863-11ec-a976-005056a44da2;2a9f34e2-2863-11ec-a976-005056a44da2;shortterm.tr_idfm;perturbation;2a9f34e2-2863-11ec-a976-005056a44da2;['stop_area'];[''];[''];[''];[''];['FR::multimodalStopPlace:422420:FR1'];['Viroflay Rive Droite'];['Viroflay Rive Droite (Viroflay)']
active;Incidents;#EF662F;30;perturbée;SIGNIFICANT_DELAYS;['Ascenseur'];[{'begin': '20211008T201135', 'end': '20221008T201135'}];2c839a5a-2863-11ec-a899-005056a44da2;"[""Panne d'un ascenseur"", ""GARE DE VIROFLAY RIVE DROITE Panne de l'ascenseur situé VRD Quai 1/ MZH, direction Viroflay"", ""GARE DE VIROFLAY RIVE DROITE Panne de l'ascenseur situé VRD Quai 1/ MZH, direction Viroflay"", 'GARE DE VIROFLAY RIVE DROITE Panne ascenseur situé VRD Quai 1/ MZH, dir. Viroflay']";20211008T201135;2c839a5a-2863-11ec-a899-005056a44da2;[{'pt_object': {'embedded_type': 'stop_area', 'stop_area': {'codes': [{'type': 'source', 'value': 'FR::multimodalStopPlace:422420:FR1'}], 'name': 'Viroflay Rive Droite', 'links': [], 'coord': {'lat': '48.805778', 'lon': '2.16827'}, 'label': 'Viroflay Rive Droite (Viroflay)', 'timezone': 'Europe/Paris', 'id': 'stop_area:IDFM:422420'}, 'quality': 0, 'name': 'Viroflay Rive Droite (Viroflay)', 'id': 'stop_area:IDFM:422420'}}];2c839a5a-2863-11ec-a899-005056a44da2;2c82c6d4-2863-11ec-a899-005056a44da2;shortterm.tr_idfm;perturbation;2c82c6d4-2863-11ec-a899-005056a44da2;['stop_area'];[''];[''];[''];[''];['FR::multimodalStopPlace:422420:FR1'];['Viroflay Rive Droite'];['Viroflay Rive Droite (Viroflay)']
active;Incidents;#EF662F;30;perturbée;SIGNIFICANT_DELAYS;['Ascenseur'];[{'begin': '20211013T141237', 'end': '20221013T141237'}];dafb457e-2c1e-11ec-b1b7-005056a44da2;"[""Panne d'un ascenseur"", ""GARE DE VIROFLAY RIVE DROITE Panne de l'ascenseur situé VRD MZH /Surface, direction mezzanine, jusqu'au 2021-10-14"", ""GARE DE VIROFLAY RIVE DROITE Panne de l'ascenseur situé VRD MZH /Surface, direction mezzanine, jusqu'au 2021-10-14"", ""GARE DE VIROFLAY RIVE DROITE Panne ascenseur jusqu'au 2021-10-14 situé VRD MZH /Surface, dir. mezzanine""]";20211013T141237;dafb457e-2c1e-11ec-b1b7-005056a44da2;[{'pt_object': {'embedded_type': 'stop_area', 'stop_area': {'codes': [{'type': 'source', 'value': 'FR::multimodalStopPlace:422420:FR1'}], 'name': 'Viroflay Rive Droite', 'links': [], 'coord': {'lat': '48.805778', 'lon': '2.16827'}, 'label': 'Viroflay Rive Droite (Viroflay)', 'timezone': 'Europe/Paris', 'id': 'stop_area:IDFM:422420'}, 'quality': 0, 'name': 'Viroflay Rive Droite (Viroflay)', 'id': 'stop_area:IDFM:422420'}}];dafb457e-2c1e-11ec-b1b7-005056a44da2;dafa7afe-2c1e-11ec-b1b7-005056a44da2;shortterm.tr_idfm;perturbation;dafa7afe-2c1e-11ec-b1b7-005056a44da2;['stop_area'];[''];[''];[''];[''];['FR::multimodalStopPlace:422420:FR1'];['Viroflay Rive Droite'];['Viroflay Rive Droite (Viroflay)']
active;Incidents;#EF662F;30;perturbée;SIGNIFICANT_DELAYS;['Ascenseur'];[{'begin': '20211014T141226', 'end': '20221014T141226'}];ff0feae0-2ce7-11ec-866c-005056a44da2;"[""Panne d'un ascenseur"", ""GARE DE VIROFLAY RIVE DROITE Panne de l'ascenseur situé VRD MZH /Surface, direction mezzanine"", ""GARE DE VIROFLAY RIVE DROITE Panne de l'ascenseur situé VRD MZH /Surface, direction mezzanine"", 'GARE DE VIROFLAY RIVE DROITE Panne ascenseur situé VRD MZH /Surface, dir. mezzanine']";20211014T141227;ff0feae0-2ce7-11ec-866c-005056a44da2;[{'pt_object': {'embedded_type': 'stop_area', 'stop_area': {'codes': [{'type': 'source', 'value': 'FR::multimodalStopPlace:422420:FR1'}], 'name': 'Viroflay Rive Droite', 'links': [], 'coord': {'lat': '48.805778', 'lon': '2.16827'}, 'label': 'Viroflay Rive Droite (Viroflay)', 'timezone': 'Europe/Paris', 'id': 'stop_area:IDFM:422420'}, 'quality': 0, 'name': 'Viroflay Rive Droite (Viroflay)', 'id': 'stop_area:IDFM:422420'}}];ff0feae0-2ce7-11ec-866c-005056a44da2;ff0f0b84-2ce7-11ec-866c-005056a44da2;shortterm.tr_idfm;perturbation;ff0f0b84-2ce7-11ec-866c-005056a44da2;['stop_area'];[''];[''];[''];[''];['FR::multimodalStopPlace:422420:FR1'];['Viroflay Rive Droite'];['Viroflay Rive Droite (Viroflay)']
active;Incidents;#EF662F;30;perturbée;SIGNIFICANT_DELAYS;['Ascenseur'];[{'begin': '20211018T093159', 'end': '20221018T093159'}];7b0e9934-2fe5-11ec-a7cb-005056a44da2;"[""Panne d'un ascenseur"", ""GARE DE VIROFLAY RIVE DROITE Panne de l'ascenseur situé VRD MZH /Surface, direction mezzanine"", ""GARE DE VIROFLAY RIVE DROITE Panne de l'ascenseur situé VRD MZH /Surface, direction mezzanine"", 'GARE DE VIROFLAY RIVE DROITE Panne ascenseur situé VRD MZH /Surface, dir. mezzanine']";20211018T093200;7b0e9934-2fe5-11ec-a7cb-005056a44da2;[{'pt_object': {'embedded_type': 'stop_area', 'stop_area': {'codes': [{'type': 'source', 'value': 'FR::multimodalStopPlace:422420:FR1'}], 'name': 'Viroflay Rive Droite', 'links': [], 'coord': {'lat': '48.805778', 'lon': '2.16827'}, 'label': 'Viroflay Rive Droite (Viroflay)', 'timezone': 'Europe/Paris', 'id': 'stop_area:IDFM:422420'}, 'quality': 0, 'name': 'Viroflay Rive Droite (Viroflay)', 'id': 'stop_area:IDFM:422420'}}];7b0e9934-2fe5-11ec-a7cb-005056a44da2;7b0dd8fa-2fe5-11ec-a7cb-005056a44da2;shortterm.tr_idfm;perturbation;7b0dd8fa-2fe5-11ec-a7cb-005056a44da2;['stop_area'];[''];[''];[''];[''];['FR::multimodalStopPlace:422420:FR1'];['Viroflay Rive Droite'];['Viroflay Rive Droite (Viroflay)']
active;Incidents;#EF662F;30;perturbée;SIGNIFICANT_DELAYS;['Ascenseur'];[{'begin': '20211018T093203', 'end': '20221018T093203'}];7cfcf07e-2fe5-11ec-a7cb-005056a44da2;"[""Panne d'un ascenseur"", ""GARE DE VIROFLAY RIVE DROITE Panne de l'ascenseur situé VRD Quai 2/ MZH, direction Chatillon, jusqu'au 2021-10-19"", ""GARE DE VIROFLAY RIVE DROITE Panne de l'ascenseur situé VRD Quai 2/ MZH, direction Chatillon, jusqu'au 2021-10-19"", ""GARE DE VIROFLAY RIVE DROITE Panne ascenseur jusqu'au 2021-10-19 situé VRD Quai 2/ MZH, dir. Chatillon""]";20211018T093203;7cfcf07e-2fe5-11ec-a7cb-005056a44da2;[{'pt_object': {'embedded_type': 'stop_area', 'stop_area': {'codes': [{'type': 'source', 'value': 'FR::multimodalStopPlace:422420:FR1'}], 'name': 'Viroflay Rive Droite', 'links': [], 'coord': {'lat': '48.805778', 'lon': '2.16827'}, 'label': 'Viroflay Rive Droite (Viroflay)', 'timezone': 'Europe/Paris', 'id': 'stop_area:IDFM:422420'}, 'quality': 0, 'name': 'Viroflay Rive Droite (Viroflay)', 'id': 'stop_area:IDFM:422420'}}];7cfcf07e-2fe5-11ec-a7cb-005056a44da2;7cfc24fa-2fe5-11ec-a7cb-005056a44da2;shortterm.tr_idfm;perturbation;7cfc24fa-2fe5-11ec-a7cb-005056a44da2;['stop_area'];[''];[''];[''];[''];['FR::multimodalStopPlace:422420:FR1'];['Viroflay Rive Droite'];['Viroflay Rive Droite (Viroflay)']
active;Incidents;#EF662F;30;perturbée;SIGNIFICANT_DELAYS;['Ascenseur'];[{'begin': '20211021T082233', 'end': '20221021T082233'}];46b4ef68-3237-11ec-95cc-005056a47b86;"[""Panne d'un ascenseur"", ""GARE DE VIROFLAY RIVE DROITE Panne de l'ascenseur situé Bâtiment Voyageur, direction Accès Gare"", ""GARE DE VIROFLAY RIVE DROITE Panne de l'ascenseur situé Bâtiment Voyageur, direction Accès Gare"", 'GARE DE VIROFLAY RIVE DROITE Panne ascenseur situé Bâtiment Voyageur, dir. Accès Gare']";20211021T082233;46b4ef68-3237-11ec-95cc-005056a47b86;[{'pt_object': {'embedded_type': 'stop_area', 'stop_area': {'codes': [{'type': 'source', 'value': 'FR::multimodalStopPlace:422420:FR1'}], 'name': 'Viroflay Rive Droite', 'links': [], 'coord': {'lat': '48.805778', 'lon': '2.16827'}, 'label': 'Viroflay Rive Droite (Viroflay)', 'timezone': 'Europe/Paris', 'id': 'stop_area:IDFM:422420'}, 'quality': 0, 'name': 'Viroflay Rive Droite (Viroflay)', 'id': 'stop_area:IDFM:422420'}}];46b4ef68-3237-11ec-95cc-005056a47b86;46b41962-3237-11ec-95cc-005056a47b86;shortterm.tr_idfm;perturbation;46b41962-3237-11ec-95cc-005056a47b86;['stop_area'];[''];[''];[''];[''];['FR::multimodalStopPlace:422420:FR1'];['Viroflay Rive Droite'];['Viroflay Rive Droite (Viroflay)']
active;Incidents;#EF662F;30;perturbée;SIGNIFICANT_DELAYS;['Ascenseur'];[{'begin': '20211021T082347', 'end': '20221021T082347'}];730941a4-3237-11ec-b954-005056a44da2;"[""Panne d'un ascenseur"", ""GARE DE VIROFLAY RIVE DROITE Panne de l'ascenseur, direction Province"", ""GARE DE VIROFLAY RIVE DROITE Panne de l'ascenseur, direction Province"", 'GARE DE VIROFLAY RIVE DROITE Panne ascenseur, dir. Province']";20211021T082347;730941a4-3237-11ec-b954-005056a44da2;[{'pt_object': {'embedded_type': 'stop_area', 'stop_area': {'codes': [{'type': 'source', 'value': 'FR::multimodalStopPlace:422420:FR1'}], 'name': 'Viroflay Rive Droite', 'links': [], 'coord': {'lat': '48.805778', 'lon': '2.16827'}, 'label': 'Viroflay Rive Droite (Viroflay)', 'timezone': 'Europe/Paris', 'id': 'stop_area:IDFM:422420'}, 'quality': 0, 'name': 'Viroflay Rive Droite (Viroflay)', 'id': 'stop_area:IDFM:422420'}}];730941a4-3237-11ec-b954-005056a44da2;730864e6-3237-11ec-b954-005056a44da2;shortterm.tr_idfm;perturbation;730864e6-3237-11ec-b954-005056a44da2;['stop_area'];[''];[''];[''];[''];['FR::multimodalStopPlace:422420:FR1'];['Viroflay Rive Droite'];['Viroflay Rive Droite (Viroflay)']
active;Incidents;#EF662F;30;perturbée;SIGNIFICANT_DELAYS;['Ascenseur'];[{'begin': '20211021T082347', 'end': '20221021T082347'}];73101ede-3237-11ec-95cc-005056a47b86;"[""Panne d'un ascenseur"", ""GARE DE VIROFLAY RIVE DROITE Panne de l'ascenseur, direction Province"", ""GARE DE VIROFLAY RIVE DROITE Panne de l'ascenseur, direction Province"", 'GARE DE VIROFLAY RIVE DROITE Panne ascenseur, dir. Province']";20211021T082347;73101ede-3237-11ec-95cc-005056a47b86;[{'pt_object': {'embedded_type': 'stop_area', 'stop_area': {'codes': [{'type': 'source', 'value': 'FR::multimodalStopPlace:422420:FR1'}], 'name': 'Viroflay Rive Droite', 'links': [], 'coord': {'lat': '48.805778', 'lon': '2.16827'}, 'label': 'Viroflay Rive Droite (Viroflay)', 'timezone': 'Europe/Paris', 'id': 'stop_area:IDFM:422420'}, 'quality': 0, 'name': 'Viroflay Rive Droite (Viroflay)', 'id': 'stop_area:IDFM:422420'}}];73101ede-3237-11ec-95cc-005056a47b86;730ea798-3237-11ec-95cc-005056a47b86;shortterm.tr_idfm;perturbation;730ea798-3237-11ec-95cc-005056a47b86;['stop_area'];[''];[''];[''];[''];['FR::multimodalStopPlace:422420:FR1'];['Viroflay Rive Droite'];['Viroflay Rive Droite (Viroflay)']
active;Incidents;#EF662F;30;perturbée;SIGNIFICANT_DELAYS;['Ascenseur'];[{'begin': '20211021T082350', 'end': '20221021T082350'}];74e41eb8-3237-11ec-a864-005056a47b86;"[""Panne d'un ascenseur"", ""GARE DE VIROFLAY RIVE DROITE Panne de l'ascenseur, direction Paris"", ""GARE DE VIROFLAY RIVE DROITE Panne de l'ascenseur, direction Paris"", 'GARE DE VIROFLAY RIVE DROITE Panne ascenseur, dir. Paris']";20211021T082350;74e41eb8-3237-11ec-a864-005056a47b86;[{'pt_object': {'embedded_type': 'stop_area', 'stop_area': {'codes': [{'type': 'source', 'value': 'FR::multimodalStopPlace:422420:FR1'}], 'name': 'Viroflay Rive Droite', 'links': [], 'coord': {'lat': '48.805778', 'lon': '2.16827'}, 'label': 'Viroflay Rive Droite (Viroflay)', 'timezone': 'Europe/Paris', 'id': 'stop_area:IDFM:422420'}, 'quality': 0, 'name': 'Viroflay Rive Droite (Viroflay)', 'id': 'stop_area:IDFM:422420'}}];74e41eb8-3237-11ec-a864-005056a47b86;74e35924-3237-11ec-a864-005056a47b86;shortterm.tr_idfm;perturbation;74e35924-3237-11ec-a864-005056a47b86;['stop_area'];[''];[''];[''];[''];['FR::multimodalStopPlace:422420:FR1'];['Viroflay Rive Droite'];['Viroflay Rive Droite (Viroflay)']
active;Incidents;#EF662F;30;perturbée;SIGNIFICANT_DELAYS;['Ascenseur'];[{'begin': '20211123T091158', 'end': '20221123T091158'}];07bb2fd0-4c35-11ec-ad2a-005056a44da2;"[""Panne d'un ascenseur"", ""GARE DE VIROFLAY RIVE DROITE Panne de l'ascenseur situé VRD MZH /Surface, direction mezzanine"", ""GARE DE VIROFLAY RIVE DROITE Panne de l'ascenseur situé VRD MZH /Surface, direction mezzanine"", 'GARE DE VIROFLAY RIVE DROITE Panne ascenseur situé VRD MZH /Surface, dir. mezzanine']";20211123T091158;07bb2fd0-4c35-11ec-ad2a-005056a44da2;[{'pt_object': {'embedded_type': 'stop_area', 'stop_area': {'codes': [{'type': 'source', 'value': 'FR::multimodalStopPlace:422420:FR1'}], 'name': 'Viroflay Rive Droite', 'links': [], 'coord': {'lat': '48.805778', 'lon': '2.16827'}, 'label': 'Viroflay Rive Droite (Viroflay)', 'timezone': 'Europe/Paris', 'id': 'stop_area:IDFM:422420'}, 'quality': 0, 'name': 'Viroflay Rive Droite (Viroflay)', 'id': 'stop_area:IDFM:422420'}}];07bb2fd0-4c35-11ec-ad2a-005056a44da2;07ba69d8-4c35-11ec-ad2a-005056a44da2;shortterm.tr_idfm;perturbation;07ba69d8-4c35-11ec-ad2a-005056a44da2;['stop_area'];[''];[''];[''];[''];['FR::multimodalStopPlace:422420:FR1'];['Viroflay Rive Droite'];['Viroflay Rive Droite (Viroflay)']
active;Incidents;#EF662F;30;perturbée;SIGNIFICANT_DELAYS;['Ascenseur'];[{'begin': '20211128T091051', 'end': '20221128T091051'}];b3965258-5022-11ec-b84c-005056a44da2;"[""Panne d'un ascenseur"", ""GARE DE VIROFLAY RIVE DROITE Panne de l'ascenseur situé VRD Quai 2/ MZH, direction Chatillon"", ""GARE DE VIROFLAY RIVE DROITE Panne de l'ascenseur situé VRD Quai 2/ MZH, direction Chatillon"", 'GARE DE VIROFLAY RIVE DROITE Panne ascenseur situé VRD Quai 2/ MZH, dir. Chatillon']";20211128T091051;b3965258-5022-11ec-b84c-005056a44da2;[{'pt_object': {'embedded_type': 'stop_area', 'stop_area': {'codes': [{'type': 'source', 'value': 'FR::multimodalStopPlace:422420:FR1'}], 'name': 'Viroflay Rive Droite', 'links': [], 'coord': {'lat': '48.805778', 'lon': '2.16827'}, 'label': 'Viroflay Rive Droite (Viroflay)', 'timezone': 'Europe/Paris', 'id': 'stop_area:IDFM:422420'}, 'quality': 0, 'name': 'Viroflay Rive Droite (Viroflay)', 'id': 'stop_area:IDFM:422420'}}];b3965258-5022-11ec-b84c-005056a44da2;b395a13c-5022-11ec-b84c-005056a44da2;shortterm.tr_idfm;perturbation;b395a13c-5022-11ec-b84c-005056a44da2;['stop_area'];[''];[''];[''];[''];['FR::multimodalStopPlace:422420:FR1'];['Viroflay Rive Droite'];['Viroflay Rive Droite (Viroflay)']
active;Incidents;#EF662F;30;perturbée;SIGNIFICANT_DELAYS;['Ascenseur'];[{'begin': '20211201T201208', 'end': '20221201T201208'}];947f36c2-52da-11ec-9b07-005056a44da2;"[""Panne d'un ascenseur"", ""GARE DE VIROFLAY RIVE DROITE Panne de l'ascenseur situé VRD MZH /Surface, direction mezzanine"", ""GARE DE VIROFLAY RIVE DROITE Panne de l'ascenseur situé VRD MZH /Surface, direction mezzanine"", 'GARE DE VIROFLAY RIVE DROITE Panne ascenseur situé VRD MZH /Surface, dir. mezzanine']";20211201T201208;947f36c2-52da-11ec-9b07-005056a44da2;[{'pt_object': {'embedded_type': 'stop_area', 'stop_area': {'codes': [{'type': 'source', 'value': 'FR::multimodalStopPlace:422420:FR1'}], 'name': 'Viroflay Rive Droite', 'links': [], 'coord': {'lat': '48.805778', 'lon': '2.16827'}, 'label': 'Viroflay Rive Droite (Viroflay)', 'timezone': 'Europe/Paris', 'id': 'stop_area:IDFM:422420'}, 'quality': 0, 'name': 'Viroflay Rive Droite (Viroflay)', 'id': 'stop_area:IDFM:422420'}}];947f36c2-52da-11ec-9b07-005056a44da2;947e60b2-52da-11ec-9b07-005056a44da2;shortterm.tr_idfm;perturbation;947e60b2-52da-11ec-9b07-005056a44da2;['stop_area'];[''];[''];[''];[''];['FR::multimodalStopPlace:422420:FR1'];['Viroflay Rive Droite'];['Viroflay Rive Droite (Viroflay)']
active;Incidents;#EF662F;30;perturbée;SIGNIFICANT_DELAYS;['Ascenseur'];[{'begin': '20211204T201246', 'end': '20221204T201246'}];2a146bfa-5536-11ec-b2b6-005056a44da2;"[""Panne d'un ascenseur"", ""GARE DE VIROFLAY RIVE DROITE Panne de l'ascenseur situé VRD MZH /Surface, direction mezzanine, jusqu'au 2021-12-05"", ""GARE DE VIROFLAY RIVE DROITE Panne de l'ascenseur situé VRD MZH /Surface, direction mezzanine, jusqu'au 2021-12-05"", ""GARE DE VIROFLAY RIVE DROITE Panne ascenseur jusqu'au 2021-12-05 situé VRD MZH /Surface, dir. mezzanine""]";20211204T201246;2a146bfa-5536-11ec-b2b6-005056a44da2;[{'pt_object': {'embedded_type': 'stop_area', 'stop_area': {'codes': [{'type': 'source', 'value': 'FR::multimodalStopPlace:422420:FR1'}], 'name': 'Viroflay Rive Droite', 'links': [], 'coord': {'lat': '48.805778', 'lon': '2.16827'}, 'label': 'Viroflay Rive Droite (Viroflay)', 'timezone': 'Europe/Paris', 'id': 'stop_area:IDFM:422420'}, 'quality': 0, 'name': 'Viroflay Rive Droite (Viroflay)', 'id': 'stop_area:IDFM:422420'}}];2a146bfa-5536-11ec-b2b6-005056a44da2;2a139c02-5536-11ec-b2b6-005056a44da2;shortterm.tr_idfm;perturbation;2a139c02-5536-11ec-b2b6-005056a44da2;['stop_area'];[''];[''];[''];[''];['FR::multimodalStopPlace:422420:FR1'];['Viroflay Rive Droite'];['Viroflay Rive Droite (Viroflay)']
active;Incidents;#EF662F;30;perturbée;SIGNIFICANT_DELAYS;['Ascenseur'];[{'begin': '20211204T201250', 'end': '20221204T201250'}];2c5b4618-5536-11ec-b2b6-005056a44da2;"[""Panne d'un ascenseur"", ""GARE DE VIROFLAY RIVE DROITE Panne de l'ascenseur situé VRD Quai 2/ MZH, direction Chatillon"", ""GARE DE VIROFLAY RIVE DROITE Panne de l'ascenseur situé VRD Quai 2/ MZH, direction Chatillon"", 'GARE DE VIROFLAY RIVE DROITE Panne ascenseur situé VRD Quai 2/ MZH, dir. Chatillon']";20211204T201250;2c5b4618-5536-11ec-b2b6-005056a44da2;[{'pt_object': {'embedded_type': 'stop_area', 'stop_area': {'codes': [{'type': 'source', 'value': 'FR::multimodalStopPlace:422420:FR1'}], 'name': 'Viroflay Rive Droite', 'links': [], 'coord': {'lat': '48.805778', 'lon': '2.16827'}, 'label': 'Viroflay Rive Droite (Viroflay)', 'timezone': 'Europe/Paris', 'id': 'stop_area:IDFM:422420'}, 'quality': 0, 'name': 'Viroflay Rive Droite (Viroflay)', 'id': 'stop_area:IDFM:422420'}}];2c5b4618-5536-11ec-b2b6-005056a44da2;2c5a7742-5536-11ec-b2b6-005056a44da2;shortterm.tr_idfm;perturbation;2c5a7742-5536-11ec-b2b6-005056a44da2;['stop_area'];[''];[''];[''];[''];['FR::multimodalStopPlace:422420:FR1'];['Viroflay Rive Droite'];['Viroflay Rive Droite (Viroflay)']
active;Incidents;#EF662F;30;perturbée;SIGNIFICANT_DELAYS;['Ascenseur'];[{'begin': '20211211T201248', 'end': '20221211T201248'}];54560402-5ab6-11ec-9b0c-005056a44da2;"[""Panne d'un ascenseur"", ""GARE DE VIROFLAY RIVE DROITE Panne de l'ascenseur situé VRD MZH /Surface, direction mezzanine"", ""GARE DE VIROFLAY RIVE DROITE Panne de l'ascenseur situé VRD MZH /Surface, direction mezzanine"", 'GARE DE VIROFLAY RIVE DROITE Panne ascenseur situé VRD MZH /Surface, dir. mezzanine']";20211211T201248;54560402-5ab6-11ec-9b0c-005056a44da2;[{'pt_object': {'embedded_type': 'stop_area', 'stop_area': {'codes': [{'type': 'source', 'value': 'FR::multimodalStopPlace:422420:FR1'}], 'name': 'Viroflay Rive Droite', 'links': [], 'coord': {'lat': '48.805778', 'lon': '2.16827'}, 'label': 'Viroflay Rive Droite (Viroflay)', 'timezone': 'Europe/Paris', 'id': 'stop_area:IDFM:422420'}, 'quality': 0, 'name': 'Viroflay Rive Droite (Viroflay)', 'id': 'stop_area:IDFM:422420'}}];54560402-5ab6-11ec-9b0c-005056a44da2;54552802-5ab6-11ec-9b0c-005056a44da2;shortterm.tr_idfm;perturbation;54552802-5ab6-11ec-9b0c-005056a44da2;['stop_area'];[''];[''];[''];[''];['FR::multimodalStopPlace:422420:FR1'];['Viroflay Rive Droite'];['Viroflay Rive Droite (Viroflay)']
active;Incidents;#EF662F;30;perturbée;SIGNIFICANT_DELAYS;['Ascenseur'];[{'begin': '20211212T201225', 'end': '20221212T201225'}];71220daa-5b7f-11ec-9b35-005056a44da2;"[""Panne d'un ascenseur"", ""GARE DE VIROFLAY RIVE DROITE Panne de l'ascenseur situé VRD MZH /Surface, direction mezzanine, jusqu'au 2021-12-13"", ""GARE DE VIROFLAY RIVE DROITE Panne de l'ascenseur situé VRD MZH /Surface, direction mezzanine, jusqu'au 2021-12-13"", ""GARE DE VIROFLAY RIVE DROITE Panne ascenseur jusqu'au 2021-12-13 situé VRD MZH /Surface, dir. mezzanine""]";20211212T201225;71220daa-5b7f-11ec-9b35-005056a44da2;[{'pt_object': {'embedded_type': 'stop_area', 'stop_area': {'codes': [{'type': 'source', 'value': 'FR::multimodalStopPlace:422420:FR1'}], 'name': 'Viroflay Rive Droite', 'links': [], 'coord': {'lat': '48.805778', 'lon': '2.16827'}, 'label': 'Viroflay Rive Droite (Viroflay)', 'timezone': 'Europe/Paris', 'id': 'stop_area:IDFM:422420'}, 'quality': 0, 'name': 'Viroflay Rive Droite (Viroflay)', 'id': 'stop_area:IDFM:422420'}}];71220daa-5b7f-11ec-9b35-005056a44da2;71214eec-5b7f-11ec-9b35-005056a44da2;shortterm.tr_idfm;perturbation;71214eec-5b7f-11ec-9b35-005056a44da2;['stop_area'];[''];[''];[''];[''];['FR::multimodalStopPlace:422420:FR1'];['Viroflay Rive Droite'];['Viroflay Rive Droite (Viroflay)']
active;Incidents;#EF662F;30;perturbée;SIGNIFICANT_DELAYS;['Ascenseur'];[{'begin': '20211216T201051', 'end': '20221216T201051'}];e2c8a474-5ea3-11ec-9b5e-005056a44da2;"[""Panne d'un ascenseur"", ""GARE DE VIROFLAY RIVE DROITE Panne de l'ascenseur situé VRD Quai 2/ MZH, direction Chatillon"", ""GARE DE VIROFLAY RIVE DROITE Panne de l'ascenseur situé VRD Quai 2/ MZH, direction Chatillon"", 'GARE DE VIROFLAY RIVE DROITE Panne ascenseur situé VRD Quai 2/ MZH, dir. Chatillon']";20211216T201051;e2c8a474-5ea3-11ec-9b5e-005056a44da2;[{'pt_object': {'embedded_type': 'stop_area', 'stop_area': {'codes': [{'type': 'source', 'value': 'FR::multimodalStopPlace:422420:FR1'}], 'name': 'Viroflay Rive Droite', 'links': [], 'coord': {'lat': '48.805778', 'lon': '2.16827'}, 'label': 'Viroflay Rive Droite (Viroflay)', 'timezone': 'Europe/Paris', 'id': 'stop_area:IDFM:422420'}, 'quality': 0, 'name': 'Viroflay Rive Droite (Viroflay)', 'id': 'stop_area:IDFM:422420'}}];e2c8a474-5ea3-11ec-9b5e-005056a44da2;e2c7d706-5ea3-11ec-9b5e-005056a44da2;shortterm.tr_idfm;perturbation;e2c7d706-5ea3-11ec-9b5e-005056a44da2;['stop_area'];[''];[''];[''];[''];['FR::multimodalStopPlace:422420:FR1'];['Viroflay Rive Droite'];['Viroflay Rive Droite (Viroflay)']
active;Incidents;#EF662F;30;perturbée;SIGNIFICANT_DELAYS;['Ascenseur'];[{'begin': '20220103T141318', 'end': '20230103T141318'}];eac19356-6c96-11ec-804f-005056a47b86;"[""Panne d'un ascenseur"", ""GARE DE VIROFLAY RIVE DROITE Panne de l'ascenseur situé VRD Quai 2/ MZH, direction Chatillon, jusqu'au 2022-01-04"", ""GARE DE VIROFLAY RIVE DROITE Panne de l'ascenseur situé VRD Quai 2/ MZH, direction Chatillon, jusqu'au 2022-01-04"", ""GARE DE VIROFLAY RIVE DROITE Panne ascenseur jusqu'au 2022-01-04 situé VRD Quai 2/ MZH, dir. Chatillon""]";20220103T141318;eac19356-6c96-11ec-804f-005056a47b86;[{'pt_object': {'embedded_type': 'stop_area', 'stop_area': {'codes': [{'type': 'source', 'value': 'FR::multimodalStopPlace:422420:FR1'}], 'name': 'Viroflay Rive Droite', 'links': [], 'coord': {'lat': '48.805778', 'lon': '2.16827'}, 'label': 'Viroflay Rive Droite (Viroflay)', 'timezone': 'Europe/Paris', 'id': 'stop_area:IDFM:422420'}, 'quality': 0, 'name': 'Viroflay Rive Droite (Viroflay)', 'id': 'stop_area:IDFM:422420'}}];eac19356-6c96-11ec-804f-005056a47b86;eac0da06-6c96-11ec-804f-005056a47b86;shortterm.tr_idfm;perturbation;eac0da06-6c96-11ec-804f-005056a47b86;['stop_area'];[''];[''];[''];[''];['FR::multimodalStopPlace:422420:FR1'];['Viroflay Rive Droite'];['Viroflay Rive Droite (Viroflay)']
active;Incidents;#EF662F;30;perturbée;SIGNIFICANT_DELAYS;['Ascenseur'];[{'begin': '20220117T201139', 'end': '20230117T201139'}];4c8b1908-77c9-11ec-9b2e-005056a44da2;"[""Panne d'un ascenseur"", ""GARE DE VIROFLAY RIVE DROITE Panne de l'ascenseur situé VRD Quai 2/ MZH, direction Chatillon"", ""GARE DE VIROFLAY RIVE DROITE Panne de l'ascenseur situé VRD Quai 2/ MZH, direction Chatillon"", 'GARE DE VIROFLAY RIVE DROITE Panne ascenseur situé VRD Quai 2/ MZH, dir. Chatillon']";20220117T201140;4c8b1908-77c9-11ec-9b2e-005056a44da2;[{'pt_object': {'embedded_type': 'stop_area', 'stop_area': {'codes': [{'type': 'source', 'value': 'FR::multimodalStopPlace:422420:FR1'}], 'name': 'Viroflay Rive Droite', 'links': [], 'coord': {'lat': '48.805778', 'lon': '2.16827'}, 'label': 'Viroflay Rive Droite (Viroflay)', 'timezone': 'Europe/Paris', 'id': 'stop_area:IDFM:422420'}, 'quality': 0, 'name': 'Viroflay Rive Droite (Viroflay)', 'id': 'stop_area:IDFM:422420'}}];4c8b1908-77c9-11ec-9b2e-005056a44da2;4c8a33b2-77c9-11ec-9b2e-005056a44da2;shortterm.tr_idfm;perturbation;4c8a33b2-77c9-11ec-9b2e-005056a44da2;['stop_area'];[''];[''];[''];[''];['FR::multimodalStopPlace:422420:FR1'];['Viroflay Rive Droite'];['Viroflay Rive Droite (Viroflay)']
active;Incidents;#EF662F;30;perturbée;SIGNIFICANT_DELAYS;['Ascenseur'];[{'begin': '20220115T154227', 'end': '20230115T154227'}];3db65822-7dd0-11ec-938a-005056a44da2;"[""Panne d'un ascenseur"", ""Gare du Bourget Panne de l'ascenseur situé Quai 2, direction EPINAY SUR SEINE"", ""Gare du Bourget Panne de l'ascenseur situé Quai 2, direction EPINAY SUR SEINE"", 'Gare du Bourget Panne ascenseur situé Quai 2, dir. EPINAY SUR SEINE']";20220125T121628;3db65822-7dd0-11ec-938a-005056a44da2;[{'pt_object': {'embedded_type': 'stop_area', 'stop_area': {'codes': [{'type': 'source', 'value': 'FR::multimodalStopPlace:72641:FR1'}], 'name': 'Le Bourget', 'links': [], 'coord': {'lat': '48.931017', 'lon': '2.425529'}, 'label': 'Le Bourget (Le Bourget)', 'timezone': 'Europe/Paris', 'id': 'stop_area:IDFM:72641'}, 'quality': 0, 'name': 'Le Bourget (Le Bourget)', 'id': 'stop_area:IDFM:72641'}}];3db65822-7dd0-11ec-938a-005056a44da2;5c6e088a-7611-11ec-9360-005056a44da2;shortterm.tr_idfm;perturbation;5c6e088a-7611-11ec-9360-005056a44da2;['stop_area'];[''];[''];[''];[''];['FR::multimodalStopPlace:72641:FR1'];['Le Bourget'];['Le Bourget (Le Bourget)']
active;Incidents;#EF662F;30;perturbée;SIGNIFICANT_DELAYS;['Ascenseur'];[{'begin': '20220202T142237', 'end': '20230202T142237'}];308bf10a-842b-11ec-baac-005056a47b86;"[""Panne d'un ascenseur"", ""GARE DE VIROFLAY RIVE DROITE Panne de l'ascenseur situé VRD MZH /Surface, direction mezzanine, jusqu'au 2022-02-04"", ""GARE DE VIROFLAY RIVE DROITE Panne de l'ascenseur situé VRD MZH /Surface, direction mezzanine, jusqu'au 2022-02-04"", ""GARE DE VIROFLAY RIVE DROITE Panne ascenseur jusqu'au 2022-02-04 situé VRD MZH /Surface, dir. mezzanine""]";20220202T142237;308bf10a-842b-11ec-baac-005056a47b86;[{'pt_object': {'embedded_type': 'stop_area', 'stop_area': {'codes': [{'type': 'source', 'value': 'FR::multimodalStopPlace:422420:FR1'}], 'name': 'Viroflay Rive Droite', 'links': [], 'coord': {'lat': '48.805778', 'lon': '2.16827'}, 'label': 'Viroflay Rive Droite (Viroflay)', 'timezone': 'Europe/Paris', 'id': 'stop_area:IDFM:422420'}, 'quality': 0, 'name': 'Viroflay Rive Droite (Viroflay)', 'id': 'stop_area:IDFM:422420'}}];308bf10a-842b-11ec-baac-005056a47b86;308afb7e-842b-11ec-baac-005056a47b86;shortterm.tr_idfm;perturbation;308afb7e-842b-11ec-baac-005056a47b86;['stop_area'];[''];[''];[''];[''];['FR::multimodalStopPlace:422420:FR1'];['Viroflay Rive Droite'];['Viroflay Rive Droite (Viroflay)']
active;Incidents;#EF662F;30;perturbée;SIGNIFICANT_DELAYS;['Ascenseur'];[{'begin': '20220215T141219', 'end': '20230215T141219'}];e7d8e202-8e60-11ec-b7c1-005056a44da2;"[""Panne d'un ascenseur"", ""GARE DE VIROFLAY RIVE DROITE Panne de l'ascenseur situé VRD Quai 1/ MZH, direction Viroflay"", ""GARE DE VIROFLAY RIVE DROITE Panne de l'ascenseur situé VRD Quai 1/ MZH, direction Viroflay"", 'GARE DE VIROFLAY RIVE DROITE Panne ascenseur situé VRD Quai 1/ MZH, dir. Viroflay']";20220215T141220;e7d8e202-8e60-11ec-b7c1-005056a44da2;[{'pt_object': {'embedded_type': 'stop_area', 'stop_area': {'codes': [{'type': 'source', 'value': 'FR::multimodalStopPlace:422420:FR1'}], 'name': 'Viroflay Rive Droite', 'links': [], 'coord': {'lat': '48.805778', 'lon': '2.16827'}, 'label': 'Viroflay Rive Droite (Viroflay)', 'timezone': 'Europe/Paris', 'id': 'stop_area:IDFM:422420'}, 'quality': 0, 'name': 'Viroflay Rive Droite (Viroflay)', 'id': 'stop_area:IDFM:422420'}}];e7d8e202-8e60-11ec-b7c1-005056a44da2;e7d82efc-8e60-11ec-b7c1-005056a44da2;shortterm.tr_idfm;perturbation;e7d82efc-8e60-11ec-b7c1-005056a44da2;['stop_area'];[''];[''];[''];[''];['FR::multimodalStopPlace:422420:FR1'];['Viroflay Rive Droite'];['Viroflay Rive Droite (Viroflay)']
active;Incidents;#EF662F;30;perturbée;SIGNIFICANT_DELAYS;['Ascenseur'];[{'begin': '20220220T141325', 'end': '20230220T141325'}];e34c3684-924e-11ec-9435-005056a44da2;"[""Panne d'un ascenseur"", ""GARE DE VIROFLAY RIVE DROITE Panne de l'ascenseur situé VRD Quai 1/ MZH, direction Viroflay"", ""GARE DE VIROFLAY RIVE DROITE Panne de l'ascenseur situé VRD Quai 1/ MZH, direction Viroflay"", 'GARE DE VIROFLAY RIVE DROITE Panne ascenseur situé VRD Quai 1/ MZH, dir. Viroflay']";20220220T141326;e34c3684-924e-11ec-9435-005056a44da2;[{'pt_object': {'embedded_type': 'stop_area', 'stop_area': {'codes': [{'type': 'source', 'value': 'FR::multimodalStopPlace:422420:FR1'}], 'name': 'Viroflay Rive Droite', 'links': [], 'coord': {'lat': '48.805778', 'lon': '2.16827'}, 'label': 'Viroflay Rive Droite (Viroflay)', 'timezone': 'Europe/Paris', 'id': 'stop_area:IDFM:422420'}, 'quality': 0, 'name': 'Viroflay Rive Droite (Viroflay)', 'id': 'stop_area:IDFM:422420'}}];e34c3684-924e-11ec-9435-005056a44da2;e34b5a3e-924e-11ec-9435-005056a44da2;shortterm.tr_idfm;perturbation;e34b5a3e-924e-11ec-9435-005056a44da2;['stop_area'];[''];[''];[''];[''];['FR::multimodalStopPlace:422420:FR1'];['Viroflay Rive Droite'];['Viroflay Rive Droite (Viroflay)']
active;Incidents;#EF662F;30;perturbée;SIGNIFICANT_DELAYS;['Ascenseur'];[{'begin': '20220225T141226', 'end': '20230225T141226'}];93a1db38-963c-11ec-b2d3-005056a47b86;"[""Panne d'un ascenseur"", ""GARE DE VIROFLAY RIVE DROITE Panne de l'ascenseur situé VRD Quai 1/ MZH, direction Viroflay"", ""GARE DE VIROFLAY RIVE DROITE Panne de l'ascenseur situé VRD Quai 1/ MZH, direction Viroflay"", 'GARE DE VIROFLAY RIVE DROITE Panne ascenseur situé VRD Quai 1/ MZH, dir. Viroflay']";20220225T141226;93a1db38-963c-11ec-b2d3-005056a47b86;[{'pt_object': {'embedded_type': 'stop_area', 'stop_area': {'codes': [{'type': 'source', 'value': 'FR::multimodalStopPlace:422420:FR1'}], 'name': 'Viroflay Rive Droite', 'links': [], 'coord': {'lat': '48.805778', 'lon': '2.16827'}, 'label': 'Viroflay Rive Droite (Viroflay)', 'timezone': 'Europe/Paris', 'id': 'stop_area:IDFM:422420'}, 'quality': 0, 'name': 'Viroflay Rive Droite (Viroflay)', 'id': 'stop_area:IDFM:422420'}}];93a1db38-963c-11ec-b2d3-005056a47b86;93a0eb56-963c-11ec-b2d3-005056a47b86;shortterm.tr_idfm;perturbation;93a0eb56-963c-11ec-b2d3-005056a47b86;['stop_area'];[''];[''];[''];[''];['FR::multimodalStopPlace:422420:FR1'];['Viroflay Rive Droite'];['Viroflay Rive Droite (Viroflay)']
active;Incidents;#EF662F;30;perturbée;SIGNIFICANT_DELAYS;['Ascenseur'];[{'begin': '20220411T202351', 'end': '20230411T202351'}];89c002e2-b9c4-11ec-bc85-005056a47b86;"[""Panne d'un ascenseur"", ""GARE DE VIROFLAY RIVE DROITE Panne de l'ascenseur situé VRD Quai 2/ MZH, direction Chatillon, jusqu'au 2022-04-12"", ""GARE DE VIROFLAY RIVE DROITE Panne de l'ascenseur situé VRD Quai 2/ MZH, direction Chatillon, jusqu'au 2022-04-12"", ""GARE DE VIROFLAY RIVE DROITE Panne ascenseur jusqu'au 2022-04-12 situé VRD Quai 2/ MZH, dir. Chatillon""]";20220411T202351;89c002e2-b9c4-11ec-bc85-005056a47b86;[{'pt_object': {'embedded_type': 'stop_area', 'stop_area': {'codes': [{'type': 'source', 'value': 'FR::multimodalStopPlace:422420:FR1'}], 'name': 'Viroflay Rive Droite', 'links': [], 'coord': {'lat': '48.805778', 'lon': '2.16827'}, 'label': 'Viroflay Rive Droite (Viroflay)', 'timezone': 'Europe/Paris', 'id': 'stop_area:IDFM:422420'}, 'quality': 0, 'name': 'Viroflay Rive Droite (Viroflay)', 'id': 'stop_area:IDFM:422420'}}];89c002e2-b9c4-11ec-bc85-005056a47b86;89beeeca-b9c4-11ec-bc85-005056a47b86;shortterm.tr_idfm;perturbation;89beeeca-b9c4-11ec-bc85-005056a47b86;['stop_area'];[''];[''];[''];[''];['FR::multimodalStopPlace:422420:FR1'];['Viroflay Rive Droite'];['Viroflay Rive Droite (Viroflay)']
active;Incidents;#EF662F;30;perturbée;SIGNIFICANT_DELAYS;['Actualité'];[{'begin': '20220401T100000', 'end': '20220810T034500'}];af14f3f4-cb8a-11ec-beff-005056a44da2;"['Tramway T1 : Travaux de modernisation - Station / Gare non desservie', ""<p>Du 23/02/2022 au 09/08/2022 inclus Arrêt non desservi à Stade Géo André en raison de travaux de modernisation. Plus d'infos sur RATP.fr et IDFM Mobilités.<br><a href='http://www.ratp.fr'>Plus d'informations sur le site ratp.fr</a></p>"", 'Tramway T1 : Travaux de modernisation - Station / Gare non desservie', ""<p>Du 23/02/2022 au 09/08/2022 inclus Arrêt non desservi à Stade Géo André en raison de travaux de modernisation. Plus d'infos sur RATP.fr et IDFM Mobilités.<br><a href='http://www.ratp.fr'>Plus d'informations sur le site ratp.fr</a></p>""]";20220504T111504;af14f3f4-cb8a-11ec-beff-005056a44da2;[{'pt_object': {'embedded_type': 'line', 'line': {'code': 'T1', 'name': 'Quatre Routes - Noisy-le-Sec', 'links': [], 'color': '003CA6', 'geojson': {'type': 'MultiLineString', 'coordinates': []}, 'text_color': 'FFFFFF', 'physical_modes': [{'id': 'physical_mode:Tramway', 'name': 'Tramway'}], 'codes': [{'type': 'Netex_PrivateCode', 'value': '100112011'}, {'type': 'source', 'value': 'FR1:Line:C01389:'}], 'closing_time': '023900', 'opening_time': '044500', 'commercial_mode': {'id': 'commercial_mode:Tramway', 'name': 'Tramway'}, 'id': 'line:IDFM:C01389'}, 'quality': 0, 'name': 'RATP Tramway T1', 'id': 'line:IDFM:C01389'}}];af14f3f4-cb8a-11ec-beff-005056a44da2;af12f6da-cb8a-11ec-beff-005056a44da2;shortterm.tr_idfm;travaux;af12f6da-cb8a-11ec-beff-005056a44da2;['line'];['T1', ''];['Quatre Routes - Noisy-le-Sec', ''];[[{'id': 'physical_mode:Tramway', 'name': 'Tramway'}], ''];[''];[''];[''];['']
active;Incidents;#EF662F;30;perturbée;SIGNIFICANT_DELAYS;['Actualité'];[{'begin': '20220420T040000', 'end': '20220928T034500'}];af880024-cb8a-11ec-8d93-005056a47b86;"['Tramway T1 : Travaux (non précisé) - Station / Gare non desservie', ""<p>En raison de travaux de modernisation, la station Drancy-Avenir est fermée tous les jours du 20 avril au 27 septembre inclus, toute la journée.<br><a href='http://www.ratp.fr'>Plus d'informations sur le site ratp.fr</a></p>"", 'Tramway T1 : Travaux (non précisé) - Station / Gare non desservie', ""<p>En raison de travaux de modernisation, la station Drancy-Avenir est fermée tous les jours du 20 avril au 27 septembre inclus, toute la journée.<br><a href='http://www.ratp.fr'>Plus d'informations sur le site ratp.fr</a></p>""]";20220504T111505;af880024-cb8a-11ec-8d93-005056a47b86;[{'pt_object': {'embedded_type': 'line', 'line': {'code': 'T1', 'name': 'Quatre Routes - Noisy-le-Sec', 'links': [], 'color': '003CA6', 'geojson': {'type': 'MultiLineString', 'coordinates': []}, 'text_color': 'FFFFFF', 'physical_modes': [{'id': 'physical_mode:Tramway', 'name': 'Tramway'}], 'codes': [{'type': 'Netex_PrivateCode', 'value': '100112011'}, {'type': 'source', 'value': 'FR1:Line:C01389:'}], 'closing_time': '023900', 'opening_time': '044500', 'commercial_mode': {'id': 'commercial_mode:Tramway', 'name': 'Tramway'}, 'id': 'line:IDFM:C01389'}, 'quality': 0, 'name': 'RATP Tramway T1', 'id': 'line:IDFM:C01389'}}];af880024-cb8a-11ec-8d93-005056a47b86;af84d552-cb8a-11ec-8d93-005056a47b86;shortterm.tr_idfm;travaux;af84d552-cb8a-11ec-8d93-005056a47b86;['line'];['T1', ''];['Quatre Routes - Noisy-le-Sec', ''];[[{'id': 'physical_mode:Tramway', 'name': 'Tramway'}], ''];[''];[''];[''];['']
active;Incidents;#EF662F;30;perturbée;SIGNIFICANT_DELAYS;['Ascenseur'];[{'begin': '20220506T142150', 'end': '20230506T142150'}];89a7014a-cd68-11ec-a7df-005056a47b86;"[""Panne d'un ascenseur"", ""GARE DE VIROFLAY RIVE DROITE Panne de l'ascenseur situé VRD MZH /Surface, direction mezzanine"", ""GARE DE VIROFLAY RIVE DROITE Panne de l'ascenseur situé VRD MZH /Surface, direction mezzanine"", 'GARE DE VIROFLAY RIVE DROITE Panne ascenseur situé VRD MZH /Surface, dir. mezzanine']";20220506T201541;89a7014a-cd68-11ec-a7df-005056a47b86;[{'pt_object': {'embedded_type': 'stop_area', 'stop_area': {'codes': [{'type': 'source', 'value': 'FR::multimodalStopPlace:422420:FR1'}], 'name': 'Viroflay Rive Droite', 'links': [], 'coord': {'lat': '48.805778', 'lon': '2.16827'}, 'label': 'Viroflay Rive Droite (Viroflay)', 'timezone': 'Europe/Paris', 'id': 'stop_area:IDFM:422420'}, 'quality': 0, 'name': 'Viroflay Rive Droite (Viroflay)', 'id': 'stop_area:IDFM:422420'}}];89a7014a-cd68-11ec-a7df-005056a47b86;1b251ada-cd37-11ec-9069-005056a44da2;shortterm.tr_idfm;perturbation;1b251ada-cd37-11ec-9069-005056a44da2;['stop_area'];[''];[''];[''];[''];['FR::multimodalStopPlace:422420:FR1'];['Viroflay Rive Droite'];['Viroflay Rive Droite (Viroflay)']
future;Incidents;#EF662F;30;perturbée;SIGNIFICANT_DELAYS;['Actualité'];[{'begin': '20220613T040000', 'end': '20220613T062000'}, {'begin': '20220612T040000', 'end': '20220612T062000'}, {'begin': '20220619T040000', 'end': '20220619T062000'}, {'begin': '20220620T040000', 'end': '20220620T062000'}];20813a72-d769-11ec-8f65-005056a47b86;"['Ligne T4 : Bondy - Aulnay s/s Bois 12 au 20 juin', '<p>Période : du 1er tram jusqu\'à 6h00.<br>Dates : dimanche 12, lundi 13, dimanche 19 et lundi 20 juin.<br>Le trafic est interrompu entre Bondy et Aulnay-sous-Bois.<br>Un service de bus de remplacement est mis en place, avec desserte des gares intermédiaires.<br>Pour plus d\'informations, <a href=""https://www.transilien.com/sites/transilien/files/sentinelle-t4-aulnay-bondy-du11au20juin.pdf"" target="""">cliquez ici pour télécharger l\'affiche PDF.</a><br>Les horaires du calculateur d\'itinéraire tiennent compte des travaux.<br>Motif : travaux.</p>', 'Ligne T4 : Bondy - Aulnay s/s Bois 12 au 20 juin']";20220519T134505;20813a72-d769-11ec-8f65-005056a47b86;[{'pt_object': {'embedded_type': 'line', 'line': {'code': 'T4', 'name': 'T4', 'links': [], 'color': 'FED100', 'geojson': {'type': 'MultiLineString', 'coordinates': []}, 'text_color': 'FFFFFF', 'physical_modes': [{'id': 'physical_mode:Tramway', 'name': 'Tramway'}], 'codes': [{'type': 'Netex_PrivateCode', 'value': '800850009'}, {'type': 'osm_company', 'value': 'SNCF'}, {'type': 'osm_line_id', 'value': 'relation:6910344'}, {'type': 'osm_network', 'value': 'Transilien'}, {'type': 'source', 'value': 'FR1:Line:C01843:'}], 'closing_time': '015400', 'opening_time': '043000', 'commercial_mode': {'id': 'commercial_mode:Tramway', 'name': 'Tramway'}, 'id': 'line:IDFM:C01843'}, 'quality': 0, 'name': 'Transilien Tramway T4', 'id': 'line:IDFM:C01843'}}];20813a72-d769-11ec-8f65-005056a47b86;da622388-d75b-11ec-9344-005056a44da2;shortterm.tr_idfm;travaux;da622388-d75b-11ec-9344-005056a44da2;['line'];['T4', ''];['T4', ''];[[{'id': 'physical_mode:Tramway', 'name': 'Tramway'}], ''];[''];[''];[''];['']
future;Incidents;#EF662F;30;perturbée;SIGNIFICANT_DELAYS;['Actualité'];[{'begin': '20220611T004000', 'end': '20220611T024000'}, {'begin': '20220619T004000', 'end': '20220619T024000'}, {'begin': '20220612T004000', 'end': '20220612T024000'}, {'begin': '20220618T004000', 'end': '20220618T024000'}];3ba70b2c-d76b-11ec-9547-005056a47b86;"['Ligne T4 : Aulnay - Bondy 11-12/06 et 18-19/06', '<p>Période : à partir de 1h00.<br>Dates : samedi 11, dimanche 12, samedi 18 et dimanche 19 juin.<br>Le trafic est interrompu entre Aulnay-sous-Bois et Bondy.<br>Un service de bus de remplacement est mis en place, avec desserte des gares intermédiaires.<br>Pour plus d\'informations, <a href=""https://www.transilien.com/sites/transilien/files/sentinelle-t4-aulnay-bondy-du11au20juin.pdf"" target="""">cliquez ici pour télécharger l\'affiche PDF.</a><br>Les horaires du calculateur d\'itinéraire tiennent compte des travaux.<br>Motif : travaux.</p>', 'Ligne T4 : Aulnay - Bondy 11-12/06 et 18-19/06']";20220519T140010;3ba70b2c-d76b-11ec-9547-005056a47b86;[{'pt_object': {'embedded_type': 'line', 'line': {'code': 'T4', 'name': 'T4', 'links': [], 'color': 'FED100', 'geojson': {'type': 'MultiLineString', 'coordinates': []}, 'text_color': 'FFFFFF', 'physical_modes': [{'id': 'physical_mode:Tramway', 'name': 'Tramway'}], 'codes': [{'type': 'Netex_PrivateCode', 'value': '800850009'}, {'type': 'osm_company', 'value': 'SNCF'}, {'type': 'osm_line_id', 'value': 'relation:6910344'}, {'type': 'osm_network', 'value': 'Transilien'}, {'type': 'source', 'value': 'FR1:Line:C01843:'}], 'closing_time': '015400', 'opening_time': '043000', 'commercial_mode': {'id': 'commercial_mode:Tramway', 'name': 'Tramway'}, 'id': 'line:IDFM:C01843'}, 'quality': 0, 'name': 'Transilien Tramway T4', 'id': 'line:IDFM:C01843'}}];3ba70b2c-d76b-11ec-9547-005056a47b86;25fcbb60-d75b-11ec-9cc9-005056a44da2;shortterm.tr_idfm;travaux;25fcbb60-d75b-11ec-9cc9-005056a44da2;['line'];['T4', ''];['T4', ''];[[{'id': 'physical_mode:Tramway', 'name': 'Tramway'}], ''];[''];[''];[''];['']
past;Incidents;#EF662F;30;perturbée;SIGNIFICANT_DELAYS;['Actualité'];[{'begin': '20220522T194000', 'end': '20220524T020000'}];806bb3d2-d9f7-11ec-9acd-005056a47b86;"['Tramway RATP - Mouvement social : Trafic partiel et perturbé sur la ligne T3b', '<p>En raison d\'un mouvement social, le trafic de vos lignes de tram sera fortement perturbé.</p><p> En moyenne un tramway sur deux avec une fréquence de 8 minutes.</p><p>Circulation de 06h00 à 10h30 et de 15h30 à 20h00 uniquement entre Porte de Vincennes et Porte de La Chapelle</p><p>Les stations suivantes seront fermées :</p><p>Porte de Clignancourt</p><p>Angélique Compoint</p><p>Porte de Saint-Ouen </p><p>Épinettes - Pouchet </p><p>Honoré de Balzac </p><p>Porte de Clichy</p><p>Pour la journée du mardi 24 mai, le trafic devrait être en légère amélioration sur les réseaux Bus et Tramway. L\'entreprise sera en mesure de communiquer plus précisément ses prévisions lundi 23 mai à partir de 17h00.</p><p><a href=""https://www.ratp.fr/infos-trafic/tram/t3b#container"" target=""_blank"">Pour plus d\'informations, cliquez ici.</a></p>']";20220522T213326;806bb3d2-d9f7-11ec-9acd-005056a47b86;"[{'pt_object': {'embedded_type': 'line', 'line': {'code': 'T3b', 'name': ""Porte de Vincennes - Porte d'Asnières - Marguerite Long"", 'links': [], 'color': '00AE41', 'geojson': {'type': 'MultiLineString', 'coordinates': []}, 'text_color': 'FFFFFF', 'physical_modes': [{'id': 'physical_mode:Tramway', 'name': 'Tramway'}], 'codes': [{'type': 'Netex_PrivateCode', 'value': '100112003'}, {'type': 'source', 'value': 'FR1:Line:C01679:'}], 'closing_time': '025400', 'opening_time': '045400', 'commercial_mode': {'id': 'commercial_mode:Tramway', 'name': 'Tramway'}, 'id': 'line:IDFM:C01679'}, 'quality': 0, 'name': 'RATP Tramway T3b', 'id': 'line:IDFM:C01679'}}]";806bb3d2-d9f7-11ec-9acd-005056a47b86;806ad2f0-d9f7-11ec-9acd-005056a47b86;shortterm.tr_idfm;perturbation;806ad2f0-d9f7-11ec-9acd-005056a47b86;['line'];['T3b', ''];"[""Porte de Vincennes - Porte d'Asnières - Marguerite Long"", '']";[[{'id': 'physical_mode:Tramway', 'name': 'Tramway'}], ''];[''];[''];[''];['']
past;Incidents;#EF662F;30;perturbée;SIGNIFICANT_DELAYS;['Actualité'];[{'begin': '20220523T173000', 'end': '20220524T153000'}];507e508c-daae-11ec-95e1-005056a47b86;"['Tramway RATP - Mouvement social : Trafic partiel et perturbé sur la ligne T3b', '<p>En raison d\'un mouvement social RATP le 24/05/2022, la ligne T3b circulera&nbsp; uniquement entre Porte de Vincennes et Porte de La Chapelle, avec en moyenne un tramway sur deux de 05h30 à 11h00 et de 15h30 à 20h30. Pas de trafic le reste de la journée. </p><p>Les stations suivantes seront fermées : </p><p>Diane Arbus <br></p><p>Porte de Clignancourt</p><p>Angélique Compoint</p><p>Porte de Saint-Ouen </p><p>Épinettes - Pouchet </p><p>Honoré de Balzac </p><p>Porte de Clichy</p><p><br></p><p>Pour plus d\'informations, <a href=""https://www.ratp.fr/infos-trafic/tram/t3b#container"" target=""_blank"">cliquez ici</a>.</p>']";20220524T152912;507e508c-daae-11ec-95e1-005056a47b86;"[{'pt_object': {'embedded_type': 'line', 'line': {'code': 'T3b', 'name': ""Porte de Vincennes - Porte d'Asnières - Marguerite Long"", 'links': [], 'color': '00AE41', 'geojson': {'type': 'MultiLineString', 'coordinates': []}, 'text_color': 'FFFFFF', 'physical_modes': [{'id': 'physical_mode:Tramway', 'name': 'Tramway'}], 'codes': [{'type': 'Netex_PrivateCode', 'value': '100112003'}, {'type': 'source', 'value': 'FR1:Line:C01679:'}], 'closing_time': '025400', 'opening_time': '045400', 'commercial_mode': {'id': 'commercial_mode:Tramway', 'name': 'Tramway'}, 'id': 'line:IDFM:C01679'}, 'quality': 0, 'name': 'RATP Tramway T3b', 'id': 'line:IDFM:C01679'}}]";507e508c-daae-11ec-95e1-005056a47b86;507d8134-daae-11ec-95e1-005056a47b86;shortterm.tr_idfm;perturbation;507d8134-daae-11ec-95e1-005056a47b86;['line'];['T3b', ''];"[""Porte de Vincennes - Porte d'Asnières - Marguerite Long"", '']";[[{'id': 'physical_mode:Tramway', 'name': 'Tramway'}], ''];[''];[''];[''];['']
active;Incidents;#EF662F;30;perturbée;SIGNIFICANT_DELAYS;['Actualité'];[{'begin': '20220524T090000', 'end': '20220525T020000'}];57fc228a-db30-11ec-95e1-005056a47b86;"['Tramway T5 mardi 24 mai mouvement social', '<p>En raison d\'un mouvement social RATP le 24/05/2022 , un tramway sur deux circulera avec une fréquence de 7 minutes.</p><p style=""text-align: justify; ""> Circulation uniquement de 05h30 à 10h30 et de 15h30 à 20h30.</p><p style=""text-align: justify; "">Pour plus d\'informations,&nbsp;<a href=""https://www.ratp.fr/infos-trafic/tram/t2#container"" target=""_blank"">cliquer ici</a></p>']";20220524T160240;57fc228a-db30-11ec-95e1-005056a47b86;[{'pt_object': {'embedded_type': 'line', 'line': {'code': 'T5', 'name': 'Marché de Saint-Denis - Garges - Sarcelles', 'links': [], 'color': '62259D', 'geojson': {'type': 'MultiLineString', 'coordinates': []}, 'text_color': 'FFFFFF', 'physical_modes': [{'id': 'physical_mode:Tramway', 'name': 'Tramway'}], 'codes': [{'type': 'Netex_PrivateCode', 'value': '100112015'}, {'type': 'source', 'value': 'FR1:Line:C01684:'}], 'closing_time': '015400', 'opening_time': '052100', 'commercial_mode': {'id': 'commercial_mode:Tramway', 'name': 'Tramway'}, 'id': 'line:IDFM:C01684'}, 'quality': 0, 'name': 'RATP Tramway T5', 'id': 'line:IDFM:C01684'}}];57fc228a-db30-11ec-95e1-005056a47b86;57fb602a-db30-11ec-95e1-005056a47b86;shortterm.tr_idfm;perturbation;57fb602a-db30-11ec-95e1-005056a47b86;['line'];['T5', ''];['Marché de Saint-Denis - Garges - Sarcelles', ''];[[{'id': 'physical_mode:Tramway', 'name': 'Tramway'}], ''];[''];[''];[''];['']
active;Incidents;#EF662F;30;perturbée;SIGNIFICANT_DELAYS;['Actualité'];[{'begin': '20220524T091000', 'end': '20220525T020000'}];d1f5ad76-db31-11ec-a888-005056a44da2;"['Tramway RATP - Mouvement social mardi 24 mai : Trafic partiel et perturbé sur la ligne T3a', '<p>En raison d\'un mouvement social RATP le 24/05/2022 , un tramway sur deux circulera avec une fréquence de 6 minutes.</p><p>    Circulation uniquement entre Pont du Garigliano et Porte d\'Italie.</p><p>    Circulation de 06h00 à 10h00 et de 16h00 à 20h00.</p><p></p><p>Pour plus d\'informations,&nbsp;<a href=""https://www.ratp.fr/infos-trafic/tram/t2#container"" target=""_blank"">cliquez ici </a><br></p>']";20220524T160104;d1f5ad76-db31-11ec-a888-005056a44da2;[{'pt_object': {'embedded_type': 'line', 'line': {'code': 'T3a', 'name': 'Pont du Garigliano - Hôpital Européen G. Pompidou - Porte de Vincennes', 'links': [], 'color': 'FF7E2E', 'geojson': {'type': 'MultiLineString', 'coordinates': []}, 'text_color': '000000', 'physical_modes': [{'id': 'physical_mode:Tramway', 'name': 'Tramway'}], 'codes': [{'type': 'Netex_PrivateCode', 'value': '100112013'}, {'type': 'source', 'value': 'FR1:Line:C01391:'}], 'closing_time': '024700', 'opening_time': '051500', 'commercial_mode': {'id': 'commercial_mode:Tramway', 'name': 'Tramway'}, 'id': 'line:IDFM:C01391'}, 'quality': 0, 'name': 'RATP Tramway T3a', 'id': 'line:IDFM:C01391'}}];d1f5ad76-db31-11ec-a888-005056a44da2;d1f4ced8-db31-11ec-a888-005056a44da2;shortterm.tr_idfm;perturbation;d1f4ced8-db31-11ec-a888-005056a44da2;['line'];['T3a', ''];['Pont du Garigliano - Hôpital Européen G. Pompidou - Porte de Vincennes', ''];[[{'id': 'physical_mode:Tramway', 'name': 'Tramway'}], ''];[''];[''];[''];['']
future;Incidents;#EF662F;30;perturbée;SIGNIFICANT_DELAYS;['Actualité'];[{'begin': '20220528T100000', 'end': '20220529T034500'}];1f16801c-db69-11ec-a3a5-005056a44da2;"['Tramway T3A : Sport et Spectacle - Trafic normal - Métro 13 : Sport et Spectacle - Trafic normal', ""<p>UEFA LIGA DE CAMPEONES para ir al Stade de France (personas con un boleto), tome RER B, RER D, M12 o M13. Más información sobre los Fan Meeting Points (personas sin un boleto) en RATP.fr<br><a href='http://www.ratp.fr'>Plus d'informations sur le site ratp.fr</a></p>"", 'Tramway T3A : Sport et Spectacle - Trafic normal - Métro 13 : Sport et Spectacle - Trafic normal']";20220524T155508;1f16801c-db69-11ec-a3a5-005056a44da2;[{'pt_object': {'embedded_type': 'line', 'line': {'code': '13', 'name': 'Châtillon-Montrouge - Saint-Denis - Université', 'links': [], 'color': '6EC4E8', 'geojson': {'type': 'MultiLineString', 'coordinates': []}, 'text_color': '000000', 'physical_modes': [{'id': 'physical_mode:Metro', 'name': 'Métro'}], 'codes': [{'type': 'Netex_PrivateCode', 'value': '100110013'}, {'type': 'source', 'value': 'FR1:Line:C01383:'}], 'closing_time': '021500', 'opening_time': '053000', 'commercial_mode': {'id': 'commercial_mode:Metro', 'name': 'Métro'}, 'id': 'line:IDFM:C01383'}, 'quality': 0, 'name': 'RATP Métro 13', 'id': 'line:IDFM:C01383'}}, {'pt_object': {'embedded_type': 'line', 'line': {'code': 'T3a', 'name': 'Pont du Garigliano - Hôpital Européen G. Pompidou - Porte de Vincennes', 'links': [], 'color': 'FF7E2E', 'geojson': {'type': 'MultiLineString', 'coordinates': []}, 'text_color': '000000', 'physical_modes': [{'id': 'physical_mode:Tramway', 'name': 'Tramway'}], 'codes': [{'type': 'Netex_PrivateCode', 'value': '100112013'}, {'type': 'source', 'value': 'FR1:Line:C01391:'}], 'closing_time': '024700', 'opening_time': '051500', 'commercial_mode': {'id': 'commercial_mode:Tramway', 'name': 'Tramway'}, 'id': 'line:IDFM:C01391'}, 'quality': 0, 'name': 'RATP Tramway T3a', 'id': 'line:IDFM:C01391'}}];1f16801c-db69-11ec-a3a5-005056a44da2;85e10480-db63-11ec-a888-005056a44da2;shortterm.tr_idfm;perturbation;85e10480-db63-11ec-a888-005056a44da2;['line', 'line'];['13', '', 'T3a', ''];['Châtillon-Montrouge - Saint-Denis - Université', '', 'Pont du Garigliano - Hôpital Européen G. Pompidou - Porte de Vincennes', ''];[[{'id': 'physical_mode:Metro', 'name': 'Métro'}], '', [{'id': 'physical_mode:Tramway', 'name': 'Tramway'}], ''];['', ''];['', ''];['', ''];['', '']
future;Incidents;#EF662F;30;perturbée;SIGNIFICANT_DELAYS;['Actualité'];[{'begin': '20220525T040000', 'end': '20220526T020000'}];2234d796-db7b-11ec-a888-005056a44da2;"['<p>En raison d\'un mouvement social RATP le 25/05/2022 , un tramway sur deux circulera avec une fréquence de 10 minutes.</p><p>    Circulation de 06h00 à 11h00 et de 15h00 à 20h30</p><p>Pour plus d\'informations,&nbsp;<a href=""https://www.ratp.fr/infos-trafic/tram/t2#container"" target=""_blank"">cliquer ici</a></p><p></p>', 'Tramway RATP - Mouvement social mercredi 25 mai : Trafic partiel et perturbé sur la ligne T1']";20220524T201548;2234d796-db7b-11ec-a888-005056a44da2;[{'pt_object': {'embedded_type': 'line', 'line': {'code': 'T1', 'name': 'Quatre Routes - Noisy-le-Sec', 'links': [], 'color': '003CA6', 'geojson': {'type': 'MultiLineString', 'coordinates': []}, 'text_color': 'FFFFFF', 'physical_modes': [{'id': 'physical_mode:Tramway', 'name': 'Tramway'}], 'codes': [{'type': 'Netex_PrivateCode', 'value': '100112011'}, {'type': 'source', 'value': 'FR1:Line:C01389:'}], 'closing_time': '023900', 'opening_time': '044500', 'commercial_mode': {'id': 'commercial_mode:Tramway', 'name': 'Tramway'}, 'id': 'line:IDFM:C01389'}, 'quality': 0, 'name': 'RATP Tramway T1', 'id': 'line:IDFM:C01389'}}];2234d796-db7b-11ec-a888-005056a44da2;2233ee26-db7b-11ec-a888-005056a44da2;shortterm.tr_idfm;perturbation;2233ee26-db7b-11ec-a888-005056a44da2;['line'];['T1', ''];['Quatre Routes - Noisy-le-Sec', ''];[[{'id': 'physical_mode:Tramway', 'name': 'Tramway'}], ''];[''];[''];[''];['']
future;Incidents;#EF662F;30;perturbée;SIGNIFICANT_DELAYS;['Actualité'];[{'begin': '20220525T040000', 'end': '20220526T020000'}];bc97a420-db7c-11ec-b777-005056a44da2;"['Tramway RATP - Mouvement social mercredi 25 mai : Trafic partiel et perturbé sur la ligne T2', '<p>En raison d\'un mouvement social RATP le 25/05/2022 , un tramway sur deux circulera avec une fréquence de 9 minutes.</p><p>Circulation prévue de 06h00 à 01h30.<br></p><p>Pour plus d\'informations,&nbsp;<a href=""https://www.ratp.fr/infos-trafic/tram/t2#container"" target=""_blank"">cliquer ici</a></p>']";20220524T201657;bc97a420-db7c-11ec-b777-005056a44da2;[{'pt_object': {'embedded_type': 'line', 'line': {'code': 'T2', 'name': 'Porte de Versailles - Pont de Bezons', 'links': [], 'color': 'CF009E', 'geojson': {'type': 'MultiLineString', 'coordinates': []}, 'text_color': 'FFFFFF', 'physical_modes': [{'id': 'physical_mode:Tramway', 'name': 'Tramway'}], 'codes': [{'type': 'Netex_PrivateCode', 'value': '100112012'}, {'type': 'source', 'value': 'FR1:Line:C01390:'}], 'closing_time': '023500', 'opening_time': '050200', 'commercial_mode': {'id': 'commercial_mode:Tramway', 'name': 'Tramway'}, 'id': 'line:IDFM:C01390'}, 'quality': 0, 'name': 'RATP Tramway T2', 'id': 'line:IDFM:C01390'}}];bc97a420-db7c-11ec-b777-005056a44da2;bc96c9e2-db7c-11ec-b777-005056a44da2;shortterm.tr_idfm;perturbation;bc96c9e2-db7c-11ec-b777-005056a44da2;['line'];['T2', ''];['Porte de Versailles - Pont de Bezons', ''];[[{'id': 'physical_mode:Tramway', 'name': 'Tramway'}], ''];[''];[''];[''];['']
future;Incidents;#EF662F;30;perturbée;SIGNIFICANT_DELAYS;['Actualité'];[{'begin': '20220525T040000', 'end': '20220526T020000'}];175b1602-db7e-11ec-9c51-005056a44da2;"['Tramway RATP - Mouvement social mercredi 25 mai : Trafic partiel et perturbé sur la ligne T3a', '<p>En raison d\'un mouvement social RATP le 25/05/2022 , un tramway sur deux circulera avec une fréquence de 6 minutes.</p><p>    Circulation uniquement entre Pont du Garigliano et Porte d\'Italie.</p><p>    Circulation de 06h00 à 10h00 et de 16h00 à 20h00.</p><p></p><p>Pour plus d\'informations,&nbsp;<a href=""https://www.ratp.fr/infos-trafic/tram/t2#container"" target=""_blank"">cliquez ici </a><br></p>']";20220524T201755;175b1602-db7e-11ec-9c51-005056a44da2;[{'pt_object': {'embedded_type': 'line', 'line': {'code': 'T3a', 'name': 'Pont du Garigliano - Hôpital Européen G. Pompidou - Porte de Vincennes', 'links': [], 'color': 'FF7E2E', 'geojson': {'type': 'MultiLineString', 'coordinates': []}, 'text_color': '000000', 'physical_modes': [{'id': 'physical_mode:Tramway', 'name': 'Tramway'}], 'codes': [{'type': 'Netex_PrivateCode', 'value': '100112013'}, {'type': 'source', 'value': 'FR1:Line:C01391:'}], 'closing_time': '024700', 'opening_time': '051500', 'commercial_mode': {'id': 'commercial_mode:Tramway', 'name': 'Tramway'}, 'id': 'line:IDFM:C01391'}, 'quality': 0, 'name': 'RATP Tramway T3a', 'id': 'line:IDFM:C01391'}}];175b1602-db7e-11ec-9c51-005056a44da2;175a57c6-db7e-11ec-9c51-005056a44da2;shortterm.tr_idfm;perturbation;175a57c6-db7e-11ec-9c51-005056a44da2;['line'];['T3a', ''];['Pont du Garigliano - Hôpital Européen G. Pompidou - Porte de Vincennes', ''];[[{'id': 'physical_mode:Tramway', 'name': 'Tramway'}], ''];[''];[''];[''];['']
future;Incidents;#EF662F;30;perturbée;SIGNIFICANT_DELAYS;['Actualité'];[{'begin': '20220525T041000', 'end': '20220526T020000'}];0d24d234-db85-11ec-b938-005056a47b86;"['Tramway RATP - Mouvement social mercredi 25 mai : Trafic partiel et perturbé sur la ligne T3b', '<p>En raison d\'un mouvement social RATP le 25/05/2022, en moyenne un tramway sur deux avec une fréquence de 8 minutes</p><p>    Circulation uniquement entre Porte de Vincennes et Porte de La Chapelle</p><p>    Circulation de 05h30 à 11h00 et de 15h30 à 20h30</p><p></p><p>Pour plus d\'informations,&nbsp;<a href=""https://www.ratp.fr/infos-trafic/tram/t2#container"" target=""_blank"">cliquer ici</a></p>']";20220524T201858;0d24d234-db85-11ec-b938-005056a47b86;"[{'pt_object': {'embedded_type': 'line', 'line': {'code': 'T3b', 'name': ""Porte de Vincennes - Porte d'Asnières - Marguerite Long"", 'links': [], 'color': '00AE41', 'geojson': {'type': 'MultiLineString', 'coordinates': []}, 'text_color': 'FFFFFF', 'physical_modes': [{'id': 'physical_mode:Tramway', 'name': 'Tramway'}], 'codes': [{'type': 'Netex_PrivateCode', 'value': '100112003'}, {'type': 'source', 'value': 'FR1:Line:C01679:'}], 'closing_time': '025400', 'opening_time': '045400', 'commercial_mode': {'id': 'commercial_mode:Tramway', 'name': 'Tramway'}, 'id': 'line:IDFM:C01679'}, 'quality': 0, 'name': 'RATP Tramway T3b', 'id': 'line:IDFM:C01679'}}]";0d24d234-db85-11ec-b938-005056a47b86;0d23efea-db85-11ec-b938-005056a47b86;shortterm.tr_idfm;perturbation;0d23efea-db85-11ec-b938-005056a47b86;['line'];['T3b', ''];"[""Porte de Vincennes - Porte d'Asnières - Marguerite Long"", '']";[[{'id': 'physical_mode:Tramway', 'name': 'Tramway'}], ''];[''];[''];[''];['']
future;Incidents;#EF662F;30;perturbée;SIGNIFICANT_DELAYS;['Actualité'];[{'begin': '20220525T040000', 'end': '20220526T020000'}];c3fae264-db85-11ec-a793-005056a47b86;"['Tramway RATP - Mouvement social mercredi 25 mai : Trafic partiel et perturbé sur la ligne T5', '<p>En raison d\'un mouvement social RATP le 25/05/2022 , un tramway sur deux circulera avec une fréquence de 7 minutes.</p><p style=""text-align: justify; ""> Circulation uniquement de 05h30 à 10h30 et de 15h30 à 20h30.</p><p style=""text-align: justify; "">Pour plus d\'informations,&nbsp;<a href=""https://www.ratp.fr/infos-trafic/tram/t2#container"" target=""_blank"">cliquer ici</a></p>']";20220524T192538;c3fae264-db85-11ec-a793-005056a47b86;[{'pt_object': {'embedded_type': 'line', 'line': {'code': 'T5', 'name': 'Marché de Saint-Denis - Garges - Sarcelles', 'links': [], 'color': '62259D', 'geojson': {'type': 'MultiLineString', 'coordinates': []}, 'text_color': 'FFFFFF', 'physical_modes': [{'id': 'physical_mode:Tramway', 'name': 'Tramway'}], 'codes': [{'type': 'Netex_PrivateCode', 'value': '100112015'}, {'type': 'source', 'value': 'FR1:Line:C01684:'}], 'closing_time': '015400', 'opening_time': '052100', 'commercial_mode': {'id': 'commercial_mode:Tramway', 'name': 'Tramway'}, 'id': 'line:IDFM:C01684'}, 'quality': 0, 'name': 'RATP Tramway T5', 'id': 'line:IDFM:C01684'}}];c3fae264-db85-11ec-a793-005056a47b86;c3fa30d0-db85-11ec-a793-005056a47b86;shortterm.tr_idfm;perturbation;c3fa30d0-db85-11ec-a793-005056a47b86;['line'];['T5', ''];['Marché de Saint-Denis - Garges - Sarcelles', ''];[[{'id': 'physical_mode:Tramway', 'name': 'Tramway'}], ''];[''];[''];[''];['']
future;Incidents;#EF662F;30;perturbée;SIGNIFICANT_DELAYS;['Actualité'];[{'begin': '20220525T040000', 'end': '20220526T020000'}];e4f95740-db88-11ec-a3a5-005056a44da2;"['Tramway RATP - Mouvement social mercredi 25 mai : Trafic perturbé sur la ligne T8', '<p>En raison d\'un mouvement social RATP le 25/05/2022 , un tramway sur deux circulera avec une fréquence de 10 minutes.</p><p>Pour plus d\'informations,&nbsp;<a href=""https://www.ratp.fr/infos-trafic/tram/t2#container"" target=""_blank"">cliquer ici</a></p><p><br></p><p><br></p>']";20220524T202058;e4f95740-db88-11ec-a3a5-005056a44da2;[{'pt_object': {'embedded_type': 'line', 'line': {'code': 'T8', 'name': 'Épinay - Orgemont - Saint-Denis Porte de Paris', 'links': [], 'color': '837902', 'geojson': {'type': 'MultiLineString', 'coordinates': []}, 'text_color': '000000', 'physical_modes': [{'id': 'physical_mode:Tramway', 'name': 'Tramway'}], 'codes': [{'type': 'Netex_PrivateCode', 'value': '100112018'}, {'type': 'source', 'value': 'FR1:Line:C01795:'}], 'closing_time': '015300', 'opening_time': '044500', 'commercial_mode': {'id': 'commercial_mode:Tramway', 'name': 'Tramway'}, 'id': 'line:IDFM:C01795'}, 'quality': 0, 'name': 'RATP Tramway T8', 'id': 'line:IDFM:C01795'}}];e4f95740-db88-11ec-a3a5-005056a44da2;e4f861aa-db88-11ec-a3a5-005056a44da2;shortterm.tr_idfm;perturbation;e4f861aa-db88-11ec-a3a5-005056a44da2;['line'];['T8', ''];['Épinay - Orgemont - Saint-Denis Porte de Paris', ''];[[{'id': 'physical_mode:Tramway', 'name': 'Tramway'}], ''];[''];[''];[''];['']
