code;network__codes;network__id;network__links;network__name;links;color;routes;geojson__type;geojson__coordinates;text_color;physical_modes;codes;closing_time;opening_time;commercial_mode__id;commercial_mode__name;id;name;nb_routes;direction_ids;direction_names;stop_areas_ids;stop_areas_names;is_frequence;direction_types
T9;[{'type': 'source', 'value': 'FR1:Operator:1004:LOC'}];network:IDFM:Operator_1004;[];Keolis Ouest Val-de-Marne;[];5091CB;[{'direction': {'embedded_type': 'stop_area', 'stop_area': {'codes': [{'type': 'source', 'value': 'FR::multimodalStopPlace:70604:FR1'}], 'name': 'Porte de Choisy', 'links': [], 'coord': {'lat': '48.819797', 'lon': '2.36501'}, 'label': 'Porte de Choisy (Paris)', 'timezone': 'Europe/Paris', 'id': 'stop_area:IDFM:70604'}, 'quality': 0, 'name': 'Porte de Choisy (Paris)', 'id': 'stop_area:IDFM:70604'}, 'codes': [{'type': 'Netex_ServiceJourneyPattern', 'value': 'KT9:ServiceJourneyPattern:8064-C02317-DWH-C02317-R-02:LOC'}, {'type': 'Netex_ServiceJourneyPattern', 'value': 'KT9:ServiceJourneyPattern:8064-C02317-DWH-C02317-R-03:LOC'}, {'type': 'source', 'value': 'KT9:Route:C02317-R:LOC'}], 'name': 'T9-Retour', 'links': [], 'is_frequence': 'False', 'geojson': {'type': 'MultiLineString', 'coordinates': []}, 'direction_type': 'inbound', 'id': 'route:IDFM:KT9:C02317-R'}, {'direction': {'embedded_type': 'stop_area', 'stop_area': {'codes': [{'type': 'source', 'value': 'FR::multimodalStopPlace:69656:FR1'}], 'name': 'Orly - Gaston Viens', 'links': [], 'coord': {'lat': '48.744817', 'lon': '2.407681'}, 'label': 'Orly - Gaston Viens (Orly)', 'timezone': 'Europe/Paris', 'id': 'stop_area:IDFM:69656'}, 'quality': 0, 'name': 'Orly - Gaston Viens (Orly)', 'id': 'stop_area:IDFM:69656'}, 'codes': [{'type': 'Netex_ServiceJourneyPattern', 'value': 'KT9:ServiceJourneyPattern:32224-C02317-DWH-C02317-A-04:LOC'}, {'type': 'Netex_ServiceJourneyPattern', 'value': 'KT9:ServiceJourneyPattern:9665-C02317-DWH-C02317-A-01:LOC'}, {'type': 'source', 'value': 'stif:Route:local-9666-C02317-119:LOC'}], 'name': 'T9-Aller', 'links': [], 'is_frequence': 'False', 'geojson': {'type': 'MultiLineString', 'coordinates': []}, 'direction_type': 'outbound', 'id': 'route:IDFM:stif:local-9666-C02317-119'}];MultiLineString;[];FFFFFF;[{'id': 'physical_mode:Tramway', 'name': 'Tramway'}];[{'type': 'Netex_PrivateCode', 'value': '522522009'}, {'type': 'source', 'value': 'FR1:Line:C02317:'}];024200;044800;commercial_mode:Tramway;Tramway;line:IDFM:C02317;Orly - Gaston Viens - Porte de Choisy;2;['route:IDFM:KT9:C02317-R', 'route:IDFM:stif:local-9666-C02317-119'];['T9-Retour', 'T9-Aller'];['stop_area:IDFM:70604', 'stop_area:IDFM:69656'];['Porte de Choisy', 'Orly - Gaston Viens'];['False', 'False'];['inbound', 'outbound']
T1;[{'type': 'source', 'value': 'FR1:Operator:100:LOC'}];network:IDFM:Operator_100;[];RATP;[{'internal': True, 'type': 'disruption', 'id': 'af14f3f4-cb8a-11ec-beff-005056a44da2', 'rel': 'disruptions', 'templated': False}, {'internal': True, 'type': 'disruption', 'id': 'af880024-cb8a-11ec-8d93-005056a47b86', 'rel': 'disruptions', 'templated': False}];003CA6;[{'direction': {'embedded_type': 'stop_area', 'stop_area': {'codes': [{'type': 'source', 'value': 'FR::multimodalStopPlace:72041:FR1'}], 'name': 'Noisy-le-Sec', 'links': [{'internal': True, 'type': 'disruption', 'id': 'ce544f90-1f59-11ec-b981-005056a44da2', 'rel': 'disruptions', 'templated': False}, {'internal': True, 'type': 'disruption', 'id': 'ce949154-1f59-11ec-9813-005056a47b86', 'rel': 'disruptions', 'templated': False}, {'internal': True, 'type': 'disruption', 'id': 'ceb63818-1f59-11ec-a7ef-005056a47b86', 'rel': 'disruptions', 'templated': False}, {'internal': True, 'type': 'disruption', 'id': 'cec23dac-1f59-11ec-89e0-005056a44da2', 'rel': 'disruptions', 'templated': False}], 'coord': {'lat': '48.896234', 'lon': '2.459862'}, 'label': 'Noisy-le-Sec (Noisy-le-Sec)', 'timezone': 'Europe/Paris', 'id': 'stop_area:IDFM:72041'}, 'quality': 0, 'name': 'Noisy-le-Sec (Noisy-le-Sec)', 'id': 'stop_area:IDFM:72041'}, 'codes': [{'type': 'Netex_ServiceJourneyPattern', 'value': 'RATP:ServiceJourneyPattern:2747-C01389-2439052:LOC'}, {'type': 'Netex_ServiceJourneyPattern', 'value': 'RATP:ServiceJourneyPattern:2747-C01389-2439054:LOC'}, {'type': 'Netex_ServiceJourneyPattern', 'value': 'RATP:ServiceJourneyPattern:2747-C01389-2439055:LOC'}, {'type': 'Netex_ServiceJourneyPattern', 'value': 'RATP:ServiceJourneyPattern:2747-C01389-2439057:LOC'}, {'type': 'Netex_ServiceJourneyPattern', 'value': 'RATP:ServiceJourneyPattern:2747-C01389-2439060:LOC'}, {'type': 'ntfs_source', 'value': 'IDFM:RATP:2747-C01389-2439859'}, {'type': 'source', 'value': 'RATP:Route:2747-C01389-2439859:LOC'}], 'name': 'Asnières - Quatre Routes - Noisy-le-Sec', 'links': [], 'is_frequence': 'False', 'geojson': {'type': 'MultiLineString', 'coordinates': []}, 'direction_type': 'inbound', 'id': 'route:IDFM:C01389-inbound'}, {'direction': {'embedded_type': 'stop_area', 'stop_area': {'codes': [{'type': 'source', 'value': 'FR::multimodalStopPlace:72267:FR1'}], 'name': 'Asnières - Quatre Routes', 'links': [], 'coord': {'lat': '48.926789', 'lon': '2.274387'}, 'label': 'Asnières - Quatre Routes (Asnières-sur-Seine) (Bois-Colombes)', 'timezone': 'Europe/Paris', 'id': 'stop_area:IDFM:72267'}, 'quality': 0, 'name': 'Asnières - Quatre Routes (Asnières-sur-Seine) (Bois-Colombes)', 'id': 'stop_area:IDFM:72267'}, 'codes': [{'type': 'Netex_ServiceJourneyPattern', 'value': 'RATP:ServiceJourneyPattern:2747-C01389-2379351:LOC'}, {'type': 'Netex_ServiceJourneyPattern', 'value': 'RATP:ServiceJourneyPattern:2747-C01389-2379352:LOC'}, {'type': 'Netex_ServiceJourneyPattern', 'value': 'RATP:ServiceJourneyPattern:2747-C01389-2439053:LOC'}, {'type': 'Netex_ServiceJourneyPattern', 'value': 'RATP:ServiceJourneyPattern:2747-C01389-2439056:LOC'}, {'type': 'Netex_ServiceJourneyPattern', 'value': 'RATP:ServiceJourneyPattern:2747-C01389-2439058:LOC'}, {'type': 'Netex_ServiceJourneyPattern', 'value': 'RATP:ServiceJourneyPattern:2747-C01389-2439059:LOC'}, {'type': 'Netex_ServiceJourneyPattern', 'value': 'RATP:ServiceJourneyPattern:2747-C01389-2439061:LOC'}, {'type': 'ntfs_source', 'value': 'IDFM:RATP:2747-C01389-2380201'}, {'type': 'ntfs_source', 'value': 'IDFM:RATP:2747-C01389-2439858'}, {'type': 'source', 'value': 'RATP:Route:2747-C01389-2380201:LOC'}, {'type': 'source', 'value': 'RATP:Route:2747-C01389-2439858:LOC'}], 'name': 'Noisy-le-Sec - Asnières - Quatre Routes', 'links': [], 'is_frequence': 'False', 'geojson': {'type': 'MultiLineString', 'coordinates': []}, 'direction_type': 'outbound', 'id': 'route:IDFM:C01389-outbound'}];MultiLineString;[];FFFFFF;[{'id': 'physical_mode:Tramway', 'name': 'Tramway'}];[{'type': 'Netex_PrivateCode', 'value': '100112011'}, {'type': 'source', 'value': 'FR1:Line:C01389:'}];023900;044500;commercial_mode:Tramway;Tramway;line:IDFM:C01389;Quatre Routes - Noisy-le-Sec;2;['route:IDFM:C01389-inbound', 'route:IDFM:C01389-outbound'];['Asnières - Quatre Routes - Noisy-le-Sec', 'Noisy-le-Sec - Asnières - Quatre Routes'];['stop_area:IDFM:72041', 'stop_area:IDFM:72267'];['Noisy-le-Sec', 'Asnières - Quatre Routes'];['False', 'False'];['inbound', 'outbound']
T2;[{'type': 'source', 'value': 'FR1:Operator:100:LOC'}];network:IDFM:Operator_100;[];RATP;[];CF009E;[{'direction': {'embedded_type': 'stop_area', 'stop_area': {'codes': [{'type': 'source', 'value': 'FR::multimodalStopPlace:64758:FR1'}], 'name': 'Pont de Bezons', 'links': [], 'coord': {'lat': '48.923156', 'lon': '2.21798'}, 'label': 'Pont de Bezons (Bezons)', 'timezone': 'Europe/Paris', 'id': 'stop_area:IDFM:64758'}, 'quality': 0, 'name': 'Pont de Bezons (Bezons)', 'id': 'stop_area:IDFM:64758'}, 'codes': [{'type': 'Netex_ServiceJourneyPattern', 'value': 'RATP:ServiceJourneyPattern:565-C01390-1301625:LOC'}, {'type': 'Netex_ServiceJourneyPattern', 'value': 'RATP:ServiceJourneyPattern:565-C01390-938155:LOC'}, {'type': 'Netex_ServiceJourneyPattern', 'value': 'RATP:ServiceJourneyPattern:565-C01390-938160:LOC'}, {'type': 'Netex_ServiceJourneyPattern', 'value': 'RATP:ServiceJourneyPattern:7105-C01390-2540654:LOC'}, {'type': 'Netex_ServiceJourneyPattern', 'value': 'RATP:ServiceJourneyPattern:7105-C01390-2540657:LOC'}, {'type': 'Netex_ServiceJourneyPattern', 'value': 'RATP:ServiceJourneyPattern:7105-C01390-2540658:LOC'}, {'type': 'Netex_ServiceJourneyPattern', 'value': 'RATP:ServiceJourneyPattern:7105-C01390-938157:LOC'}, {'type': 'Netex_ServiceJourneyPattern', 'value': 'RATP:ServiceJourneyPattern:7105-C01390-938159:LOC'}, {'type': 'ntfs_source', 'value': 'IDFM:RATP:565-C01390-2240132'}, {'type': 'ntfs_source', 'value': 'IDFM:RATP:7105-C01390-2545243'}, {'type': 'source', 'value': 'RATP:Route:565-C01390-2240132:LOC'}, {'type': 'source', 'value': 'RATP:Route:7105-C01390-2545243:LOC'}], 'name': 'Porte de Versailles - Pont de Bezons', 'links': [], 'is_frequence': 'False', 'geojson': {'type': 'MultiLineString', 'coordinates': []}, 'direction_type': 'inbound', 'id': 'route:IDFM:C01390-inbound'}, {'direction': {'embedded_type': 'stop_area', 'stop_area': {'codes': [{'type': 'source', 'value': 'FR::multimodalStopPlace:71045:FR1'}], 'name': 'Porte de Versailles', 'links': [], 'coord': {'lat': '48.832525', 'lon': '2.287837'}, 'label': 'Porte de Versailles (Paris)', 'timezone': 'Europe/Paris', 'id': 'stop_area:IDFM:71045'}, 'quality': 0, 'name': 'Porte de Versailles (Paris)', 'id': 'stop_area:IDFM:71045'}, 'codes': [{'type': 'Netex_ServiceJourneyPattern', 'value': 'RATP:ServiceJourneyPattern:7105-C01390-2540646:LOC'}, {'type': 'Netex_ServiceJourneyPattern', 'value': 'RATP:ServiceJourneyPattern:7105-C01390-2540647:LOC'}, {'type': 'Netex_ServiceJourneyPattern', 'value': 'RATP:ServiceJourneyPattern:7105-C01390-2540655:LOC'}, {'type': 'Netex_ServiceJourneyPattern', 'value': 'RATP:ServiceJourneyPattern:7105-C01390-2540656:LOC'}, {'type': 'Netex_ServiceJourneyPattern', 'value': 'RATP:ServiceJourneyPattern:7105-C01390-2540659:LOC'}, {'type': 'ntfs_source', 'value': 'IDFM:RATP:7105-C01390-2543552'}, {'type': 'ntfs_source', 'value': 'IDFM:RATP:7105-C01390-2545242'}, {'type': 'source', 'value': 'RATP:Route:7105-C01390-2543552:LOC'}, {'type': 'source', 'value': 'RATP:Route:7105-C01390-2545242:LOC'}], 'name': 'Pont de Bezons - Porte de Versailles', 'links': [], 'is_frequence': 'False', 'geojson': {'type': 'MultiLineString', 'coordinates': []}, 'direction_type': 'outbound', 'id': 'route:IDFM:C01390-outbound'}];MultiLineString;[];FFFFFF;[{'id': 'physical_mode:Tramway', 'name': 'Tramway'}];[{'type': 'Netex_PrivateCode', 'value': '100112012'}, {'type': 'source', 'value': 'FR1:Line:C01390:'}];023500;050200;commercial_mode:Tramway;Tramway;line:IDFM:C01390;Porte de Versailles - Pont de Bezons;2;['route:IDFM:C01390-inbound', 'route:IDFM:C01390-outbound'];['Porte de Versailles - Pont de Bezons', 'Pont de Bezons - Porte de Versailles'];['stop_area:IDFM:64758', 'stop_area:IDFM:71045'];['Pont de Bezons', 'Porte de Versailles'];['False', 'False'];['inbound', 'outbound']
T3a;[{'type': 'source', 'value': 'FR1:Operator:100:LOC'}];network:IDFM:Operator_100;[];RATP;[];FF7E2E;[{'direction': {'embedded_type': 'stop_area', 'stop_area': {'codes': [{'type': 'source', 'value': 'FR::multimodalStopPlace:74002:FR1'}], 'name': 'Pont du Garigliano - Hôpital Européen G. Pompidou', 'links': [], 'coord': {'lat': '48.838514', 'lon': '2.270608'}, 'label': 'Pont du Garigliano - Hôpital Européen G. Pompidou (Paris)', 'timezone': 'Europe/Paris', 'id': 'stop_area:IDFM:74002'}, 'quality': 0, 'name': 'Pont du Garigliano - Hôpital Européen G. Pompidou (Paris)', 'id': 'stop_area:IDFM:74002'}, 'codes': [{'type': 'Netex_ServiceJourneyPattern', 'value': 'RATP:ServiceJourneyPattern:7130-C01391-2545110:LOC'}, {'type': 'Netex_ServiceJourneyPattern', 'value': 'RATP:ServiceJourneyPattern:7130-C01391-2545111:LOC'}, {'type': 'Netex_ServiceJourneyPattern', 'value': 'RATP:ServiceJourneyPattern:7633-C01391-2545824:LOC'}, {'type': 'Netex_ServiceJourneyPattern', 'value': 'RATP:ServiceJourneyPattern:7633-C01391-2545826:LOC'}, {'type': 'ntfs_source', 'value': 'IDFM:RATP:7130-C01391-2545217'}, {'type': 'ntfs_source', 'value': 'IDFM:RATP:7633-C01391-2546534'}, {'type': 'source', 'value': 'RATP:Route:7130-C01391-2545217:LOC'}, {'type': 'source', 'value': 'RATP:Route:7633-C01391-2546534:LOC'}], 'name': 'Porte de Vincennes - Pont du Garigliano - Hôpital Européen G. Pompidou', 'links': [], 'is_frequence': 'False', 'geojson': {'type': 'MultiLineString', 'coordinates': []}, 'direction_type': 'inbound', 'id': 'route:IDFM:C01391-inbound'}, {'direction': {'embedded_type': 'stop_area', 'stop_area': {'codes': [{'type': 'source', 'value': 'FR::multimodalStopPlace:71663:FR1'}], 'name': 'Porte de Vincennes', 'links': [], 'coord': {'lat': '48.847157', 'lon': '2.41017'}, 'label': 'Porte de Vincennes (Paris)', 'timezone': 'Europe/Paris', 'id': 'stop_area:IDFM:71663'}, 'quality': 0, 'name': 'Porte de Vincennes (Paris)', 'id': 'stop_area:IDFM:71663'}, 'codes': [{'type': 'Netex_ServiceJourneyPattern', 'value': 'RATP:ServiceJourneyPattern:547-C01391-909593:LOC'}, {'type': 'Netex_ServiceJourneyPattern', 'value': 'RATP:ServiceJourneyPattern:7633-C01391-2545825:LOC'}, {'type': 'ntfs_source', 'value': 'IDFM:RATP:547-C01391-2427353'}, {'type': 'ntfs_source', 'value': 'IDFM:RATP:7633-C01391-2546533'}, {'type': 'source', 'value': 'RATP:Route:547-C01391-2427353:LOC'}, {'type': 'source', 'value': 'RATP:Route:7633-C01391-2546533:LOC'}], 'name': 'Pont du Garigliano - Hôpital Européen G. Pompidou - Porte de Vincennes', 'links': [], 'is_frequence': 'False', 'geojson': {'type': 'MultiLineString', 'coordinates': []}, 'direction_type': 'outbound', 'id': 'route:IDFM:C01391-outbound'}];MultiLineString;[];000000;[{'id': 'physical_mode:Tramway', 'name': 'Tramway'}];[{'type': 'Netex_PrivateCode', 'value': '100112013'}, {'type': 'source', 'value': 'FR1:Line:C01391:'}];024700;051500;commercial_mode:Tramway;Tramway;line:IDFM:C01391;Pont du Garigliano - Hôpital Européen G. Pompidou - Porte de Vincennes;2;['route:IDFM:C01391-inbound', 'route:IDFM:C01391-outbound'];['Porte de Vincennes - Pont du Garigliano - Hôpital Européen G. Pompidou', 'Pont du Garigliano - Hôpital Européen G. Pompidou - Porte de Vincennes'];['stop_area:IDFM:74002', 'stop_area:IDFM:71663'];['Pont du Garigliano - Hôpital Européen G. Pompidou', 'Porte de Vincennes'];['False', 'False'];['inbound', 'outbound']
T3b;[{'type': 'source', 'value': 'FR1:Operator:100:LOC'}];network:IDFM:Operator_100;[];RATP;[];00AE41;"[{'direction': {'embedded_type': 'stop_area', 'stop_area': {'codes': [{'type': 'source', 'value': 'FR::multimodalStopPlace:71663:FR1'}], 'name': 'Porte de Vincennes', 'links': [], 'coord': {'lat': '48.847157', 'lon': '2.41017'}, 'label': 'Porte de Vincennes (Paris)', 'timezone': 'Europe/Paris', 'id': 'stop_area:IDFM:71663'}, 'quality': 0, 'name': 'Porte de Vincennes (Paris)', 'id': 'stop_area:IDFM:71663'}, 'codes': [{'type': 'Netex_ServiceJourneyPattern', 'value': 'RATP:ServiceJourneyPattern:550-C01679-1931444:LOC'}, {'type': 'Netex_ServiceJourneyPattern', 'value': 'RATP:ServiceJourneyPattern:550-C01679-1931445:LOC'}, {'type': 'Netex_ServiceJourneyPattern', 'value': 'RATP:ServiceJourneyPattern:550-C01679-1931448:LOC'}, {'type': 'Netex_ServiceJourneyPattern', 'value': 'RATP:ServiceJourneyPattern:550-C01679-1931449:LOC'}, {'type': 'Netex_ServiceJourneyPattern', 'value': 'RATP:ServiceJourneyPattern:550-C01679-2057341:LOC'}, {'type': 'ntfs_source', 'value': 'IDFM:RATP:550-C01679-2194711'}, {'type': 'source', 'value': 'RATP:Route:550-C01679-2194711:LOC'}], 'name': ""Porte d'Asnières - Marguerite Long - Porte de Vincennes"", 'links': [], 'is_frequence': 'False', 'geojson': {'type': 'MultiLineString', 'coordinates': []}, 'direction_type': 'inbound', 'id': 'route:IDFM:C01679-inbound'}, {'direction': {'embedded_type': 'stop_area', 'stop_area': {'codes': [{'type': 'source', 'value': 'FR::multimodalStopPlace:71505:FR1'}], 'name': ""Porte d'Asnières - Marguerite Long"", 'links': [], 'coord': {'lat': '48.890481', 'lon': '2.302708'}, 'label': ""Porte d'Asnières - Marguerite Long (Paris)"", 'timezone': 'Europe/Paris', 'id': 'stop_area:IDFM:71505'}, 'quality': 0, 'name': ""Porte d'Asnières - Marguerite Long (Paris)"", 'id': 'stop_area:IDFM:71505'}, 'codes': [{'type': 'Netex_ServiceJourneyPattern', 'value': 'RATP:ServiceJourneyPattern:2778-C01679-1931446:LOC'}, {'type': 'Netex_ServiceJourneyPattern', 'value': 'RATP:ServiceJourneyPattern:2778-C01679-1931447:LOC'}, {'type': 'Netex_ServiceJourneyPattern', 'value': 'RATP:ServiceJourneyPattern:2778-C01679-1931450:LOC'}, {'type': 'Netex_ServiceJourneyPattern', 'value': 'RATP:ServiceJourneyPattern:2778-C01679-1931451:LOC'}, {'type': 'Netex_ServiceJourneyPattern', 'value': 'RATP:ServiceJourneyPattern:3504-C01679-2485760:LOC'}, {'type': 'Netex_ServiceJourneyPattern', 'value': 'RATP:ServiceJourneyPattern:3504-C01679-2485761:LOC'}, {'type': 'ntfs_source', 'value': 'IDFM:RATP:2778-C01679-2194710'}, {'type': 'ntfs_source', 'value': 'IDFM:RATP:3504-C01679-2486705'}, {'type': 'source', 'value': 'RATP:Route:2778-C01679-2194710:LOC'}, {'type': 'source', 'value': 'RATP:Route:3504-C01679-2486705:LOC'}], 'name': ""Porte de Vincennes - Porte d'Asnières - Marguerite Long"", 'links': [], 'is_frequence': 'False', 'geojson': {'type': 'MultiLineString', 'coordinates': []}, 'direction_type': 'outbound', 'id': 'route:IDFM:C01679-outbound'}]";MultiLineString;[];FFFFFF;[{'id': 'physical_mode:Tramway', 'name': 'Tramway'}];[{'type': 'Netex_PrivateCode', 'value': '100112003'}, {'type': 'source', 'value': 'FR1:Line:C01679:'}];025400;045400;commercial_mode:Tramway;Tramway;line:IDFM:C01679;Porte de Vincennes - Porte d'Asnières - Marguerite Long;2;['route:IDFM:C01679-inbound', 'route:IDFM:C01679-outbound'];"[""Porte d'Asnières - Marguerite Long - Porte de Vincennes"", ""Porte de Vincennes - Porte d'Asnières - Marguerite Long""]";['stop_area:IDFM:71663', 'stop_area:IDFM:71505'];"['Porte de Vincennes', ""Porte d'Asnières - Marguerite Long""]";['False', 'False'];['inbound', 'outbound']
T5;[{'type': 'source', 'value': 'FR1:Operator:100:LOC'}];network:IDFM:Operator_100;[];RATP;[];62259D;[{'direction': {'embedded_type': 'stop_area', 'stop_area': {'codes': [{'type': 'source', 'value': 'FR::multimodalStopPlace:65582:FR1'}], 'name': 'Garges - Sarcelles', 'links': [], 'coord': {'lat': '48.976477', 'lon': '2.39039'}, 'label': 'Garges - Sarcelles (Garges-lès-Gonesse) (Sarcelles)', 'timezone': 'Europe/Paris', 'id': 'stop_area:IDFM:65582'}, 'quality': 0, 'name': 'Garges - Sarcelles (Garges-lès-Gonesse) (Sarcelles)', 'id': 'stop_area:IDFM:65582'}, 'codes': [{'type': 'Netex_ServiceJourneyPattern', 'value': 'RATP:ServiceJourneyPattern:13347-C01684-2573969:LOC'}, {'type': 'Netex_ServiceJourneyPattern', 'value': 'RATP:ServiceJourneyPattern:13347-C01684-2573970:LOC'}, {'type': 'Netex_ServiceJourneyPattern', 'value': 'RATP:ServiceJourneyPattern:13347-C01684-2573971:LOC'}, {'type': 'Netex_ServiceJourneyPattern', 'value': 'RATP:ServiceJourneyPattern:13347-C01684-2573973:LOC'}, {'type': 'Netex_ServiceJourneyPattern', 'value': 'RATP:ServiceJourneyPattern:13347-C01684-2573976:LOC'}, {'type': 'Netex_ServiceJourneyPattern', 'value': 'RATP:ServiceJourneyPattern:13347-C01684-987997:LOC'}, {'type': 'Netex_ServiceJourneyPattern', 'value': 'RATP:ServiceJourneyPattern:553-C01684-987997:LOC'}, {'type': 'ntfs_source', 'value': 'IDFM:RATP:13347-C01684-2390392'}, {'type': 'ntfs_source', 'value': 'IDFM:RATP:13347-C01684-2575686'}, {'type': 'ntfs_source', 'value': 'IDFM:RATP:13347-C01684-2575689'}, {'type': 'ntfs_source', 'value': 'IDFM:RATP:553-C01684-2390392'}, {'type': 'source', 'value': 'RATP:Route:13347-C01684-2390392:LOC'}, {'type': 'source', 'value': 'RATP:Route:13347-C01684-2575686:LOC'}, {'type': 'source', 'value': 'RATP:Route:13347-C01684-2575689:LOC'}, {'type': 'source', 'value': 'RATP:Route:553-C01684-2390392:LOC'}], 'name': 'Marché de Saint-Denis - Garges - Sarcelles', 'links': [], 'is_frequence': 'False', 'geojson': {'type': 'MultiLineString', 'coordinates': []}, 'direction_type': 'inbound', 'id': 'route:IDFM:C01684-inbound'}, {'direction': {'embedded_type': 'stop_area', 'stop_area': {'codes': [{'type': 'source', 'value': 'FR::multimodalStopPlace:72333:FR1'}], 'name': 'Marché de Saint-Denis', 'links': [], 'coord': {'lat': '48.938748', 'lon': '2.355893'}, 'label': 'Marché de Saint-Denis (Saint-Denis)', 'timezone': 'Europe/Paris', 'id': 'stop_area:IDFM:72333'}, 'quality': 0, 'name': 'Marché de Saint-Denis (Saint-Denis)', 'id': 'stop_area:IDFM:72333'}, 'codes': [{'type': 'Netex_ServiceJourneyPattern', 'value': 'RATP:ServiceJourneyPattern:13347-C01684-2573974:LOC'}, {'type': 'Netex_ServiceJourneyPattern', 'value': 'RATP:ServiceJourneyPattern:13347-C01684-2573975:LOC'}, {'type': 'Netex_ServiceJourneyPattern', 'value': 'RATP:ServiceJourneyPattern:553-C01684-979304:LOC'}, {'type': 'Netex_ServiceJourneyPattern', 'value': 'RATP:ServiceJourneyPattern:553-C01684-979305:LOC'}, {'type': 'Netex_ServiceJourneyPattern', 'value': 'RATP:ServiceJourneyPattern:553-C01684-987999:LOC'}, {'type': 'ntfs_source', 'value': 'IDFM:RATP:13347-C01684-2575688'}, {'type': 'ntfs_source', 'value': 'IDFM:RATP:553-C01684-2390391'}, {'type': 'source', 'value': 'RATP:Route:13347-C01684-2575688:LOC'}, {'type': 'source', 'value': 'RATP:Route:553-C01684-2390391:LOC'}], 'name': 'Garges - Sarcelles - Marché de Saint-Denis', 'links': [], 'is_frequence': 'False', 'geojson': {'type': 'MultiLineString', 'coordinates': []}, 'direction_type': 'outbound', 'id': 'route:IDFM:C01684-outbound'}];MultiLineString;[];FFFFFF;[{'id': 'physical_mode:Tramway', 'name': 'Tramway'}];[{'type': 'Netex_PrivateCode', 'value': '100112015'}, {'type': 'source', 'value': 'FR1:Line:C01684:'}];015400;052100;commercial_mode:Tramway;Tramway;line:IDFM:C01684;Marché de Saint-Denis - Garges - Sarcelles;2;['route:IDFM:C01684-inbound', 'route:IDFM:C01684-outbound'];['Marché de Saint-Denis - Garges - Sarcelles', 'Garges - Sarcelles - Marché de Saint-Denis'];['stop_area:IDFM:65582', 'stop_area:IDFM:72333'];['Garges - Sarcelles', 'Marché de Saint-Denis'];['False', 'False'];['inbound', 'outbound']
T6;[{'type': 'source', 'value': 'FR1:Operator:100:LOC'}];network:IDFM:Operator_100;[];RATP;[];E2231A;[{'direction': {'embedded_type': 'stop_area', 'stop_area': {'codes': [{'type': 'source', 'value': 'FR::multimodalStopPlace:461505:FR1'}], 'name': 'Châtillon-Montrouge', 'links': [], 'coord': {'lat': '48.811131', 'lon': '2.30206'}, 'label': 'Châtillon-Montrouge (Châtillon) (Montrouge) (Malakoff)', 'timezone': 'Europe/Paris', 'id': 'stop_area:IDFM:461505'}, 'quality': 0, 'name': 'Châtillon-Montrouge (Châtillon) (Montrouge) (Malakoff)', 'id': 'stop_area:IDFM:461505'}, 'codes': [{'type': 'Netex_ServiceJourneyPattern', 'value': 'RATP:ServiceJourneyPattern:13338-C01794-2573986:LOC'}, {'type': 'Netex_ServiceJourneyPattern', 'value': 'RATP:ServiceJourneyPattern:13338-C01794-2573987:LOC'}, {'type': 'Netex_ServiceJourneyPattern', 'value': 'RATP:ServiceJourneyPattern:559-C01794-1461434:LOC'}, {'type': 'ntfs_source', 'value': 'IDFM:RATP:13338-C01794-2575706'}, {'type': 'ntfs_source', 'value': 'IDFM:RATP:559-C01794-1463792'}, {'type': 'source', 'value': 'RATP:Route:13338-C01794-2575706:LOC'}, {'type': 'source', 'value': 'RATP:Route:559-C01794-1463792:LOC'}], 'name': 'Viroflay Rive Droite - Châtillon-Montrouge', 'links': [], 'is_frequence': 'False', 'geojson': {'type': 'MultiLineString', 'coordinates': []}, 'direction_type': 'inbound', 'id': 'route:IDFM:C01794-inbound'}, {'direction': {'embedded_type': 'stop_area', 'stop_area': {'codes': [{'type': 'source', 'value': 'FR::multimodalStopPlace:422420:FR1'}], 'name': 'Viroflay Rive Droite', 'links': [{'internal': True, 'type': 'disruption', 'id': '07bb2fd0-4c35-11ec-ad2a-005056a44da2', 'rel': 'disruptions', 'templated': False}, {'internal': True, 'type': 'disruption', 'id': '0816c994-13f5-11ec-bd6c-005056a44da2', 'rel': 'disruptions', 'templated': False}, {'internal': True, 'type': 'disruption', 'id': '1869d61c-ea4f-11eb-9a1d-005056a47b86', 'rel': 'disruptions', 'templated': False}, {'internal': True, 'type': 'disruption', 'id': '89a7014a-cd68-11ec-a7df-005056a47b86', 'rel': 'disruptions', 'templated': False}, {'internal': True, 'type': 'disruption', 'id': '200334fa-f066-11eb-b8b4-005056a47b86', 'rel': 'disruptions', 'templated': False}, {'internal': True, 'type': 'disruption', 'id': '289cde74-cd3c-11eb-890a-005056a44da2', 'rel': 'disruptions', 'templated': False}, {'internal': True, 'type': 'disruption', 'id': '2a146bfa-5536-11ec-b2b6-005056a44da2', 'rel': 'disruptions', 'templated': False}, {'internal': True, 'type': 'disruption', 'id': '2a9ffa12-2863-11ec-a976-005056a44da2', 'rel': 'disruptions', 'templated': False}, {'internal': True, 'type': 'disruption', 'id': '2c5b4618-5536-11ec-b2b6-005056a44da2', 'rel': 'disruptions', 'templated': False}, {'internal': True, 'type': 'disruption', 'id': '2c839a5a-2863-11ec-a899-005056a44da2', 'rel': 'disruptions', 'templated': False}, {'internal': True, 'type': 'disruption', 'id': '308bf10a-842b-11ec-baac-005056a47b86', 'rel': 'disruptions', 'templated': False}, {'internal': True, 'type': 'disruption', 'id': '3304dc52-fdf4-11eb-b5ce-005056a47b86', 'rel': 'disruptions', 'templated': False}, {'internal': True, 'type': 'disruption', 'id': '429b95e0-1ad5-11ec-9a97-005056a44da2', 'rel': 'disruptions', 'templated': False}, {'internal': True, 'type': 'disruption', 'id': '46b4ef68-3237-11ec-95cc-005056a47b86', 'rel': 'disruptions', 'templated': False}, {'internal': True, 'type': 'disruption', 'id': '4c8b1908-77c9-11ec-9b2e-005056a44da2', 'rel': 'disruptions', 'templated': False}, {'internal': True, 'type': 'disruption', 'id': '54560402-5ab6-11ec-9b0c-005056a44da2', 'rel': 'disruptions', 'templated': False}, {'internal': True, 'type': 'disruption', 'id': '5829a6d2-d28b-11eb-adbc-005056a47b86', 'rel': 'disruptions', 'templated': False}, {'internal': True, 'type': 'disruption', 'id': '6897836e-d2bc-11eb-a4f8-005056a44da2', 'rel': 'disruptions', 'templated': False}, {'internal': True, 'type': 'disruption', 'id': '6a591622-d2bc-11eb-a252-005056a44da2', 'rel': 'disruptions', 'templated': False}, {'internal': True, 'type': 'disruption', 'id': '71220daa-5b7f-11ec-9b35-005056a44da2', 'rel': 'disruptions', 'templated': False}, {'internal': True, 'type': 'disruption', 'id': '730941a4-3237-11ec-b954-005056a44da2', 'rel': 'disruptions', 'templated': False}, {'internal': True, 'type': 'disruption', 'id': '73101ede-3237-11ec-95cc-005056a47b86', 'rel': 'disruptions', 'templated': False}, {'internal': True, 'type': 'disruption', 'id': '73c15c74-1650-11ec-a63c-005056a44da2', 'rel': 'disruptions', 'templated': False}, {'internal': True, 'type': 'disruption', 'id': '74e41eb8-3237-11ec-a864-005056a47b86', 'rel': 'disruptions', 'templated': False}, {'internal': True, 'type': 'disruption', 'id': '7b0e9934-2fe5-11ec-a7cb-005056a44da2', 'rel': 'disruptions', 'templated': False}, {'internal': True, 'type': 'disruption', 'id': '7bbee17c-cece-11eb-8f58-005056a44da2', 'rel': 'disruptions', 'templated': False}, {'internal': True, 'type': 'disruption', 'id': '7cfcf07e-2fe5-11ec-a7cb-005056a44da2', 'rel': 'disruptions', 'templated': False}, {'internal': True, 'type': 'disruption', 'id': '89c002e2-b9c4-11ec-bc85-005056a47b86', 'rel': 'disruptions', 'templated': False}, {'internal': True, 'type': 'disruption', 'id': '93a1db38-963c-11ec-b2d3-005056a47b86', 'rel': 'disruptions', 'templated': False}, {'internal': True, 'type': 'disruption', 'id': '947f36c2-52da-11ec-9b07-005056a44da2', 'rel': 'disruptions', 'templated': False}, {'internal': True, 'type': 'disruption', 'id': 'a39ccd8e-ee0a-11eb-bf98-005056a47b86', 'rel': 'disruptions', 'templated': False}, {'internal': True, 'type': 'disruption', 'id': 'b3965258-5022-11ec-b84c-005056a44da2', 'rel': 'disruptions', 'templated': False}, {'internal': True, 'type': 'disruption', 'id': 'bafa0524-269e-11ec-a0ef-005056a44da2', 'rel': 'disruptions', 'templated': False}, {'internal': True, 'type': 'disruption', 'id': 'cde3cc7c-d740-11eb-afa3-005056a47b86', 'rel': 'disruptions', 'templated': False}, {'internal': True, 'type': 'disruption', 'id': 'd18e1514-f7aa-11eb-a0c9-005056a44da2', 'rel': 'disruptions', 'templated': False}, {'internal': True, 'type': 'disruption', 'id': 'dafb457e-2c1e-11ec-b1b7-005056a44da2', 'rel': 'disruptions', 'templated': False}, {'internal': True, 'type': 'disruption', 'id': 'e2c8a474-5ea3-11ec-9b5e-005056a44da2', 'rel': 'disruptions', 'templated': False}, {'internal': True, 'type': 'disruption', 'id': 'e34c3684-924e-11ec-9435-005056a44da2', 'rel': 'disruptions', 'templated': False}, {'internal': True, 'type': 'disruption', 'id': 'e7d8e202-8e60-11ec-b7c1-005056a44da2', 'rel': 'disruptions', 'templated': False}, {'internal': True, 'type': 'disruption', 'id': 'eac19356-6c96-11ec-804f-005056a47b86', 'rel': 'disruptions', 'templated': False}, {'internal': True, 'type': 'disruption', 'id': 'f1c424f2-c43a-11eb-807a-005056a44da2', 'rel': 'disruptions', 'templated': False}, {'internal': True, 'type': 'disruption', 'id': 'fb6f6c08-d1f2-11eb-a4f8-005056a44da2', 'rel': 'disruptions', 'templated': False}, {'internal': True, 'type': 'disruption', 'id': 'ff0feae0-2ce7-11ec-866c-005056a44da2', 'rel': 'disruptions', 'templated': False}], 'coord': {'lat': '48.805778', 'lon': '2.16827'}, 'label': 'Viroflay Rive Droite (Viroflay)', 'timezone': 'Europe/Paris', 'id': 'stop_area:IDFM:422420'}, 'quality': 0, 'name': 'Viroflay Rive Droite (Viroflay)', 'id': 'stop_area:IDFM:422420'}, 'codes': [{'type': 'Netex_ServiceJourneyPattern', 'value': 'RATP:ServiceJourneyPattern:13338-C01794-1461435:LOC'}, {'type': 'Netex_ServiceJourneyPattern', 'value': 'RATP:ServiceJourneyPattern:13338-C01794-1461436:LOC'}, {'type': 'Netex_ServiceJourneyPattern', 'value': 'RATP:ServiceJourneyPattern:47367-C01794-2789977:LOC'}, {'type': 'Netex_ServiceJourneyPattern', 'value': 'RATP:ServiceJourneyPattern:559-C01794-1461435:LOC'}, {'type': 'ntfs_source', 'value': 'IDFM:RATP:13338-C01794-1463791'}, {'type': 'ntfs_source', 'value': 'IDFM:RATP:47367-C01794-2792225'}, {'type': 'ntfs_source', 'value': 'IDFM:RATP:559-C01794-1463791'}, {'type': 'source', 'value': 'RATP:Route:13338-C01794-1463791:LOC'}, {'type': 'source', 'value': 'RATP:Route:47367-C01794-2792225:LOC'}, {'type': 'source', 'value': 'RATP:Route:559-C01794-1463791:LOC'}], 'name': 'Châtillon-Montrouge - Viroflay Rive Droite', 'links': [], 'is_frequence': 'False', 'geojson': {'type': 'MultiLineString', 'coordinates': []}, 'direction_type': 'outbound', 'id': 'route:IDFM:C01794-outbound'}];MultiLineString;[];FFFFFF;[{'id': 'physical_mode:Tramway', 'name': 'Tramway'}];[{'type': 'Netex_PrivateCode', 'value': '100112016'}, {'type': 'source', 'value': 'FR1:Line:C01794:'}];021200;045000;commercial_mode:Tramway;Tramway;line:IDFM:C01794;Châtillon-Montrouge - Viroflay Rive Droite;2;['route:IDFM:C01794-inbound', 'route:IDFM:C01794-outbound'];['Viroflay Rive Droite - Châtillon-Montrouge', 'Châtillon-Montrouge - Viroflay Rive Droite'];['stop_area:IDFM:461505', 'stop_area:IDFM:422420'];['Châtillon-Montrouge', 'Viroflay Rive Droite'];['False', 'False'];['inbound', 'outbound']
T7;[{'type': 'source', 'value': 'FR1:Operator:100:LOC'}];network:IDFM:Operator_100;[];RATP;[];704B1C;"[{'direction': {'embedded_type': 'stop_area', 'stop_area': {'codes': [{'type': 'source', 'value': 'FR::multimodalStopPlace:74009:FR1'}], 'name': ""Porte de l'Essonne"", 'links': [], 'coord': {'lat': '48.71431', 'lon': '2.372109'}, 'label': ""Porte de l'Essonne (Athis-Mons)"", 'timezone': 'Europe/Paris', 'id': 'stop_area:IDFM:74009'}, 'quality': 0, 'name': ""Porte de l'Essonne (Athis-Mons)"", 'id': 'stop_area:IDFM:74009'}, 'codes': [{'type': 'Netex_ServiceJourneyPattern', 'value': 'RATP:ServiceJourneyPattern:31444-C01774-1021030:LOC'}, {'type': 'Netex_ServiceJourneyPattern', 'value': 'RATP:ServiceJourneyPattern:31444-C01774-1021031:LOC'}, {'type': 'Netex_ServiceJourneyPattern', 'value': 'RATP:ServiceJourneyPattern:31444-C01774-2697687:LOC'}, {'type': 'ntfs_source', 'value': 'IDFM:RATP:31444-C01774-2390408'}, {'type': 'ntfs_source', 'value': 'IDFM:RATP:31444-C01774-2698437'}, {'type': 'source', 'value': 'RATP:Route:31444-C01774-2390408:LOC'}, {'type': 'source', 'value': 'RATP:Route:31444-C01774-2698437:LOC'}], 'name': ""Villejuif - Louis Aragon - Porte de l'Essonne"", 'links': [], 'is_frequence': 'False', 'geojson': {'type': 'MultiLineString', 'coordinates': []}, 'direction_type': 'inbound', 'id': 'route:IDFM:C01774-inbound'}, {'direction': {'embedded_type': 'stop_area', 'stop_area': {'codes': [{'type': 'source', 'value': 'FR::multimodalStopPlace:70143:FR1'}], 'name': 'Villejuif - Louis Aragon', 'links': [], 'coord': {'lat': '48.787854', 'lon': '2.366515'}, 'label': 'Villejuif - Louis Aragon (Villejuif)', 'timezone': 'Europe/Paris', 'id': 'stop_area:IDFM:70143'}, 'quality': 0, 'name': 'Villejuif - Louis Aragon (Villejuif)', 'id': 'stop_area:IDFM:70143'}, 'codes': [{'type': 'Netex_ServiceJourneyPattern', 'value': 'RATP:ServiceJourneyPattern:31444-C01774-1021033:LOC'}, {'type': 'Netex_ServiceJourneyPattern', 'value': 'RATP:ServiceJourneyPattern:31444-C01774-1115761:LOC'}, {'type': 'Netex_ServiceJourneyPattern', 'value': 'RATP:ServiceJourneyPattern:556-C01774-2435677:LOC'}, {'type': 'ntfs_source', 'value': 'IDFM:RATP:31444-C01774-2390407'}, {'type': 'ntfs_source', 'value': 'IDFM:RATP:556-C01774-2390407'}, {'type': 'source', 'value': 'RATP:Route:31444-C01774-2390407:LOC'}, {'type': 'source', 'value': 'RATP:Route:556-C01774-2390407:LOC'}], 'name': ""Porte de l'Essonne - Villejuif - Louis Aragon"", 'links': [], 'is_frequence': 'False', 'geojson': {'type': 'MultiLineString', 'coordinates': []}, 'direction_type': 'outbound', 'id': 'route:IDFM:C01774-outbound'}]";MultiLineString;[];FFFFFF;[{'id': 'physical_mode:Tramway', 'name': 'Tramway'}];[{'type': 'Netex_PrivateCode', 'value': '100112017'}, {'type': 'source', 'value': 'FR1:Line:C01774:'}];010400;053000;commercial_mode:Tramway;Tramway;line:IDFM:C01774;Porte de l'Essonne - Villejuif Louis Aragon;2;['route:IDFM:C01774-inbound', 'route:IDFM:C01774-outbound'];"[""Villejuif - Louis Aragon - Porte de l'Essonne"", ""Porte de l'Essonne - Villejuif - Louis Aragon""]";['stop_area:IDFM:74009', 'stop_area:IDFM:70143'];"[""Porte de l'Essonne"", 'Villejuif - Louis Aragon']";['False', 'False'];['inbound', 'outbound']
T8;[{'type': 'source', 'value': 'FR1:Operator:100:LOC'}];network:IDFM:Operator_100;[];RATP;[];837902;[{'direction': {'embedded_type': 'stop_area', 'stop_area': {'codes': [{'type': 'source', 'value': 'FR::multimodalStopPlace:72285:FR1'}], 'name': 'Saint-Denis - Porte de Paris', 'links': [{'internal': True, 'type': 'disruption', 'id': '30cec0ca-dbfb-11ec-9c51-005056a44da2', 'rel': 'disruptions', 'templated': False}], 'coord': {'lat': '48.929852', 'lon': '2.356351'}, 'label': 'Saint-Denis - Porte de Paris (Saint-Denis)', 'timezone': 'Europe/Paris', 'id': 'stop_area:IDFM:72285'}, 'quality': 0, 'name': 'Saint-Denis - Porte de Paris (Saint-Denis)', 'id': 'stop_area:IDFM:72285'}, 'codes': [{'type': 'Netex_ServiceJourneyPattern', 'value': 'RATP:ServiceJourneyPattern:31477-C01795-2697705:LOC'}, {'type': 'Netex_ServiceJourneyPattern', 'value': 'RATP:ServiceJourneyPattern:31477-C01795-2697706:LOC'}, {'type': 'Netex_ServiceJourneyPattern', 'value': 'RATP:ServiceJourneyPattern:31477-C01795-2697710:LOC'}, {'type': 'Netex_ServiceJourneyPattern', 'value': 'RATP:ServiceJourneyPattern:31477-C01795-2697712:LOC'}, {'type': 'Netex_ServiceJourneyPattern', 'value': 'RATP:ServiceJourneyPattern:567-C01795-1217343:LOC'}, {'type': 'Netex_ServiceJourneyPattern', 'value': 'RATP:ServiceJourneyPattern:567-C01795-1240435:LOC'}, {'type': 'ntfs_source', 'value': 'IDFM:RATP:31477-C01795-2698443'}, {'type': 'ntfs_source', 'value': 'IDFM:RATP:31477-C01795-2698444'}, {'type': 'ntfs_source', 'value': 'IDFM:RATP:31477-C01795-2698446'}, {'type': 'ntfs_source', 'value': 'IDFM:RATP:567-C01795-2427532'}, {'type': 'ntfs_source', 'value': 'IDFM:RATP:567-C01795-2427534'}, {'type': 'source', 'value': 'RATP:Route:31477-C01795-2698443:LOC'}, {'type': 'source', 'value': 'RATP:Route:31477-C01795-2698444:LOC'}, {'type': 'source', 'value': 'RATP:Route:31477-C01795-2698446:LOC'}, {'type': 'source', 'value': 'RATP:Route:567-C01795-2427532:LOC'}, {'type': 'source', 'value': 'RATP:Route:567-C01795-2427534:LOC'}], 'name': 'Villetaneuse Université - Saint-Denis - Porte de Paris', 'links': [], 'is_frequence': 'False', 'geojson': {'type': 'MultiLineString', 'coordinates': []}, 'direction_type': 'inbound', 'id': 'route:IDFM:C01795-inbound'}, {'direction': {'embedded_type': 'stop_area', 'stop_area': {'codes': [{'type': 'source', 'value': 'FR::multimodalStopPlace:72396:FR1'}], 'name': 'Villetaneuse Université', 'links': [], 'coord': {'lat': '48.960026', 'lon': '2.342069'}, 'label': 'Villetaneuse Université (Villetaneuse)', 'timezone': 'Europe/Paris', 'id': 'stop_area:IDFM:72396'}, 'quality': 0, 'name': 'Villetaneuse Université (Villetaneuse)', 'id': 'stop_area:IDFM:72396'}, 'codes': [{'type': 'Netex_ServiceJourneyPattern', 'value': 'RATP:ServiceJourneyPattern:31477-C01795-2697703:LOC'}, {'type': 'Netex_ServiceJourneyPattern', 'value': 'RATP:ServiceJourneyPattern:31477-C01795-2697704:LOC'}, {'type': 'Netex_ServiceJourneyPattern', 'value': 'RATP:ServiceJourneyPattern:31477-C01795-2697711:LOC'}, {'type': 'Netex_ServiceJourneyPattern', 'value': 'RATP:ServiceJourneyPattern:567-C01795-1217345:LOC'}, {'type': 'Netex_ServiceJourneyPattern', 'value': 'RATP:ServiceJourneyPattern:567-C01795-1217347:LOC'}, {'type': 'Netex_ServiceJourneyPattern', 'value': 'RATP:ServiceJourneyPattern:567-C01795-2422490:LOC'}, {'type': 'ntfs_source', 'value': 'IDFM:RATP:31477-C01795-2698442'}, {'type': 'ntfs_source', 'value': 'IDFM:RATP:31477-C01795-2698445'}, {'type': 'ntfs_source', 'value': 'IDFM:RATP:567-C01795-2427531'}, {'type': 'ntfs_source', 'value': 'IDFM:RATP:567-C01795-2427533'}, {'type': 'source', 'value': 'RATP:Route:31477-C01795-2698442:LOC'}, {'type': 'source', 'value': 'RATP:Route:31477-C01795-2698445:LOC'}, {'type': 'source', 'value': 'RATP:Route:567-C01795-2427531:LOC'}, {'type': 'source', 'value': 'RATP:Route:567-C01795-2427533:LOC'}], 'name': 'Saint-Denis - Porte de Paris - Villetaneuse Université', 'links': [], 'is_frequence': 'False', 'geojson': {'type': 'MultiLineString', 'coordinates': []}, 'direction_type': 'outbound', 'id': 'route:IDFM:C01795-outbound'}];MultiLineString;[];000000;[{'id': 'physical_mode:Tramway', 'name': 'Tramway'}];[{'type': 'Netex_PrivateCode', 'value': '100112018'}, {'type': 'source', 'value': 'FR1:Line:C01795:'}];015300;044500;commercial_mode:Tramway;Tramway;line:IDFM:C01795;Épinay - Orgemont - Saint-Denis Porte de Paris;2;['route:IDFM:C01795-inbound', 'route:IDFM:C01795-outbound'];['Villetaneuse Université - Saint-Denis - Porte de Paris', 'Saint-Denis - Porte de Paris - Villetaneuse Université'];['stop_area:IDFM:72285', 'stop_area:IDFM:72396'];['Saint-Denis - Porte de Paris', 'Villetaneuse Université'];['False', 'False'];['inbound', 'outbound']
T4;[{'type': 'source', 'value': 'FR1:Network:1046:LOC'}];network:IDFM:1046;[];Transilien;[{'internal': True, 'type': 'disruption', 'id': '3ba70b2c-d76b-11ec-9547-005056a47b86', 'rel': 'disruptions', 'templated': False}, {'internal': True, 'type': 'disruption', 'id': '57f4b218-c774-11ec-b33d-005056a47b86', 'rel': 'disruptions', 'templated': False}, {'internal': True, 'type': 'disruption', 'id': 'd6f3494c-c54b-11ec-9afe-005056a44da2', 'rel': 'disruptions', 'templated': False}, {'internal': True, 'type': 'disruption', 'id': '20813a72-d769-11ec-8f65-005056a47b86', 'rel': 'disruptions', 'templated': False}];FED100;[{'direction': {'embedded_type': 'stop_area', 'stop_area': {'codes': [{'type': 'source', 'value': 'FR::multimodalStopPlace:72037:FR1'}], 'name': 'Bondy', 'links': [], 'coord': {'lat': '48.894555', 'lon': '2.47969'}, 'label': 'Bondy (Bondy)', 'timezone': 'Europe/Paris', 'id': 'stop_area:IDFM:72037'}, 'quality': 0, 'name': 'Bondy (Bondy)', 'id': 'stop_area:IDFM:72037'}, 'codes': [{'type': 'Netex_ServiceJourneyPattern', 'value': 'SNCF:ServiceJourneyPattern:14399-C01843-081e91e5-3c25-3284-bddd-6c21ab41a67b-2:LOC'}, {'type': 'Netex_ServiceJourneyPattern', 'value': 'SNCF:ServiceJourneyPattern:18-C01843-081e91e5-3c25-3284-bddd-6c21ab41a67b-0:LOC'}, {'type': 'Netex_ServiceJourneyPattern', 'value': 'SNCF:ServiceJourneyPattern:18-C01843-081e91e5-3c25-3284-bddd-6c21ab41a67b-1:LOC'}, {'type': 'source', 'value': 'SNCF:Route:18-C01843-081e91e5-3c25-3284-bddd-6c21ab41a67b:LOC'}], 'name': 'Aller Bondy', 'links': [], 'is_frequence': 'False', 'geojson': {'type': 'MultiLineString', 'coordinates': []}, 'direction_type': 'outbound', 'id': 'route:IDFM:SNCF:18-C01843-081e91e5-3c25-3284-bddd-6c21ab41a67b'}, {'direction': {'embedded_type': 'stop_area', 'stop_area': {'codes': [{'type': 'source', 'value': 'FR::multimodalStopPlace:73329:FR1'}], 'name': 'Hôpital de Montfermeil', 'links': [], 'coord': {'lat': '48.90104', 'lon': '2.570534'}, 'label': 'Hôpital de Montfermeil (Montfermeil)', 'timezone': 'Europe/Paris', 'id': 'stop_area:IDFM:73329'}, 'quality': 0, 'name': 'Hôpital de Montfermeil (Montfermeil)', 'id': 'stop_area:IDFM:73329'}, 'codes': [{'type': 'Netex_ServiceJourneyPattern', 'value': 'SNCF:ServiceJourneyPattern:14399-C01843-13d98ddf-cc6f-346e-9170-1f24df20853e-3:LOC'}, {'type': 'Netex_ServiceJourneyPattern', 'value': 'SNCF:ServiceJourneyPattern:14399-C01843-13d98ddf-cc6f-346e-9170-1f24df20853e-4:LOC'}, {'type': 'Netex_ServiceJourneyPattern', 'value': 'SNCF:ServiceJourneyPattern:18-C01843-13d98ddf-cc6f-346e-9170-1f24df20853e-0:LOC'}, {'type': 'Netex_ServiceJourneyPattern', 'value': 'SNCF:ServiceJourneyPattern:18-C01843-13d98ddf-cc6f-346e-9170-1f24df20853e-1:LOC'}, {'type': 'source', 'value': 'SNCF:Route:18-C01843-13d98ddf-cc6f-346e-9170-1f24df20853e:LOC'}], 'name': 'Aller Hôpital de Montfermeil', 'links': [], 'is_frequence': 'False', 'geojson': {'type': 'MultiLineString', 'coordinates': []}, 'direction_type': 'outbound', 'id': 'route:IDFM:SNCF:18-C01843-13d98ddf-cc6f-346e-9170-1f24df20853e'}, {'direction': {'embedded_type': 'stop_area', 'stop_area': {'codes': [{'type': 'source', 'value': 'FR::multimodalStopPlace:72037:FR1'}], 'name': 'Bondy', 'links': [], 'coord': {'lat': '48.894555', 'lon': '2.47969'}, 'label': 'Bondy (Bondy)', 'timezone': 'Europe/Paris', 'id': 'stop_area:IDFM:72037'}, 'quality': 0, 'name': 'Bondy (Bondy)', 'id': 'stop_area:IDFM:72037'}, 'codes': [{'type': 'Netex_ServiceJourneyPattern', 'value': 'SNCF:ServiceJourneyPattern:18-C01843-9250edd9-8ab0-3350-b176-ada3f9eeb52c-0:LOC'}, {'type': 'source', 'value': 'SNCF:Route:18-C01843-9250edd9-8ab0-3350-b176-ada3f9eeb52c:LOC'}], 'name': 'Aller Bondy', 'links': [], 'is_frequence': 'False', 'geojson': {'type': 'MultiLineString', 'coordinates': []}, 'direction_type': 'outbound', 'id': 'route:IDFM:SNCF:18-C01843-9250edd9-8ab0-3350-b176-ada3f9eeb52c'}, {'direction': {'embedded_type': 'stop_area', 'stop_area': {'codes': [{'type': 'source', 'value': 'FR::multimodalStopPlace:72646:FR1'}], 'name': 'Aulnay-sous-Bois', 'links': [{'internal': True, 'type': 'disruption', 'id': '28b529ee-da33-11eb-b67d-005056a44da2', 'rel': 'disruptions', 'templated': False}], 'coord': {'lat': '48.931907', 'lon': '2.495429'}, 'label': 'Aulnay-sous-Bois (Aulnay-sous-Bois)', 'timezone': 'Europe/Paris', 'id': 'stop_area:IDFM:72646'}, 'quality': 0, 'name': 'Aulnay-sous-Bois (Aulnay-sous-Bois)', 'id': 'stop_area:IDFM:72646'}, 'codes': [{'type': 'Netex_ServiceJourneyPattern', 'value': 'SNCF:ServiceJourneyPattern:18-C01843-bf5a2c9d-7360-353b-adcd-a0227fcc23f5-0:LOC'}, {'type': 'source', 'value': 'SNCF:Route:18-C01843-bf5a2c9d-7360-353b-adcd-a0227fcc23f5:LOC'}], 'name': 'Aller Aulnay-sous-Bois', 'links': [], 'is_frequence': 'False', 'geojson': {'type': 'MultiLineString', 'coordinates': []}, 'direction_type': 'outbound', 'id': 'route:IDFM:SNCF:18-C01843-bf5a2c9d-7360-353b-adcd-a0227fcc23f5'}];MultiLineString;[[[2.5165962, 48.9073372], [2.5166618, 48.9074349], [2.5166943, 48.9074856], [2.516769, 48.9076222], [2.5167905, 48.9076614], [2.5168777, 48.9078408], [2.5169076, 48.9079051]], [[2.5169076, 48.9079051], [2.5169806, 48.9080031], [2.5170934, 48.9081458], [2.5171364, 48.9081995], [2.5171818, 48.9082535], [2.5171988, 48.9082745], [2.5172148, 48.9082904], [2.5172309, 48.908305], [2.5172509, 48.9083212], [2.5172674, 48.908333], [2.51729, 48.908346], [2.5173158, 48.9083566], [2.5173412, 48.9083649], [2.5173697, 48.9083726], [2.5174124, 48.9083771], [2.5174461, 48.9083784], [2.5174777, 48.9083778], [2.5175037, 48.9083749], [2.5175368, 48.9083696], [2.5175725, 48.9083627], [2.5176115, 48.9083517], [2.5176613, 48.9083325], [2.517717, 48.9083115], [2.5178622, 48.908254], [2.5199839, 48.907382], [2.5208401, 48.9070287], [2.5231989, 48.9060553], [2.5232667, 48.9060364], [2.523323, 48.906032], [2.5233968, 48.9060337], [2.523416, 48.9060362], [2.5235121, 48.9060553], [2.5235604, 48.9060752], [2.5236107, 48.9061052], [2.524041, 48.9065747], [2.5242883, 48.906847], [2.5246247, 48.9072173], [2.5251004, 48.9077383], [2.5267136, 48.9095415], [2.5271493, 48.9100285], [2.5273141, 48.9101736]], [[2.5273141, 48.9101736], [2.5273975, 48.910224], [2.5274724, 48.9102516], [2.5275374, 48.9102654], [2.5275915, 48.9102688], [2.5276846, 48.9102637], [2.5277406, 48.910256], [2.5277975, 48.9102385]], [[2.5277975, 48.9102385], [2.5283293, 48.9100331], [2.532258, 48.9085158], [2.532848, 48.9082879]], [[2.532848, 48.9082879], [2.5329979, 48.9082279], [2.5330806, 48.9081995], [2.5331449, 48.90818], [2.5331915, 48.9081711], [2.5332358, 48.9081643], [2.5332727, 48.9081599], [2.5333123, 48.9081573], [2.5333826, 48.9081559], [2.5335469, 48.9081612]], [[2.5335469, 48.9081612], [2.5336857, 48.9081656], [2.5338241, 48.90817], [2.5392258, 48.9084145], [2.5397837, 48.9084395], [2.5410581, 48.90849], [2.5433945, 48.9085955], [2.5450676, 48.9086455], [2.5457208, 48.908665], [2.5459059, 48.9086685], [2.546048, 48.9086561], [2.5461112, 48.9086408], [2.5461459, 48.9086324], [2.5461936, 48.9086107], [2.5462472, 48.9085759], [2.5462814, 48.9085424], [2.5463243, 48.9084816], [2.5463432, 48.9084165], [2.546352, 48.9081719]], [[2.546352, 48.9081719], [2.5463559, 48.9079043], [2.546394, 48.9053118], [2.5464007, 48.9052377], [2.5464267, 48.9051586], [2.5464773, 48.9050936], [2.5465487, 48.9050393], [2.5465925, 48.9050156], [2.546632, 48.9050002], [2.5467387, 48.904968], [2.5479872, 48.904717], [2.5485492, 48.9045995], [2.5488979, 48.9045427], [2.5490293, 48.9045365], [2.5502886, 48.9045387], [2.5509799, 48.904541], [2.5513279, 48.9045422]], [[2.5513279, 48.9045422], [2.5545463, 48.9045549], [2.5549368, 48.9045564], [2.5556101, 48.904559]], [[2.5556101, 48.904559], [2.5556919, 48.9045519], [2.5557804, 48.9045361], [2.5558247, 48.9045228], [2.5558552, 48.9045096], [2.5558877, 48.9044931], [2.5559165, 48.9044734], [2.5559551, 48.9044393], [2.5559836, 48.9044031], [2.556003, 48.9043659]], [[2.556003, 48.9043659], [2.5560144, 48.9043337], [2.5560245, 48.9042513], [2.5560239, 48.9041301], [2.5560166, 48.9032433], [2.5560441, 48.9009648], [2.5560473, 48.9007004], [2.5560473, 48.900532], [2.5560594, 48.900476], [2.5560848, 48.9004209], [2.5560996, 48.9004034], [2.5561237, 48.9003748], [2.5561499, 48.9003499], [2.5563568, 48.9001917], [2.5564358, 48.9001323]], [[2.5564358, 48.9001323], [2.5566031, 48.9000022], [2.557411, 48.8993785], [2.5575724, 48.8992538], [2.5577103, 48.8991491]], [[2.5577103, 48.8991491], [2.5588073, 48.8983094]], [[2.5588073, 48.8983094], [2.5589228, 48.8982237], [2.5589642, 48.898193], [2.5590554, 48.8981437], [2.5591694, 48.8981093], [2.5592539, 48.8980925], [2.5593093, 48.8980842], [2.5593982, 48.898071], [2.5603686, 48.8980026]], [[2.5603686, 48.8980026], [2.5615752, 48.897918], [2.5623275, 48.8978646], [2.5624491, 48.897856]], [[2.5624491, 48.897856], [2.5625825, 48.8978479], [2.5626499, 48.8978461], [2.5626776, 48.8978466], [2.562717, 48.8978473]], [[2.567993, 48.8987877], [2.5678183, 48.8987456], [2.5674058, 48.8986967], [2.5672173, 48.8987106], [2.5670217, 48.8987335], [2.566824, 48.8987463], [2.5664595, 48.8987428], [2.5662932, 48.8987346], [2.5659365, 48.8986797], [2.5656235, 48.8985763], [2.5653245, 48.8984477], [2.5649695, 48.8983024], [2.5647483, 48.8982521], [2.5645089, 48.8982283], [2.5643214, 48.8982276], [2.5639073, 48.8982277], [2.5637398, 48.8982244], [2.5635785, 48.8981871], [2.5632392, 48.8980486], [2.5629748, 48.8979259], [2.5629161, 48.8978995], [2.5628598, 48.8978765], [2.5627897, 48.8978554], [2.562717, 48.8978473]], [[2.5683082, 48.8988929], [2.5681306, 48.8988346], [2.567993, 48.8987877]], [[2.5710688, 48.9006038], [2.5712603, 48.9004203], [2.5712941, 48.9003717], [2.5713042, 48.9003162], [2.5712973, 48.9002772], [2.5712728, 48.9002141], [2.5712076, 48.9001597], [2.5711146, 48.9001199], [2.5704658, 48.8998928], [2.5703587, 48.8998477], [2.5702331, 48.8997749], [2.5701812, 48.8997327], [2.5698443, 48.8994156], [2.5697292, 48.8993462], [2.5696476, 48.899313], [2.569573, 48.8992806], [2.5694414, 48.8992382], [2.5693545, 48.8992103], [2.5683082, 48.8988929]], [[2.5705509, 48.9011373], [2.5707063, 48.9009772], [2.5710688, 48.9006038]], [[2.5704947, 48.9011154], [2.5706492, 48.9009592], [2.5707881, 48.9008189], [2.5708329, 48.9007826], [2.5710688, 48.9006038]], [[2.5710688, 48.9006038], [2.5712603, 48.9004203], [2.5712941, 48.9003717], [2.5713042, 48.9003162], [2.5712973, 48.9002772], [2.5712728, 48.9002141], [2.5712076, 48.9001597], [2.5711146, 48.9001199], [2.5704658, 48.8998928], [2.5703587, 48.8998477], [2.5702331, 48.8997749], [2.5701812, 48.8997327], [2.5698443, 48.8994156], [2.5697292, 48.8993462], [2.5696476, 48.899313], [2.569573, 48.8992806], [2.5694414, 48.8992382], [2.5693545, 48.8992103], [2.5683082, 48.8988929]], [[2.5683082, 48.8988929], [2.5681306, 48.8988346], [2.567993, 48.8987877]], [[2.567993, 48.8987877], [2.5678183, 48.8987456], [2.5674058, 48.8986967], [2.5672173, 48.8987106], [2.5670217, 48.8987335], [2.566824, 48.8987463], [2.5664595, 48.8987428], [2.5662932, 48.8987346], [2.5659365, 48.8986797], [2.5656235, 48.8985763], [2.5653245, 48.8984477], [2.5649695, 48.8983024], [2.5647483, 48.8982521], [2.5645089, 48.8982283], [2.5643214, 48.8982276], [2.5639073, 48.8982277], [2.5637398, 48.8982244], [2.5635785, 48.8981871], [2.5632392, 48.8980486], [2.5629748, 48.8979259], [2.5629161, 48.8978995], [2.5628598, 48.8978765], [2.5627897, 48.8978554], [2.562717, 48.8978473]], [[2.5624491, 48.897856], [2.5625825, 48.8978479], [2.5626499, 48.8978461], [2.5626776, 48.8978466], [2.562717, 48.8978473]], [[2.5624491, 48.897856], [2.5623297, 48.8978778], [2.5621292, 48.8979145], [2.5615778, 48.8979528], [2.5603737, 48.8980365]], [[2.5603737, 48.8980365], [2.5594022, 48.8981088], [2.5593159, 48.8981187], [2.5592673, 48.8981243], [2.5591319, 48.898156], [2.5590205, 48.8982027], [2.558937, 48.8982647], [2.5588416, 48.8983357]], [[2.5588416, 48.8983357], [2.5577492, 48.8991717]], [[2.5577492, 48.8991717], [2.5576352, 48.8992583], [2.5566417, 48.9000204], [2.5564738, 48.9001485]], [[2.5564738, 48.9001485], [2.5563935, 48.9002099], [2.5563343, 48.9002552], [2.5562002, 48.9003592], [2.5561422, 48.900424], [2.5561301, 48.9004478], [2.5561173, 48.9004828], [2.5561017, 48.9005309], [2.5560888, 48.9006675], [2.5560881, 48.9009649], [2.5560875, 48.901239], [2.5560733, 48.9032377], [2.5560728, 48.9033125], [2.5560855, 48.9041466], [2.5560882, 48.9042151], [2.5560801, 48.9043055], [2.5560708, 48.9043456], [2.5560527, 48.9043853]], [[2.5560527, 48.9043853], [2.5560406, 48.9044133], [2.5560225, 48.9044422], [2.5559997, 48.9044706], [2.5559663, 48.9044999], [2.5559011, 48.9045413], [2.5558273, 48.9045687]], [[2.5558273, 48.9045687], [2.5557362, 48.9045854], [2.555602, 48.9045934], [2.5549342, 48.9045891], [2.5545469, 48.9045874], [2.5513293, 48.9045731]], [[2.5513293, 48.9045731], [2.5509786, 48.904571], [2.5502913, 48.9045669], [2.5493525, 48.9045643], [2.5489622, 48.904566], [2.5487638, 48.9045907], [2.5485639, 48.9046269], [2.5479951, 48.9047385], [2.5468339, 48.904983], [2.5467591, 48.9050038], [2.5466488, 48.9050332], [2.5465938, 48.9050606], [2.5465462, 48.9050949], [2.5464959, 48.9051441], [2.5464581, 48.9052123], [2.5464436, 48.9052995], [2.5464011, 48.9079012], [2.5463967, 48.9081731]], [[2.5463967, 48.9081731], [2.5463873, 48.9084199], [2.5463592, 48.9084975], [2.546327, 48.9085468], [2.5462834, 48.9085953], [2.5462109, 48.908642], [2.5461785, 48.9086532], [2.5461392, 48.9086667], [2.5460252, 48.9086852], [2.5459112, 48.9086905], [2.5457127, 48.9086861], [2.545065, 48.9086676], [2.5438654, 48.9086334], [2.5433941, 48.9086229], [2.5423518, 48.9085604], [2.5410537, 48.9085056], [2.5397604, 48.9084673], [2.539217, 48.9084471], [2.5383181, 48.9084018], [2.5358203, 48.9082768], [2.533683, 48.9081975], [2.5335174, 48.9081908]], [[2.5335174, 48.9081908], [2.5334047, 48.9081868], [2.5333337, 48.9081885], [2.5332813, 48.9081918], [2.5332248, 48.9081984], [2.5331761, 48.9082081], [2.5331305, 48.90822], [2.5330563, 48.9082424], [2.5329642, 48.9082771], [2.5328529, 48.908323]], [[2.5328529, 48.908323], [2.5322797, 48.9085451], [2.5308037, 48.9091172], [2.5307062, 48.909155], [2.528961, 48.9098311], [2.5280249, 48.9101943], [2.5278456, 48.9102679], [2.527752, 48.9102974], [2.5277098, 48.9103069], [2.5276628, 48.9103111]], [[2.5276628, 48.9103111], [2.5275689, 48.9103093], [2.5275364, 48.9103068], [2.5275071, 48.9103036], [2.5274402, 48.9102886], [2.5273765, 48.9102661]], [[2.5273765, 48.9102661], [2.5273269, 48.9102353], [2.527284, 48.9101978], [2.5271197, 48.9100418], [2.5269058, 48.9097963], [2.5266932, 48.9095499], [2.5266251, 48.9094709], [2.5265574, 48.9093981], [2.5264444, 48.9092713], [2.5259036, 48.9086709], [2.5254735, 48.9081943], [2.5250616, 48.907756], [2.524583, 48.907233], [2.5240592, 48.9066614], [2.5239931, 48.9065852], [2.5236439, 48.9061969], [2.5235587, 48.9061104], [2.5235165, 48.9060884], [2.5234906, 48.906078], [2.5234456, 48.9060676], [2.5233941, 48.9060573], [2.5233653, 48.9060553], [2.5233243, 48.9060525], [2.5232761, 48.9060591], [2.5232103, 48.9060708], [2.5215527, 48.906776], [2.5208724, 48.9070592], [2.5202143, 48.9073331], [2.5200982, 48.9073807], [2.5200165, 48.9074142], [2.5178946, 48.9082813], [2.5177614, 48.908337], [2.5177027, 48.9083596], [2.5176514, 48.9083789], [2.517626, 48.9083864], [2.517617, 48.9083894], [2.5175799, 48.9083995], [2.5175184, 48.9084108], [2.5174746, 48.9084157], [2.5174376, 48.9084169], [2.5174097, 48.9084165], [2.5173575, 48.9084108], [2.5173131, 48.9084021], [2.5172735, 48.908388], [2.5172355, 48.9083696], [2.5172139, 48.9083558], [2.5171818, 48.9083306], [2.5171516, 48.908301], [2.5171286, 48.9082744], [2.5170667, 48.9081967], [2.5170037, 48.9081114]], [[2.5170037, 48.9081114], [2.5169289, 48.9080078], [2.5168516, 48.9078986]], [[2.5165518, 48.9073546], [2.5166564, 48.9075142], [2.5167201, 48.9076339], [2.516816, 48.9078293], [2.5168516, 48.9078986]], [[2.4799685, 48.8940953], [2.4804287, 48.8940314], [2.4811087, 48.8939276], [2.4815222, 48.8938656], [2.4819057, 48.8938111], [2.4822786, 48.8937552], [2.4826644, 48.8937005], [2.483521, 48.8935755], [2.4843845, 48.8934554], [2.484718, 48.8934196], [2.4850555, 48.8933911], [2.4856044, 48.8933544], [2.4860006, 48.8933268], [2.4863695, 48.8932944], [2.4865741, 48.8932722], [2.4867764, 48.8932455], [2.4871182, 48.8931996], [2.4872794, 48.8931743], [2.4882722, 48.8930277], [2.4886106, 48.8929763], [2.4908728, 48.8926455], [2.4911318, 48.8926137], [2.4913618, 48.8925904], [2.4915301, 48.8925758], [2.4917594, 48.8925613], [2.4919485, 48.8925538], [2.4922798, 48.8925458], [2.492586, 48.8925442], [2.4930824, 48.892541], [2.4934331, 48.8925374], [2.493636, 48.8925304], [2.4937939, 48.8925209], [2.4939461, 48.8925103], [2.4941074, 48.8924953], [2.494957, 48.8924034], [2.4951609, 48.892381], [2.4962027, 48.8922484], [2.4969593, 48.8921929], [2.4974891, 48.8921965], [2.4976561, 48.8922068], [2.4977152, 48.8922105], [2.4978867, 48.8922216], [2.4981441, 48.8922478], [2.4983657, 48.8922756], [2.4985807, 48.8923098], [2.4987084, 48.8923332], [2.4988548, 48.8923624], [2.4991448, 48.8924312], [2.4993918, 48.8924898], [2.5004207, 48.8927509], [2.5008234, 48.8928452], [2.5011941, 48.8929476], [2.5014924, 48.8930472], [2.5018055, 48.8931713], [2.5020851, 48.8932961], [2.5023374, 48.8934246], [2.5023933, 48.8934583], [2.5024663, 48.8934974], [2.5026309, 48.893595], [2.5027931, 48.8937038], [2.5030043, 48.8938507], [2.5032044, 48.8940066], [2.5036464, 48.8944226], [2.5042287, 48.8949871], [2.5044586, 48.8952099], [2.5051376, 48.8958679], [2.5055563, 48.8962703], [2.5062239, 48.896928], [2.5064295, 48.897132], [2.5069846, 48.897691], [2.5070347, 48.8977415], [2.5084552, 48.8991947], [2.508489, 48.899232], [2.5086589, 48.8994087], [2.5095593, 48.9003358], [2.5105615, 48.9013731], [2.5110395, 48.9018393], [2.5114226, 48.9021545]], [[2.5114226, 48.9021545], [2.5115709, 48.9022951], [2.5117291, 48.902445], [2.511961, 48.9026651], [2.5123543, 48.9030385], [2.5139567, 48.9046721]], [[2.5139567, 48.9046721], [2.5144908, 48.9052147], [2.5145869, 48.9053128]], [[2.5145869, 48.9053128], [2.5151813, 48.9059166], [2.5154499, 48.9061885], [2.515695, 48.9064368]], [[2.515695, 48.9064368], [2.5159175, 48.9066625], [2.5161112, 48.9068584], [2.5162713, 48.9070215], [2.5163636, 48.907116], [2.5164786, 48.9072539], [2.5165518, 48.9073546]], [[2.5165518, 48.9073546], [2.5166564, 48.9075142], [2.5167201, 48.9076339], [2.516816, 48.9078293], [2.5168516, 48.9078986]], [[2.5168516, 48.9078986], [2.5168783, 48.9079574], [2.5169115, 48.9080319], [2.5169376, 48.908085], [2.5169643, 48.9081462], [2.5170321, 48.9082897], [2.5170808, 48.9084078], [2.517104, 48.9084995], [2.517107, 48.9085376], [2.5171063, 48.9085896], [2.5171025, 48.9086312], [2.5171017, 48.9087287], [2.5171093, 48.9089015], [2.517127, 48.9089914], [2.5171435, 48.9091125], [2.5171316, 48.9093257], [2.5171022, 48.9096735], [2.5169667, 48.9102014]], [[2.5169667, 48.9102014], [2.5167153, 48.9110432], [2.5166188, 48.9113623], [2.5162657, 48.9125237]], [[2.5162657, 48.9125237], [2.5158185, 48.9138633], [2.5157364, 48.9141136], [2.5157131, 48.914175], [2.515273, 48.9155231], [2.5151845, 48.9157884], [2.5150968, 48.916051], [2.5149778, 48.9164123], [2.5149635, 48.9164572], [2.5148888, 48.9166812], [2.514816, 48.9169127], [2.51479, 48.917003], [2.5147817, 48.9170401], [2.5146751, 48.9174626], [2.5146308, 48.9177745], [2.5146202, 48.9181424], [2.5146375, 48.9184979], [2.51468, 48.9188629], [2.5147309, 48.9191314], [2.5147983, 48.9193902], [2.5149137, 48.9196806], [2.5150309, 48.9199825], [2.5152473, 48.9204116], [2.515487, 48.920765], [2.5155169, 48.9208044], [2.515549, 48.9208511], [2.5157988, 48.9211788], [2.5159965, 48.9214149], [2.5165721, 48.9220568], [2.5167163, 48.9222132], [2.5173931, 48.9229475], [2.5180886, 48.9237373], [2.5183455, 48.9240632], [2.5185069, 48.9242857], [2.5186248, 48.9244641], [2.5187245, 48.9246319], [2.5188279, 48.9248366], [2.5188931, 48.9249829], [2.518963, 48.9251457], [2.5190172, 48.925299], [2.519062, 48.9254613], [2.5191084, 48.9256535], [2.5191305, 48.9258151], [2.5191504, 48.9260482], [2.5191509, 48.9260537], [2.5191577, 48.9262079], [2.5191565, 48.9263692], [2.5191432, 48.9265328], [2.5191208, 48.9267308], [2.5190708, 48.9269566], [2.5190274, 48.9271233], [2.518887, 48.9275033], [2.5188501, 48.9275872], [2.5187378, 48.9278109], [2.5186277, 48.9280089], [2.5184976, 48.9282046], [2.518337, 48.9284076], [2.5182148, 48.9285578]], [[2.5182148, 48.9285578], [2.5180639, 48.9287223], [2.5176356, 48.9291596]], [[2.5129089, 48.9316677], [2.5127273, 48.9317071], [2.5125293, 48.9317447], [2.5123228, 48.9317797], [2.5121075, 48.9318093], [2.5118852, 48.9318348], [2.5116949, 48.9318492], [2.5113922, 48.9318658], [2.5110618, 48.9318756], [2.510714, 48.9318837], [2.5100482, 48.9319005], [2.5096581, 48.9319099], [2.5092875, 48.9319187], [2.5089671, 48.9319241], [2.5086423, 48.9319287], [2.5075878, 48.9319293], [2.506422, 48.9319407], [2.5052211, 48.9319547], [2.5046234, 48.9319615], [2.5041437, 48.9319649], [2.5036942, 48.9319654], [2.5032787, 48.9319641], [2.5026792, 48.931969], [2.5017002, 48.9319803], [2.500756, 48.931989], [2.5002634, 48.9319954], [2.4996609, 48.9319957], [2.499523, 48.9319958], [2.4992639, 48.9319975], [2.4989946, 48.9319999], [2.4986801, 48.9320011], [2.4984465, 48.9319963], [2.4981849, 48.9319856], [2.4979445, 48.9319797], [2.4978721, 48.9319786], [2.4973682, 48.9319746], [2.496115, 48.9319525]], [[2.5176356, 48.9291596], [2.5173227, 48.9294678], [2.5171485, 48.9296308], [2.5169806, 48.9297787], [2.516806, 48.9299243], [2.5166122, 48.9300753], [2.5164408, 48.9302034], [2.5162383, 48.9303416], [2.5159798, 48.9305033], [2.515797, 48.9306066], [2.5156536, 48.930682], [2.5155581, 48.930726], [2.5154095, 48.9307959], [2.5150612, 48.9309466], [2.5149847, 48.9309793], [2.5147709, 48.9310735], [2.5145957, 48.9311441], [2.5144218, 48.9312108], [2.5142984, 48.9312572], [2.5140758, 48.9313386], [2.513885, 48.9314007], [2.5136713, 48.9314679], [2.5134861, 48.9315234], [2.5133031, 48.9315739], [2.5131142, 48.9316225], [2.5129089, 48.9316677]], [[2.4962517, 48.9319207], [2.4965607, 48.931929]], [[2.4965607, 48.931929], [2.4968368, 48.9319308], [2.4973673, 48.9319423], [2.4978674, 48.9319495], [2.4979506, 48.9319511], [2.4981961, 48.9319573], [2.4984128, 48.9319636], [2.4986785, 48.9319733], [2.4989396, 48.9319652], [2.4993688, 48.9319641], [2.4996622, 48.9319599], [2.5007482, 48.9319512], [2.5016977, 48.9319383], [2.5026747, 48.9319243], [2.5031689, 48.9319212], [2.5036951, 48.9319335], [2.5041356, 48.9319328], [2.5045435, 48.9319318], [2.5052194, 48.9319229], [2.505841, 48.9319049], [2.5061592, 48.9318974], [2.50642, 48.9318947], [2.5075824, 48.9318824], [2.5086419, 48.9318851], [2.5090979, 48.9318771], [2.5096719, 48.931863], [2.5107125, 48.9318455], [2.5110412, 48.9318401], [2.5113817, 48.9318305], [2.5116719, 48.9318164], [2.5118706, 48.9318034], [2.5120979, 48.931782], [2.512303, 48.9317533], [2.512515, 48.9317186], [2.5127108, 48.9316789], [2.5129187, 48.9316322]], [[2.5129187, 48.9316322], [2.5131232, 48.9315854], [2.5132984, 48.9315408], [2.5134665, 48.9314956], [2.5136462, 48.9314436], [2.5138339, 48.9313863], [2.5140485, 48.9313138], [2.5142685, 48.931228], [2.5145065, 48.9311398], [2.5148123, 48.9310129], [2.5153232, 48.9307979], [2.5154716, 48.9307272], [2.5155275, 48.9307008], [2.5156199, 48.9306571], [2.5157867, 48.9305731], [2.5159871, 48.9304578], [2.516207, 48.9303186], [2.5164538, 48.9301477], [2.5166603, 48.9299944], [2.5168621, 48.9298248], [2.5171082, 48.9296137], [2.5173315, 48.9294018], [2.5175937, 48.929145]], [[2.5175937, 48.929145], [2.5180256, 48.9287027], [2.5181674, 48.9285459]], [[2.5181674, 48.9285459], [2.5182977, 48.9283916], [2.5184527, 48.928185], [2.5185757, 48.9279959], [2.5186852, 48.9278159], [2.5188094, 48.9275744], [2.5188482, 48.9274837], [2.5189816, 48.927111], [2.519026, 48.9269529], [2.5190587, 48.9267926], [2.5190911, 48.9266052], [2.5191086, 48.9264278], [2.5191114, 48.9262445], [2.5191009, 48.9260524], [2.5191007, 48.9260489], [2.5190919, 48.9258603], [2.5190562, 48.9256535], [2.5190099, 48.9254478], [2.5188818, 48.9250614], [2.5187853, 48.9248288], [2.5186995, 48.9246578], [2.5185969, 48.9244856], [2.5184742, 48.9243001], [2.5183159, 48.9240886], [2.518039, 48.9237489], [2.5173443, 48.9229664], [2.5169363, 48.922503], [2.5166822, 48.9222248], [2.5163429, 48.9218616], [2.5159671, 48.9214261], [2.5156947, 48.9211211], [2.5155071, 48.9208657], [2.5154765, 48.9208197], [2.5154456, 48.9207806], [2.5152059, 48.9204209], [2.5149893, 48.9199931], [2.5148703, 48.9196866], [2.5147538, 48.9193908], [2.5146875, 48.9191265], [2.5146322, 48.918865], [2.5145843, 48.9184685], [2.5145715, 48.9181226], [2.5145785, 48.9177881], [2.5146238, 48.9174494], [2.5147378, 48.9170359], [2.5147479, 48.9169969], [2.5147728, 48.9169074], [2.5149103, 48.9164825], [2.5149338, 48.9164069], [2.5150028, 48.9162079], [2.5150584, 48.9160467], [2.5152301, 48.9155174], [2.5154507, 48.9148431], [2.5155654, 48.9145029], [2.515673, 48.9141743], [2.5156934, 48.9141095], [2.5157774, 48.9138584], [2.5162205, 48.9125166]], [[2.5162205, 48.9125166], [2.5165734, 48.911357], [2.5166695, 48.911037], [2.5169064, 48.9101957]], [[2.5169064, 48.9101957], [2.5169722, 48.9099374], [2.5170202, 48.9096761], [2.5170381, 48.9093097], [2.5170481, 48.9089749], [2.5170266, 48.9087269], [2.5170108, 48.9086695], [2.5169938, 48.9085931], [2.5169735, 48.9085341], [2.5169362, 48.9083803], [2.516885, 48.9082256], [2.5168434, 48.9080995], [2.5167863, 48.9079668], [2.5167534, 48.9078965], [2.5167259, 48.9078407], [2.516681, 48.9077532], [2.5166273, 48.907656], [2.516552, 48.9075316], [2.5165059, 48.9074624], [2.5164445, 48.9073753], [2.516366, 48.9072663], [2.5163159, 48.9071984], [2.5162608, 48.9071311], [2.5161986, 48.907057], [2.516103, 48.9069485], [2.5160424, 48.9068878], [2.5160099, 48.9068526], [2.5155612, 48.9063771], [2.5153624, 48.9061794], [2.5152688, 48.9060721], [2.5148847, 48.9056715], [2.5144927, 48.9052773], [2.5144487, 48.9052319], [2.5142436, 48.9050224], [2.5139304, 48.9047058], [2.5135629, 48.9043391], [2.5127261, 48.9034893], [2.5123935, 48.9031561], [2.5122971, 48.903063], [2.5120003, 48.9027586], [2.5116799, 48.9024709], [2.5115218, 48.9023292], [2.5115125, 48.9023213], [2.5113072, 48.9021475], [2.5110068, 48.9018503], [2.5105132, 48.9013735], [2.5099929, 48.9008358], [2.5097542, 48.900596], [2.5093304, 48.9001516], [2.5085928, 48.8994023], [2.5084304, 48.8992504], [2.5080081, 48.8988133], [2.5071337, 48.8979176], [2.5069734, 48.8977457], [2.5069377, 48.8977099], [2.5065519, 48.8973242], [2.5061774, 48.8969466], [2.5055032, 48.8962864], [2.5044124, 48.8952289], [2.5035961, 48.8944407], [2.5033256, 48.894182], [2.5031577, 48.8940289], [2.5029798, 48.8938862], [2.5027542, 48.8937301], [2.502679, 48.8936759], [2.5025879, 48.8936203], [2.5023607, 48.8934867], [2.5021499, 48.8933714], [2.5018801, 48.8932454], [2.5015565, 48.8931218], [2.5013183, 48.8930327], [2.5009904, 48.8929301], [2.5003958, 48.8927804], [2.4993722, 48.8925198], [2.4991223, 48.892461], [2.4988793, 48.8924072], [2.4985988, 48.8923494], [2.4983063, 48.8923061], [2.4979881, 48.8922676], [2.4977668, 48.8922476]], [[2.4799786, 48.8941257], [2.4801432, 48.8941018], [2.4810547, 48.8939685], [2.4815061, 48.8939023], [2.482677, 48.8937317], [2.4831693, 48.8936588], [2.4837765, 48.8935707], [2.4843848, 48.8934854], [2.4846342, 48.8934572], [2.4850516, 48.8934202], [2.4856051, 48.8933849], [2.4860947, 48.8933504], [2.4863481, 48.8933262], [2.4865633, 48.8933037], [2.4867786, 48.8932751], [2.4869721, 48.8932497], [2.4872888, 48.893202], [2.4875408, 48.8931625], [2.4885259, 48.8930183], [2.4886207, 48.8930047], [2.4900091, 48.8928017], [2.4908809, 48.8926733], [2.4911613, 48.8926411], [2.4914731, 48.8926093], [2.4916877, 48.8925956], [2.491976, 48.892582], [2.4922047, 48.8925762], [2.492548, 48.8925723], [2.4928196, 48.892571], [2.4933996, 48.8925665], [2.4935874, 48.8925635], [2.4937972, 48.8925573], [2.49404, 48.8925441], [2.4942505, 48.8925286], [2.4944677, 48.8925115], [2.4949237, 48.8924586], [2.4953501, 48.8923951], [2.4958458, 48.892332], [2.4960113, 48.8923124], [2.4961696, 48.8922955], [2.4962186, 48.8922918], [2.4963077, 48.8922831], [2.4966376, 48.8922558], [2.4970238, 48.8922293], [2.4973961, 48.8922352], [2.497607, 48.8922388], [2.4976764, 48.8922426], [2.4977668, 48.8922476]]];FFFFFF;[{'id': 'physical_mode:Tramway', 'name': 'Tramway'}];[{'type': 'Netex_PrivateCode', 'value': '800850009'}, {'type': 'osm_company', 'value': 'SNCF'}, {'type': 'osm_line_id', 'value': 'relation:6910344'}, {'type': 'osm_network', 'value': 'Transilien'}, {'type': 'source', 'value': 'FR1:Line:C01843:'}];015400;043000;commercial_mode:Tramway;Tramway;line:IDFM:C01843;T4;4;['route:IDFM:SNCF:18-C01843-081e91e5-3c25-3284-bddd-6c21ab41a67b', 'route:IDFM:SNCF:18-C01843-13d98ddf-cc6f-346e-9170-1f24df20853e', 'route:IDFM:SNCF:18-C01843-9250edd9-8ab0-3350-b176-ada3f9eeb52c', 'route:IDFM:SNCF:18-C01843-bf5a2c9d-7360-353b-adcd-a0227fcc23f5'];['Aller Bondy', 'Aller Hôpital de Montfermeil', 'Aller Bondy', 'Aller Aulnay-sous-Bois'];['stop_area:IDFM:72037', 'stop_area:IDFM:73329', 'stop_area:IDFM:72037', 'stop_area:IDFM:72646'];['Bondy', 'Hôpital de Montfermeil', 'Bondy', 'Aulnay-sous-Bois'];['False', 'False', 'False', 'False'];['outbound', 'outbound', 'outbound', 'outbound']
T11;[{'type': 'source', 'value': 'FR1:Network:1046:LOC'}];network:IDFM:1046;[];Transilien;[];FB4F14;[{'direction': {'embedded_type': 'stop_area', 'stop_area': {'codes': [{'type': 'source', 'value': 'FR::multimodalStopPlace:72383:FR1'}], 'name': 'Épinay-sur-Seine', 'links': [], 'coord': {'lat': '48.954676', 'lon': '2.301551'}, 'label': 'Épinay-sur-Seine (Épinay-sur-Seine)', 'timezone': 'Europe/Paris', 'id': 'stop_area:IDFM:72383'}, 'quality': 0, 'name': 'Épinay-sur-Seine (Épinay-sur-Seine)', 'id': 'stop_area:IDFM:72383'}, 'codes': [{'type': 'Netex_ServiceJourneyPattern', 'value': 'SNCF:ServiceJourneyPattern:9345-C01999-b9364f56-26b2-3593-9c84-0eb839b83425-0:LOC'}, {'type': 'source', 'value': 'SNCF:Route:148-C01999-b9364f56-26b2-3593-9c84-0eb839b83425:LOC'}], 'name': 'Aller Épinay-sur-Seine', 'links': [], 'is_frequence': 'False', 'geojson': {'type': 'MultiLineString', 'coordinates': []}, 'direction_type': 'outbound', 'id': 'route:IDFM:SNCF:148-C01999-b9364f56-26b2-3593-9c84-0eb839b83425'}, {'direction': {'embedded_type': 'stop_area', 'stop_area': {'codes': [{'type': 'source', 'value': 'FR::multimodalStopPlace:72641:FR1'}], 'name': 'Le Bourget', 'links': [{'internal': True, 'type': 'disruption', 'id': '3db65822-7dd0-11ec-938a-005056a44da2', 'rel': 'disruptions', 'templated': False}], 'coord': {'lat': '48.931017', 'lon': '2.425529'}, 'label': 'Le Bourget (Le Bourget)', 'timezone': 'Europe/Paris', 'id': 'stop_area:IDFM:72641'}, 'quality': 0, 'name': 'Le Bourget (Le Bourget)', 'id': 'stop_area:IDFM:72641'}, 'codes': [{'type': 'Netex_ServiceJourneyPattern', 'value': 'SNCF:ServiceJourneyPattern:44619-C01999-c2cd26ba-1386-3912-8f71-d238cdc3aa5f-0:LOC'}, {'type': 'source', 'value': 'SNCF:Route:44163-C01999-c2cd26ba-1386-3912-8f71-d238cdc3aa5f:LOC'}], 'name': 'Retour Le Bourget', 'links': [], 'is_frequence': 'False', 'geojson': {'type': 'MultiLineString', 'coordinates': []}, 'direction_type': 'inbound', 'id': 'route:IDFM:SNCF:44163-C01999-c2cd26ba-1386-3912-8f71-d238cdc3aa5f'}];MultiLineString;[[[2.4234656, 48.930173], [2.4232468, 48.9303879], [2.4227807, 48.9308573]], [[2.4227807, 48.9308573], [2.4224673, 48.9311327], [2.4223542, 48.9312381]], [[2.4223542, 48.9312381], [2.4220628, 48.9314665], [2.421954, 48.9315492]], [[2.421954, 48.9315492], [2.421681, 48.9317443], [2.4212584, 48.9319866], [2.420842, 48.932203], [2.4200419, 48.9326136], [2.41928, 48.9330046], [2.4188736, 48.9332255], [2.4185616, 48.9334226], [2.4183137, 48.9336049], [2.4180262, 48.9338572]], [[2.4180262, 48.9338572], [2.4177982, 48.9340671]], [[2.4177982, 48.9340671], [2.4175808, 48.9342928], [2.4174309, 48.9344699], [2.4172875, 48.9346672], [2.4171385, 48.9349004], [2.4170178, 48.9351196], [2.4164148, 48.9363186], [2.4154643, 48.9382283]], [[2.4154643, 48.9382283], [2.4152662, 48.9386458]], [[2.4152662, 48.9386458], [2.4147439, 48.9397249], [2.4141441, 48.9408137], [2.4139686, 48.9410818], [2.4138071, 48.9412977], [2.4136522, 48.9414811], [2.4134363, 48.9417367], [2.4131137, 48.9420691], [2.4128594, 48.9423125], [2.4122499, 48.9428668], [2.4110955, 48.9438886], [2.4094876, 48.9452898], [2.4060351, 48.9482314], [2.4046259, 48.9494377], [2.4039339, 48.9500445], [2.4032321, 48.9506431], [2.4026313, 48.9510643], [2.4020292, 48.9514608], [2.4013916, 48.951828], [2.4010444, 48.9520107], [2.4006849, 48.952193], [2.4002337, 48.9524017], [2.3997718, 48.9525948], [2.3992621, 48.9527897], [2.3987375, 48.9529649], [2.3977833, 48.9532391], [2.3964404, 48.9535674], [2.3950089, 48.9539189], [2.3938128, 48.9542129], [2.3924348, 48.9545551], [2.3917598, 48.954712], [2.3902495, 48.955086], [2.3899213, 48.9551723], [2.3896001, 48.9552609], [2.3892716, 48.9553704], [2.3889583, 48.9554796], [2.3886459, 48.9556003], [2.3883348, 48.9557346], [2.3877483, 48.9559955], [2.3869012, 48.9563994], [2.3860532, 48.9568126], [2.3847019, 48.9575039], [2.384143, 48.9577945], [2.3835607, 48.9580982], [2.3831432, 48.9583083], [2.3827534, 48.9584819], [2.3823582, 48.958641]], [[2.3823582, 48.958641], [2.3821298, 48.9587225]], [[2.3821298, 48.9587225], [2.3818436, 48.9588125]], [[2.3818436, 48.9588125], [2.3816354, 48.9588699], [2.3814271, 48.9589216], [2.3811434, 48.9589877], [2.3808563, 48.9590458]], [[2.3808563, 48.9590458], [2.3801876, 48.9591694], [2.3795165, 48.9592881], [2.3790697, 48.9593621], [2.3786955, 48.9594144], [2.3782985, 48.9594577], [2.3779398, 48.9594851]], [[2.3779398, 48.9594851], [2.377342, 48.9595131], [2.376793, 48.9595295]], [[2.376793, 48.9595295], [2.3763553, 48.9595456], [2.3759195, 48.959571], [2.3753429, 48.9596225], [2.3747663, 48.9596817], [2.3728533, 48.9598961], [2.3724206, 48.9599373], [2.3719692, 48.959977], [2.3715498, 48.9599978], [2.3709685, 48.9600193], [2.3700894, 48.9600376], [2.3696941, 48.9600464], [2.3693049, 48.960054], [2.3682262, 48.9600762], [2.3672842, 48.9600918], [2.3671441, 48.9600944]], [[2.3671441, 48.9600944], [2.3668607, 48.9600992], [2.3664116, 48.960108]], [[2.3664116, 48.960108], [2.3652491, 48.9601338]], [[2.3652491, 48.9601338], [2.3650276, 48.9601385]], [[2.3650276, 48.9601385], [2.3637629, 48.9601652], [2.3633161, 48.9601776], [2.3627998, 48.9601981], [2.3622105, 48.9602288], [2.3615987, 48.9602673], [2.3591554, 48.9604211]], [[2.3591554, 48.9604211], [2.3586471, 48.9604563]], [[2.3586471, 48.9604563], [2.3565529, 48.9605902], [2.3557802, 48.9606262], [2.3551998, 48.9606344], [2.3546132, 48.9606288], [2.354054, 48.9606017], [2.3533303, 48.9605566], [2.3520873, 48.960471], [2.3488967, 48.960258], [2.3474644, 48.9601669], [2.3459845, 48.9600967], [2.3432733, 48.9600237]], [[2.3432733, 48.9600237], [2.3427084, 48.9600099]], [[2.3427084, 48.9600099], [2.3423732, 48.9600017], [2.3421002, 48.9599921]], [[2.3421002, 48.9599921], [2.3420195, 48.9599892]], [[2.3420195, 48.9599892], [2.341748, 48.9599819]], [[2.341748, 48.9599819], [2.3411199, 48.9599623], [2.3398921, 48.9599196], [2.338728, 48.9598588], [2.3381138, 48.9598293], [2.3368428, 48.9597893]], [[2.3368428, 48.9597893], [2.3364362, 48.95978]], [[2.3364362, 48.95978], [2.336017, 48.9597743], [2.3355898, 48.9597655], [2.3347561, 48.9597373], [2.3341012, 48.9596959], [2.3334728, 48.9596474], [2.3327434, 48.9595707], [2.3319568, 48.9594703], [2.329351, 48.9591092], [2.3292444, 48.959095]], [[2.3292444, 48.959095], [2.3287688, 48.9590256]], [[2.3287688, 48.9590256], [2.3282731, 48.9589655], [2.3277678, 48.9589052], [2.3274335, 48.9588764], [2.3272139, 48.9588634], [2.3268892, 48.9588495], [2.3265897, 48.9588387], [2.3262613, 48.9588314], [2.3259111, 48.9588369], [2.325549, 48.9588461], [2.3243905, 48.9589196], [2.3233083, 48.9589993], [2.3222821, 48.9590584], [2.32205, 48.9590676], [2.3218288, 48.9590725], [2.3216048, 48.9590738], [2.3213355, 48.95907], [2.3210388, 48.9590597], [2.3207171, 48.9590471], [2.320544, 48.959035], [2.3199037, 48.9589807], [2.3177554, 48.9587874], [2.317214, 48.9587392], [2.3166866, 48.9587026], [2.3161706, 48.9586749], [2.3155738, 48.9586423], [2.3152221, 48.9586222], [2.3146833, 48.9585837], [2.3140341, 48.9585334], [2.3128427, 48.9584239], [2.3115423, 48.9583072]], [[2.3115423, 48.9583072], [2.3112307, 48.9582778]], [[2.3112307, 48.9582778], [2.3103596, 48.9582077], [2.3095161, 48.9581514]], [[2.3095161, 48.9581514], [2.3087859, 48.9581076]], [[2.3087859, 48.9581076], [2.3083205, 48.9580602], [2.3078658, 48.9579942], [2.3075184, 48.9579261], [2.3069559, 48.9577723], [2.3067044, 48.9576882], [2.3064691, 48.957601], [2.3061244, 48.9574544], [2.3058475, 48.9573188], [2.3056161, 48.9571907], [2.305248, 48.9569498], [2.30501, 48.9567781], [2.3047874, 48.9566054]], [[2.3047874, 48.9566054], [2.3045092, 48.9563835]], [[2.3045092, 48.9563835], [2.303925, 48.9558764]], [[2.303925, 48.9558764], [2.3035312, 48.9555423]], [[2.3035312, 48.9555423], [2.3030101, 48.9551113]], [[2.3030101, 48.9551113], [2.3027078, 48.9548492], [2.3025119, 48.9546842]], [[2.3025119, 48.9546842], [2.302406, 48.9545955], [2.302289, 48.9545005], [2.3021944, 48.9544272], [2.3020752, 48.9543437], [2.3019907, 48.9542882], [2.3018864, 48.954217]], [[2.3018027, 48.9542056], [2.3018537, 48.9542385]], [[2.3018537, 48.9542385], [2.3019627, 48.9543087], [2.3020421, 48.9543632], [2.3021607, 48.9544455], [2.3022566, 48.9545179], [2.3023727, 48.9546123], [2.3024753, 48.9546985]], [[2.3024753, 48.9546985], [2.3026572, 48.954854], [2.3029754, 48.955128]], [[2.3029754, 48.955128], [2.3034962, 48.9555639]], [[2.3034962, 48.9555639], [2.3038956, 48.9558952]], [[2.3038956, 48.9558952], [2.3044593, 48.9564103]], [[2.3044593, 48.9564103], [2.3047397, 48.956631]], [[2.3047397, 48.956631], [2.3049617, 48.9567966], [2.305189, 48.9569577], [2.3054532, 48.9571312], [2.3058254, 48.9573461], [2.3060976, 48.9574773], [2.3064436, 48.9576257], [2.3066729, 48.9577115], [2.3069398, 48.9578], [2.3075104, 48.9579537], [2.3078933, 48.9580316], [2.3083064, 48.9580928], [2.308774, 48.9581386]], [[2.308774, 48.9581386], [2.3095097, 48.9581858]], [[2.3095097, 48.9581858], [2.3103549, 48.9582386], [2.3112131, 48.9583081]], [[2.3112131, 48.9583081], [2.3115391, 48.9583365]], [[2.3115391, 48.9583365], [2.31284, 48.9584556], [2.3140315, 48.9585615], [2.3146753, 48.9586154], [2.315209, 48.9586488], [2.3155725, 48.9586705], [2.3161733, 48.9587031], [2.3166843, 48.9587325], [2.3172006, 48.9587709], [2.3177467, 48.9588152], [2.3198948, 48.9590095], [2.3205413, 48.959065], [2.3207032, 48.9590766], [2.3210321, 48.9590888], [2.3213357, 48.9590975], [2.3216048, 48.959102], [2.3218354, 48.9591015], [2.3220487, 48.9590984], [2.3222733, 48.9590909], [2.3233142, 48.9590309], [2.3243911, 48.958952], [2.3255487, 48.9588778], [2.3259097, 48.9588669], [2.3262519, 48.958864], [2.3265836, 48.9588691], [2.3268762, 48.9588773], [2.3272039, 48.9588931], [2.3274279, 48.9589074], [2.3276978, 48.9589283], [2.3282673, 48.9589927], [2.3287617, 48.9590565]], [[2.3287617, 48.9590565], [2.329235, 48.9591231]], [[2.329235, 48.9591231], [2.32944, 48.9591522], [2.3319516, 48.9594987], [2.3327298, 48.9595987], [2.333454, 48.9596745], [2.3340905, 48.9597267], [2.334747, 48.959765], [2.3355878, 48.9597936], [2.336015, 48.9598024], [2.3364354, 48.9598111]], [[2.3364354, 48.9598111], [2.3368436, 48.9598221]], [[2.3368436, 48.9598221], [2.3381084, 48.9598562], [2.338726, 48.9598896], [2.3398867, 48.9599508], [2.3417577, 48.9600085]], [[2.3417577, 48.9600085], [2.3420429, 48.960016]], [[2.3420429, 48.960016], [2.3421003, 48.9600176]], [[2.3421003, 48.9600176], [2.3423717, 48.9600251], [2.3427246, 48.9600345]], [[2.3427246, 48.9600345], [2.343274, 48.9600492]], [[2.343274, 48.9600492], [2.3459846, 48.9601306], [2.3474673, 48.9601983], [2.3520837, 48.9605119], [2.3533378, 48.9606], [2.354029, 48.9606387], [2.3546103, 48.9606627], [2.3551978, 48.9606667], [2.3557527, 48.9606601], [2.3565592, 48.9606251], [2.3586509, 48.9604839]], [[2.3586509, 48.9604839], [2.3591555, 48.9604525]], [[2.3591555, 48.9604525], [2.3619176, 48.9602761], [2.3626622, 48.960235], [2.3633991, 48.9602188], [2.3640054, 48.9602159], [2.3645344, 48.9602184], [2.3650329, 48.960219]], [[2.3650329, 48.960219], [2.3652562, 48.9602174]], [[2.3652562, 48.9602174], [2.3657614, 48.9602092], [2.3665312, 48.9601932]], [[2.3665312, 48.9601932], [2.3672638, 48.9601796]], [[2.3672638, 48.9601796], [2.3679346, 48.9601655], [2.3682238, 48.9601594], [2.3685247, 48.9601498], [2.3688296, 48.9601359], [2.3698002, 48.9600837], [2.3700536, 48.9600741], [2.3702153, 48.9600661], [2.3709884, 48.9600459], [2.3715195, 48.9600289], [2.3719729, 48.9600034], [2.3724263, 48.9599674], [2.3728583, 48.9599252], [2.3747742, 48.959712], [2.3753463, 48.9596512], [2.3759291, 48.9596006], [2.3763602, 48.9595747], [2.3767979, 48.9595591]], [[2.3767979, 48.9595591], [2.3773923, 48.9595419], [2.3779399, 48.9595157]], [[2.3779399, 48.9595157], [2.378317, 48.9594858], [2.3786999, 48.9594437], [2.3790777, 48.9593903], [2.3795333, 48.9593151], [2.3802021, 48.9591974], [2.3808659, 48.9590748]], [[2.3808659, 48.9590748], [2.381158, 48.9590157], [2.381445, 48.9589498], [2.3816532, 48.9588973], [2.3818614, 48.9588392]], [[2.3818614, 48.9588392], [2.382077, 48.9587732]], [[2.382077, 48.9587732], [2.3823694, 48.9586718]], [[2.3823694, 48.9586718], [2.3827719, 48.9585126], [2.3831652, 48.9583347], [2.383592, 48.9581176], [2.3841718, 48.95782], [2.3847413, 48.9575279], [2.3860807, 48.9568391], [2.3869253, 48.9564214], [2.3877812, 48.9560219], [2.3883579, 48.9557612], [2.3886667, 48.9556293], [2.3889788, 48.9555072], [2.389289, 48.9553955], [2.3896232, 48.9552884], [2.3899381, 48.9551974], [2.3902562, 48.9551175], [2.3917798, 48.9547433], [2.3924389, 48.9545845], [2.3938263, 48.9542408], [2.3950587, 48.9539392], [2.3964428, 48.953597], [2.397798, 48.9532668], [2.3987521, 48.9529916], [2.3992775, 48.952817], [2.3997902, 48.9526226], [2.4002586, 48.9524259], [2.4007162, 48.9522157], [2.4010726, 48.9520362], [2.4014209, 48.9518493], [2.4020613, 48.951483], [2.4026648, 48.951099], [2.4029676, 48.9508909], [2.4032549, 48.9506727], [2.4038038, 48.9502123], [2.4043684, 48.9497138], [2.4060675, 48.9482455], [2.4069185, 48.9475489], [2.4077734, 48.9468201], [2.4086566, 48.9460538], [2.4095143, 48.945312], [2.4111344, 48.9439098], [2.4128989, 48.9423421], [2.4134733, 48.9417631], [2.4136982, 48.9414959], [2.4138461, 48.9413077], [2.4140083, 48.9410895], [2.4141858, 48.9408272], [2.4147952, 48.9397306], [2.4153159, 48.9386508]], [[2.4153159, 48.9386508], [2.4155137, 48.938233]], [[2.4155137, 48.938233], [2.4164609, 48.9363351], [2.4170703, 48.9351384], [2.4171963, 48.9349199], [2.4173465, 48.934682], [2.417486, 48.9344864], [2.4176282, 48.9343155], [2.4178454, 48.934097]], [[2.4178454, 48.934097], [2.4180659, 48.9338985]], [[2.4180659, 48.9338985], [2.4183586, 48.9336421], [2.4186025, 48.9334605], [2.4189074, 48.9332682], [2.4193302, 48.9330385], [2.4208832, 48.9322506], [2.421306, 48.932037], [2.4216719, 48.9318313], [2.4220012, 48.931599]], [[2.4220012, 48.931599], [2.4223999, 48.9312759]], [[2.4223999, 48.9312759], [2.4225208, 48.9311611], [2.4228149, 48.9308716]], [[2.4228149, 48.9308716], [2.4231874, 48.9305062], [2.4232968, 48.9303993], [2.4235016, 48.9301886]]];FFFFFF;[{'id': 'physical_mode:Tramway', 'name': 'Tramway'}];[{'type': 'Netex_PrivateCode', 'value': '800850012'}, {'type': 'osm_company', 'value': 'Transkeo'}, {'type': 'osm_line_id', 'value': 'relation:8467024'}, {'type': 'osm_network', 'value': 'Transilien'}, {'type': 'source', 'value': 'FR1:Line:C01999:'}];012200;050000;commercial_mode:Tramway;Tramway;line:IDFM:C01999;Le Bourget - Épinay-sur-Seine;2;['route:IDFM:SNCF:148-C01999-b9364f56-26b2-3593-9c84-0eb839b83425', 'route:IDFM:SNCF:44163-C01999-c2cd26ba-1386-3912-8f71-d238cdc3aa5f'];['Aller Épinay-sur-Seine', 'Retour Le Bourget'];['stop_area:IDFM:72383', 'stop_area:IDFM:72641'];['Épinay-sur-Seine', 'Le Bourget'];['False', 'False'];['outbound', 'inbound']
