status;category;severity__color;severity__priority;severity__name;severity__effect;tags;application_periods;impact_id;messages;updated_at;uri;impacted_objects;id;disruption_uri;contributor;cause;disruption_id;embedded_type;line_code;line_name;line_physical_mode;line_commecial_mode;stop_area_value;stop_area_name;stop_area_label
active;Incidents;#EF662F;30;perturbée;SIGNIFICANT_DELAYS;['Ascenseur'];[{'begin': '20210701T081106', 'end': '20220701T081106'}];be81c0d8-da54-11eb-ae0c-005056a47b86;"[""Panne d'un ascenseur"", ""GARE DE MITRY CLAYE Panne de l'ascenseur situé Quai 2 Voies 1/3, direction Paris Nord, jusqu'au 2021-07-03"", ""GARE DE MITRY CLAYE Panne de l'ascenseur situé Quai 2 Voies 1/3, direction Paris Nord, jusqu'au 2021-07-03"", ""GARE DE MITRY CLAYE Panne ascenseur jusqu'au 2021-07-03 situé Quai 2 Voies 1/3, dir. Paris Nord""]";20210701T121147;be81c0d8-da54-11eb-ae0c-005056a47b86;[{'pt_object': {'embedded_type': 'stop_area', 'stop_area': {'codes': [{'type': 'source', 'value': 'FR::multimodalStopPlace:69065:FR1'}], 'name': 'Mitry - Claye', 'links': [], 'coord': {'lat': '48.975542', 'lon': '2.642591'}, 'label': 'Mitry - Claye (Mitry-Mory)', 'timezone': 'Europe/Paris', 'id': 'stop_area:IDFM:69065'}, 'quality': 0, 'name': 'Mitry - Claye (Mitry-Mory)', 'id': 'stop_area:IDFM:69065'}}];be81c0d8-da54-11eb-ae0c-005056a47b86;1f0a608a-da33-11eb-9a51-005056a47b86;shortterm.tr_idfm;perturbation;1f0a608a-da33-11eb-9a51-005056a47b86;['stop_area'];[''];[''];[''];[''];['FR::multimodalStopPlace:69065:FR1'];['Mitry - Claye'];['Mitry - Claye (Mitry-Mory)']
active;Communication;#EF662F;30;perturbée;SIGNIFICANT_DELAYS;;[{'begin': '20220314T050000', 'end': '20230402T230000'}];7432264e-9ebc-11ec-b964-005056a47b86;"['Aménagement Gare de Massy/ Déplacement des quais', ""<p>A compter du lundi 14 mars et ce jusqu'au dimanche 2 avril 2023, les quais de dépose et de reprise des voyageurs seront déplacés en Gare de Massy suite à des travaux d'aménagement de la gare routière. Nous vous remercions de consulter notre site internet ou notre compte twitter afin d'avoir plus d'informations.</p>"", ""<p>A compter du lundi 14 mars et ce jusqu'au dimanche 2 avril 2023, les quais de dépose et de reprise des voyageurs seront déplacés en Gare de Massy suite à des travaux d'aménagement de la gare routière. Nous vous remercions de consulter notre site internet ou notre compte twitter afin d'avoir plus d'informations.</p>""]";20220308T094758;7432264e-9ebc-11ec-b964-005056a47b86;[{'pt_object': {'embedded_type': 'line', 'line': {'code': '91-10', 'name': 'Saint-Quentin en Yvelines - Montigny-le-Bretonneux - Aéroport Orly 1-2-3 (Terminal Ouest)', 'links': [], 'color': '1AC7FF', 'geojson': {'type': 'MultiLineString', 'coordinates': []}, 'text_color': '000000', 'physical_modes': [{'id': 'physical_mode:Bus', 'name': 'Bus'}], 'codes': [{'type': 'Netex_PrivateCode', 'value': '291191010'}, {'type': 'osm_company', 'value': 'Albatrans'}, {'type': 'osm_line_id', 'value': 'relation:7105212'}, {'type': 'osm_network', 'value': 'Albatrans'}, {'type': 'source', 'value': 'FR1:Line:C01571:'}], 'closing_time': '003300', 'opening_time': '053000', 'commercial_mode': {'id': 'commercial_mode:Bus', 'name': 'Bus'}, 'id': 'line:IDFM:C01571'}, 'quality': 0, 'name': 'Albatrans Bus 91-10', 'id': 'line:IDFM:C01571'}}, {'pt_object': {'embedded_type': 'line', 'line': {'code': '91-11', 'name': 'Saint-Quentin en Yvelines - Montigny-le-Bretonneux - Massy - Palaiseau', 'links': [], 'color': '1AC7FF', 'geojson': {'type': 'MultiLineString', 'coordinates': []}, 'text_color': '000000', 'physical_modes': [{'id': 'physical_mode:Bus', 'name': 'Bus'}], 'codes': [{'type': 'Netex_PrivateCode', 'value': '291191011'}, {'type': 'osm_company', 'value': 'Albatrans'}, {'type': 'osm_line_id', 'value': 'relation:8413211'}, {'type': 'osm_network', 'value': 'Albatrans'}, {'type': 'source', 'value': 'FR1:Line:C02201:'}], 'closing_time': '224200', 'opening_time': '053000', 'commercial_mode': {'id': 'commercial_mode:Bus', 'name': 'Bus'}, 'id': 'line:IDFM:C02201'}, 'quality': 0, 'name': 'Albatrans Bus 91-11', 'id': 'line:IDFM:C02201'}}, {'pt_object': {'embedded_type': 'line', 'line': {'code': '91-06', 'name': 'Massy - Palaiseau - Le Christ de Saclay', 'links': [], 'color': '1AC7FF', 'geojson': {'type': 'MultiLineString', 'coordinates': []}, 'text_color': 'FFFFFF', 'physical_modes': [{'id': 'physical_mode:Bus', 'name': 'Bus'}], 'codes': [{'type': 'Netex_PrivateCode', 'value': '291191006'}, {'type': 'osm_company', 'value': 'Albatrans'}, {'type': 'osm_line_id', 'value': 'relation:8413209'}, {'type': 'osm_network', 'value': 'Albatrans'}, {'type': 'source', 'value': 'FR1:Line:C01567:'}], 'closing_time': '002700', 'opening_time': '052700', 'commercial_mode': {'id': 'commercial_mode:Bus', 'name': 'Bus'}, 'id': 'line:IDFM:C01567'}, 'quality': 0, 'name': 'Albatrans Bus 91-06', 'id': 'line:IDFM:C01567'}}, {'pt_object': {'embedded_type': 'line', 'line': {'code': '91-03', 'name': 'Dourdan - Massy - Palaiseau', 'links': [], 'color': '1AC7FF', 'geojson': {'type': 'MultiLineString', 'coordinates': []}, 'text_color': '000000', 'physical_modes': [{'id': 'physical_mode:Bus', 'name': 'Bus'}], 'codes': [{'type': 'Netex_PrivateCode', 'value': '291191003'}, {'type': 'osm_company', 'value': 'Albatrans'}, {'type': 'osm_line_id', 'value': 'relation:7105179'}, {'type': 'osm_network', 'value': 'Albatrans'}, {'type': 'source', 'value': 'FR1:Line:C01564:'}], 'closing_time': '221200', 'opening_time': '045900', 'commercial_mode': {'id': 'commercial_mode:Bus', 'name': 'Bus'}, 'id': 'line:IDFM:C01564'}, 'quality': 0, 'name': 'Albatrans Bus 91-03', 'id': 'line:IDFM:C01564'}}, {'pt_object': {'embedded_type': 'line', 'line': {'code': '91-05', 'name': 'Massy - Palaiseau - Évry - Courcouronnes', 'links': [], 'color': '1AC7FF', 'geojson': {'type': 'MultiLineString', 'coordinates': []}, 'text_color': '000000', 'physical_modes': [{'id': 'physical_mode:Bus', 'name': 'Bus'}], 'codes': [{'type': 'Netex_PrivateCode', 'value': '291191005'}, {'type': 'osm_company', 'value': 'Albatrans'}, {'type': 'osm_line_id', 'value': 'relation:6940421'}, {'type': 'osm_network', 'value': 'Albatrans'}, {'type': 'source', 'value': 'FR1:Line:C01566:'}], 'closing_time': '215400', 'opening_time': '053000', 'commercial_mode': {'id': 'commercial_mode:Bus', 'name': 'Bus'}, 'id': 'line:IDFM:C01566'}, 'quality': 0, 'name': 'Albatrans Bus 91-05', 'id': 'line:IDFM:C01566'}}];7432264e-9ebc-11ec-b964-005056a47b86;7431a07a-9ebc-11ec-b964-005056a47b86;shortterm.tr_idfm;information;7431a07a-9ebc-11ec-b964-005056a47b86;['line', 'line', 'line', 'line', 'line'];['91-10', '', '91-11', '', '91-06', '', '91-03', '', '91-05', ''];['Saint-Quentin en Yvelines - Montigny-le-Bretonneux - Aéroport Orly 1-2-3 (Terminal Ouest)', '', 'Saint-Quentin en Yvelines - Montigny-le-Bretonneux - Massy - Palaiseau', '', 'Massy - Palaiseau - Le Christ de Saclay', '', 'Dourdan - Massy - Palaiseau', '', 'Massy - Palaiseau - Évry - Courcouronnes', ''];[[{'id': 'physical_mode:Bus', 'name': 'Bus'}], '', [{'id': 'physical_mode:Bus', 'name': 'Bus'}], '', [{'id': 'physical_mode:Bus', 'name': 'Bus'}], '', [{'id': 'physical_mode:Bus', 'name': 'Bus'}], '', [{'id': 'physical_mode:Bus', 'name': 'Bus'}], ''];['', '', '', '', ''];['', '', '', '', ''];['', '', '', '', ''];['', '', '', '', '']
active;Incidents;#EF662F;30;perturbée;SIGNIFICANT_DELAYS;;[{'begin': '20220314T000000', 'end': '20230430T235900'}];81177624-9fb7-11ec-8250-005056a44da2;"['GARE MASSY', '<p><div class=""fckcontainer""><p>&nbsp;Dans le cadre de requalification de la gare de Massy Palaiseau Atlantis (cot&eacute; RER B), une nouvelle gare provisoire est mise en service au niveau de l\'avenue Carnot d&egrave;s le lundi 14 mars 2022.</p><br><p>&nbsp;</p><br><p>Veuillez vous conformer au plan pour l\'affectation des quais.</p><br><p>&nbsp;</p><br><p>FI_2022_031</p></div><a href=\'https://www.transdev-idf.com/horaire-ligne-2-paris-saclay_mobilites_006\'>En savoir plus sur cette information.</a></p>', 'GARE MASSY', '<p><div class=""fckcontainer""><p>&nbsp;Dans le cadre de requalification de la gare de Massy Palaiseau Atlantis (cot&eacute; RER B), une nouvelle gare provisoire est mise en service au niveau de l\'avenue Carnot d&egrave;s le lundi 14 mars 2022.</p><br><p>&nbsp;</p><br><p>Veuillez vous conformer au plan pour l\'affectation des quais.</p><br><p>&nbsp;</p><br><p>FI_2022_031</p></div><a href=\'https://www.transdev-idf.com/horaire-ligne-2-paris-saclay_mobilites_006\'>En savoir plus sur cette information.</a></p>']";20220309T154503;81177624-9fb7-11ec-8250-005056a44da2;[{'pt_object': {'embedded_type': 'line', 'line': {'code': '91-06', 'name': 'Massy - Palaiseau - Le Christ de Saclay', 'links': [], 'color': '1AC7FF', 'geojson': {'type': 'MultiLineString', 'coordinates': []}, 'text_color': 'FFFFFF', 'physical_modes': [{'id': 'physical_mode:Bus', 'name': 'Bus'}], 'codes': [{'type': 'Netex_PrivateCode', 'value': '291191006'}, {'type': 'osm_company', 'value': 'Albatrans'}, {'type': 'osm_line_id', 'value': 'relation:8413209'}, {'type': 'osm_network', 'value': 'Albatrans'}, {'type': 'source', 'value': 'FR1:Line:C01567:'}], 'closing_time': '002700', 'opening_time': '052700', 'commercial_mode': {'id': 'commercial_mode:Bus', 'name': 'Bus'}, 'id': 'line:IDFM:C01567'}, 'quality': 0, 'name': 'Albatrans Bus 91-06', 'id': 'line:IDFM:C01567'}}, {'pt_object': {'embedded_type': 'line', 'line': {'code': '2', 'name': 'Centre Commercial les Ulis 2 - Massy - Palaiseau', 'links': [], 'color': 'FFED00', 'geojson': {'type': 'MultiLineString', 'coordinates': []}, 'text_color': '000000', 'physical_modes': [{'id': 'physical_mode:Bus', 'name': 'Bus'}], 'codes': [{'type': 'Netex_PrivateCode', 'value': '006006002'}, {'type': 'source', 'value': 'FR1:Line:C00067:'}], 'closing_time': '224100', 'opening_time': '043100', 'commercial_mode': {'id': 'commercial_mode:Bus', 'name': 'Bus'}, 'id': 'line:IDFM:C00067'}, 'quality': 0, 'name': 'Paris-Saclay Mobilités Bus 2', 'id': 'line:IDFM:C00067'}}, {'pt_object': {'embedded_type': 'line', 'line': {'code': '22', 'name': 'Centre Commercial les Ulis 2 - Massy - Palaiseau', 'links': [], 'color': 'B6D061', 'geojson': {'type': 'MultiLineString', 'coordinates': []}, 'text_color': '000000', 'physical_modes': [{'id': 'physical_mode:Bus', 'name': 'Bus'}], 'codes': [{'type': 'Netex_PrivateCode', 'value': '006006024'}, {'type': 'source', 'value': 'FR1:Line:C01698:'}], 'closing_time': '221400', 'opening_time': '045500', 'commercial_mode': {'id': 'commercial_mode:Bus', 'name': 'Bus'}, 'id': 'line:IDFM:C01698'}, 'quality': 0, 'name': 'Paris-Saclay Mobilités Bus 22', 'id': 'line:IDFM:C01698'}}, {'pt_object': {'embedded_type': 'line', 'line': {'code': '23', 'name': 'Centre Commercial les Ulis 2 - Massy - Palaiseau', 'links': [], 'color': '8A5D99', 'geojson': {'type': 'MultiLineString', 'coordinates': []}, 'text_color': 'FFFFFF', 'physical_modes': [{'id': 'physical_mode:Bus', 'name': 'Bus'}], 'codes': [{'type': 'Netex_PrivateCode', 'value': '006006025'}, {'type': 'source', 'value': 'FR1:Line:C01699:'}], 'closing_time': '211400', 'opening_time': '052500', 'commercial_mode': {'id': 'commercial_mode:Bus', 'name': 'Bus'}, 'id': 'line:IDFM:C01699'}, 'quality': 0, 'name': 'Paris-Saclay Mobilités Bus 23', 'id': 'line:IDFM:C01699'}}];81177624-9fb7-11ec-8250-005056a44da2;8116fdd4-9fb7-11ec-8250-005056a44da2;shortterm.tr_idfm;perturbation;8116fdd4-9fb7-11ec-8250-005056a44da2;['line', 'line', 'line', 'line'];['91-06', '', '2', '', '22', '', '23', ''];['Massy - Palaiseau - Le Christ de Saclay', '', 'Centre Commercial les Ulis 2 - Massy - Palaiseau', '', 'Centre Commercial les Ulis 2 - Massy - Palaiseau', '', 'Centre Commercial les Ulis 2 - Massy - Palaiseau', ''];[[{'id': 'physical_mode:Bus', 'name': 'Bus'}], '', [{'id': 'physical_mode:Bus', 'name': 'Bus'}], '', [{'id': 'physical_mode:Bus', 'name': 'Bus'}], '', [{'id': 'physical_mode:Bus', 'name': 'Bus'}], ''];['', '', '', ''];['', '', '', ''];['', '', '', ''];['', '', '', '']
active;Incidents;#EF662F;30;perturbée;SIGNIFICANT_DELAYS;;[{'begin': '20220314T000000', 'end': '20220731T235900'}];8141e210-9fb7-11ec-82d0-005056a44da2;"['GARE MASSY', '<p><div class=""fckcontainer""><p>&nbsp; Dans le cadre de requalification de la gare de Massy Palaiseau Atlantis (cot&eacute; RER B), une nouvelle gare provisoire est mise en service au niveau de l\'avenue Carnot d&egrave;s le lundi 14 mars 2022.</p><br><p>&nbsp;</p><br><p>Veuillez vous conformer au plan pour l\'affectation des quais.</p><br><p>&nbsp;</p><br><p>FI_2022_031</p></div><a href=\'https://www.transdev-idf.com/horaire-ligne-2-paris-saclay_mobilites_006\'>En savoir plus sur cette information.</a></p>', 'GARE MASSY', '<p><div class=""fckcontainer""><p>&nbsp; Dans le cadre de requalification de la gare de Massy Palaiseau Atlantis (cot&eacute; RER B), une nouvelle gare provisoire est mise en service au niveau de l\'avenue Carnot d&egrave;s le lundi 14 mars 2022.</p><br><p>&nbsp;</p><br><p>Veuillez vous conformer au plan pour l\'affectation des quais.</p><br><p>&nbsp;</p><br><p>FI_2022_031</p></div><a href=\'https://www.transdev-idf.com/horaire-ligne-2-paris-saclay_mobilites_006\'>En savoir plus sur cette information.</a></p>']";20220309T154504;8141e210-9fb7-11ec-82d0-005056a44da2;[{'pt_object': {'embedded_type': 'line', 'line': {'code': '2', 'name': 'Centre Commercial les Ulis 2 - Massy - Palaiseau', 'links': [], 'color': 'FFED00', 'geojson': {'type': 'MultiLineString', 'coordinates': []}, 'text_color': '000000', 'physical_modes': [{'id': 'physical_mode:Bus', 'name': 'Bus'}], 'codes': [{'type': 'Netex_PrivateCode', 'value': '006006002'}, {'type': 'source', 'value': 'FR1:Line:C00067:'}], 'closing_time': '224100', 'opening_time': '043100', 'commercial_mode': {'id': 'commercial_mode:Bus', 'name': 'Bus'}, 'id': 'line:IDFM:C00067'}, 'quality': 0, 'name': 'Paris-Saclay Mobilités Bus 2', 'id': 'line:IDFM:C00067'}}, {'pt_object': {'embedded_type': 'line', 'line': {'code': '23', 'name': 'Centre Commercial les Ulis 2 - Massy - Palaiseau', 'links': [], 'color': '8A5D99', 'geojson': {'type': 'MultiLineString', 'coordinates': []}, 'text_color': 'FFFFFF', 'physical_modes': [{'id': 'physical_mode:Bus', 'name': 'Bus'}], 'codes': [{'type': 'Netex_PrivateCode', 'value': '006006025'}, {'type': 'source', 'value': 'FR1:Line:C01699:'}], 'closing_time': '211400', 'opening_time': '052500', 'commercial_mode': {'id': 'commercial_mode:Bus', 'name': 'Bus'}, 'id': 'line:IDFM:C01699'}, 'quality': 0, 'name': 'Paris-Saclay Mobilités Bus 23', 'id': 'line:IDFM:C01699'}}, {'pt_object': {'embedded_type': 'line', 'line': {'code': '91-06', 'name': 'Massy - Palaiseau - Le Christ de Saclay', 'links': [], 'color': '1AC7FF', 'geojson': {'type': 'MultiLineString', 'coordinates': []}, 'text_color': 'FFFFFF', 'physical_modes': [{'id': 'physical_mode:Bus', 'name': 'Bus'}], 'codes': [{'type': 'Netex_PrivateCode', 'value': '291191006'}, {'type': 'osm_company', 'value': 'Albatrans'}, {'type': 'osm_line_id', 'value': 'relation:8413209'}, {'type': 'osm_network', 'value': 'Albatrans'}, {'type': 'source', 'value': 'FR1:Line:C01567:'}], 'closing_time': '002700', 'opening_time': '052700', 'commercial_mode': {'id': 'commercial_mode:Bus', 'name': 'Bus'}, 'id': 'line:IDFM:C01567'}, 'quality': 0, 'name': 'Albatrans Bus 91-06', 'id': 'line:IDFM:C01567'}}, {'pt_object': {'embedded_type': 'line', 'line': {'code': '22', 'name': 'Centre Commercial les Ulis 2 - Massy - Palaiseau', 'links': [], 'color': 'B6D061', 'geojson': {'type': 'MultiLineString', 'coordinates': []}, 'text_color': '000000', 'physical_modes': [{'id': 'physical_mode:Bus', 'name': 'Bus'}], 'codes': [{'type': 'Netex_PrivateCode', 'value': '006006024'}, {'type': 'source', 'value': 'FR1:Line:C01698:'}], 'closing_time': '221400', 'opening_time': '045500', 'commercial_mode': {'id': 'commercial_mode:Bus', 'name': 'Bus'}, 'id': 'line:IDFM:C01698'}, 'quality': 0, 'name': 'Paris-Saclay Mobilités Bus 22', 'id': 'line:IDFM:C01698'}}];8141e210-9fb7-11ec-82d0-005056a44da2;8141698e-9fb7-11ec-82d0-005056a44da2;shortterm.tr_idfm;perturbation;8141698e-9fb7-11ec-82d0-005056a44da2;['line', 'line', 'line', 'line'];['2', '', '23', '', '91-06', '', '22', ''];['Centre Commercial les Ulis 2 - Massy - Palaiseau', '', 'Centre Commercial les Ulis 2 - Massy - Palaiseau', '', 'Massy - Palaiseau - Le Christ de Saclay', '', 'Centre Commercial les Ulis 2 - Massy - Palaiseau', ''];[[{'id': 'physical_mode:Bus', 'name': 'Bus'}], '', [{'id': 'physical_mode:Bus', 'name': 'Bus'}], '', [{'id': 'physical_mode:Bus', 'name': 'Bus'}], '', [{'id': 'physical_mode:Bus', 'name': 'Bus'}], ''];['', '', '', ''];['', '', '', ''];['', '', '', ''];['', '', '', '']
active;Incidents;#EF662F;30;perturbée;SIGNIFICANT_DELAYS;;[{'begin': '20220401T000000', 'end': '20220630T235900'}];8827783c-b052-11ec-976c-005056a47b86;"['CHRIST DE SACLAY (REORGA)', '<p><div class=""fckcontainer""><br><p style=""margin-top: 0pt; margin-bottom: 0pt; margin-left: 0in; direction: ltr; unicode-bidi: embed; word-break: normal;""><u><span style=""font-size: 32pt; font-family: &quot;Grand Paris Reg&quot;; color: red; font-weight: bold;"">&Agrave; partir du vendredi 1</span></u><u><span style=""font-size: 32pt; font-family: &quot;Grand Paris Reg&quot;; color: red; font-weight: bold; vertical-align: super;"">er</span></u><u><span style=""font-size: 32pt; font-family: &quot;Grand Paris Reg&quot;; color: red; font-weight: bold;"">&nbsp;avril 2022,</span></u></p><br><p style=""margin-top: 0pt; margin-bottom: 0pt; margin-left: 0in; direction: ltr; unicode-bidi: embed; word-break: normal;""><span style=""font-size: 16pt; font-family: &quot;Grand Paris Reg&quot;;"">En raison des travaux de la gare CEA &agrave;&nbsp;</span><span style=""font-size: 16pt; font-family: &quot;Grand Paris Reg&quot;; font-weight: bold; font-style: italic;"">Saclay</span><span style=""font-size: 16pt; font-family: &quot;Grand Paris Reg&quot;; font-weight: bold;"">,</span><span style=""font-size: 12pt; font-family: &quot;Grand Paris Reg&quot;; font-weight: bold;"">&nbsp;</span><span style=""font-size: 28pt; font-family: &quot;Grand Paris Reg&quot;; color: red; font-weight: bold; font-style: italic;"">les arr&ecirc;ts &lsquo;Christ de Saclay&rsquo; sont d&eacute;plac&eacute;s.</span></p><br><p style=""margin-top: 0pt; margin-bottom: 0pt; margin-left: 0in; direction: ltr; unicode-bidi: embed; word-break: normal;"">&nbsp;</p><br><p style=""margin-top: 0pt; margin-bottom: 0pt; margin-left: 0in; direction: ltr; unicode-bidi: embed; word-break: normal;""><span style=""font-size: 18pt; font-family: &quot;Grand Paris Reg&quot;; color: rgb(0, 112, 192); font-weight: bold;"">Veuillez-vous conformer au plan ci-dessous :</span></p><br><p style=""margin-top: 0pt; margin-bottom: 0pt; margin-left: 0in; direction: ltr; unicode-bidi: embed; word-break: normal;"">&nbsp;</p><br><p style=""margin-top: 0pt; margin-bottom: 0pt; margin-left: 0in; direction: ltr; unicode-bidi: embed; word-break: normal;"">FI_2022_041</p><br></div><a href=\'https://www.transdev-idf.com/horaire-ligne-9-paris-saclay_mobilites_006\'>En savoir plus sur cette information.</a></p>', 'CHRIST DE SACLAY (REORGA)']";20220330T195506;8827783c-b052-11ec-976c-005056a47b86;[{'pt_object': {'embedded_type': 'line', 'line': {'code': '91-06', 'name': 'Massy - Palaiseau - Le Christ de Saclay', 'links': [], 'color': '1AC7FF', 'geojson': {'type': 'MultiLineString', 'coordinates': []}, 'text_color': 'FFFFFF', 'physical_modes': [{'id': 'physical_mode:Bus', 'name': 'Bus'}], 'codes': [{'type': 'Netex_PrivateCode', 'value': '291191006'}, {'type': 'osm_company', 'value': 'Albatrans'}, {'type': 'osm_line_id', 'value': 'relation:8413209'}, {'type': 'osm_network', 'value': 'Albatrans'}, {'type': 'source', 'value': 'FR1:Line:C01567:'}], 'closing_time': '002700', 'opening_time': '052700', 'commercial_mode': {'id': 'commercial_mode:Bus', 'name': 'Bus'}, 'id': 'line:IDFM:C01567'}, 'quality': 0, 'name': 'Albatrans Bus 91-06', 'id': 'line:IDFM:C01567'}}, {'pt_object': {'embedded_type': 'line', 'line': {'code': '9', 'name': 'Centre Commercial les Ulis 2 - Le Christ de Saclay', 'links': [], 'color': 'D7437E', 'geojson': {'type': 'MultiLineString', 'coordinates': []}, 'text_color': 'FFFFFF', 'physical_modes': [{'id': 'physical_mode:Bus', 'name': 'Bus'}], 'codes': [{'type': 'Netex_PrivateCode', 'value': '269269002'}, {'type': 'source', 'value': 'FR1:Line:C01561:'}], 'closing_time': '232300', 'opening_time': '055300', 'commercial_mode': {'id': 'commercial_mode:Bus', 'name': 'Bus'}, 'id': 'line:IDFM:C01561'}, 'quality': 0, 'name': 'Paris-Saclay Mobilités Bus 9', 'id': 'line:IDFM:C01561'}}, {'pt_object': {'embedded_type': 'line', 'line': {'code': '91-10', 'name': 'Saint-Quentin en Yvelines - Montigny-le-Bretonneux - Aéroport Orly 1-2-3 (Terminal Ouest)', 'links': [], 'color': '1AC7FF', 'geojson': {'type': 'MultiLineString', 'coordinates': []}, 'text_color': '000000', 'physical_modes': [{'id': 'physical_mode:Bus', 'name': 'Bus'}], 'codes': [{'type': 'Netex_PrivateCode', 'value': '291191010'}, {'type': 'osm_company', 'value': 'Albatrans'}, {'type': 'osm_line_id', 'value': 'relation:7105212'}, {'type': 'osm_network', 'value': 'Albatrans'}, {'type': 'source', 'value': 'FR1:Line:C01571:'}], 'closing_time': '003300', 'opening_time': '053000', 'commercial_mode': {'id': 'commercial_mode:Bus', 'name': 'Bus'}, 'id': 'line:IDFM:C01571'}, 'quality': 0, 'name': 'Albatrans Bus 91-10', 'id': 'line:IDFM:C01571'}}];8827783c-b052-11ec-976c-005056a47b86;6e762e6c-b050-11ec-bb6a-005056a47b86;shortterm.tr_idfm;perturbation;6e762e6c-b050-11ec-bb6a-005056a47b86;['line', 'line', 'line'];['91-06', '', '9', '', '91-10', ''];['Massy - Palaiseau - Le Christ de Saclay', '', 'Centre Commercial les Ulis 2 - Le Christ de Saclay', '', 'Saint-Quentin en Yvelines - Montigny-le-Bretonneux - Aéroport Orly 1-2-3 (Terminal Ouest)', ''];[[{'id': 'physical_mode:Bus', 'name': 'Bus'}], '', [{'id': 'physical_mode:Bus', 'name': 'Bus'}], '', [{'id': 'physical_mode:Bus', 'name': 'Bus'}], ''];['', '', ''];['', '', ''];['', '', ''];['', '', '']
active;Incidents;#EF662F;30;perturbée;SIGNIFICANT_DELAYS;;[{'begin': '20220413T113000', 'end': '20220531T233000'}];ff11c4ec-bb0c-11ec-b936-005056a44da2;"['Transdev STBC Ligne 8,8S', '<p><div class=""fckcontainer""><p>&nbsp;Chers Clients,</p><br><p>Nous vous informons que l\'arr&ecirc;t Grande Prairie est d&eacute;sormais desservi.</p><br><p>Merci de votre compr&eacute;hension</p></div><a href=\'https://www.transdev-idf.com/horaire-ligne-8-apolo_7_101\'>En savoir plus sur cette information.</a></p>', 'Transdev STBC Ligne 8,8S', '<p><div class=""fckcontainer""><p>&nbsp;Chers Clients,</p><br><p>Nous vous informons que l\'arr&ecirc;t Grande Prairie est d&eacute;sormais desservi.</p><br><p>Merci de votre compr&eacute;hension</p></div><a href=\'https://www.transdev-idf.com/horaire-ligne-8-apolo_7_101\'>En savoir plus sur cette information.</a></p>']";20220413T113503;ff11c4ec-bb0c-11ec-b936-005056a44da2;[{'pt_object': {'embedded_type': 'line', 'line': {'code': '8', 'name': 'Chelles - Gournay - Vaires - Torcy', 'links': [], 'color': '8C5E23', 'geojson': {'type': 'MultiLineString', 'coordinates': []}, 'text_color': 'FFFFFF', 'physical_modes': [{'id': 'physical_mode:Bus', 'name': 'Bus'}], 'codes': [{'type': 'Netex_PrivateCode', 'value': '101261028'}, {'type': 'osm_company', 'value': 'Transdev STBC'}, {'type': 'osm_line_id', 'value': 'relation:7466920'}, {'type': 'osm_network', 'value': 'Apolo 7'}, {'type': 'source', 'value': 'FR1:Line:C01717:'}], 'closing_time': '205000', 'opening_time': '060000', 'commercial_mode': {'id': 'commercial_mode:Bus', 'name': 'Bus'}, 'id': 'line:IDFM:C01717'}, 'quality': 0, 'name': 'Apolo 7 Bus 8', 'id': 'line:IDFM:C01717'}}, {'pt_object': {'embedded_type': 'line', 'line': {'code': '8s', 'name': '8s', 'links': [], 'color': '8C5E23', 'geojson': {'type': 'MultiLineString', 'coordinates': []}, 'text_color': 'FFFFFF', 'physical_modes': [{'id': 'physical_mode:Bus', 'name': 'Bus'}], 'codes': [{'type': 'Netex_PrivateCode', 'value': '101261128'}, {'type': 'osm_company', 'value': 'Transdev STBC'}, {'type': 'osm_line_id', 'value': 'relation:8287383'}, {'type': 'osm_network', 'value': 'Apolo 7'}, {'type': 'source', 'value': 'FR1:Line:C02139:'}], 'closing_time': '172700', 'opening_time': '080000', 'commercial_mode': {'id': 'commercial_mode:Bus', 'name': 'Bus'}, 'id': 'line:IDFM:C02139'}, 'quality': 0, 'name': 'Apolo 7 Bus 8s', 'id': 'line:IDFM:C02139'}}];ff11c4ec-bb0c-11ec-b936-005056a44da2;ff1146f2-bb0c-11ec-b936-005056a44da2;shortterm.tr_idfm;perturbation;ff1146f2-bb0c-11ec-b936-005056a44da2;['line', 'line'];['8', '', '8s', ''];['Chelles - Gournay - Vaires - Torcy', '', '8s', ''];[[{'id': 'physical_mode:Bus', 'name': 'Bus'}], '', [{'id': 'physical_mode:Bus', 'name': 'Bus'}], ''];['', ''];['', ''];['', ''];['', '']
active;Incidents;#EF662F;30;perturbée;SIGNIFICANT_DELAYS;;[{'begin': '20220425T050000', 'end': '20221030T233000'}];67eca5bc-c0ae-11ec-8815-005056a47b86;"['Travaux TCSP / Arrêts non desservis', '<p>Du Lundi 25 avril au dimanche 30 octobre 2022 inclus.</p><p><p></p></p><p>Nous informons notre aimable clientèle qu’en raison de travaux sur le TCSP, les arrêts «&nbsp;Corbeville&nbsp;», «&nbsp;Palaiseau Campus&nbsp;» et «&nbsp;Place Marguerite Perey&nbsp;» ne seront pas desservis dans les deux sens de circulation.</p><p><p></p></p><p>Des arrêts provisoires seront mis en place durant cette période. Nous vous invitons à consulter notre site internet et notre compte Twitter.</p><p> </p>', '<p>Du Lundi 25 avril au dimanche 30 octobre 2022 inclus.</p><p><p></p></p><p>Nous informons notre aimable clientèle qu’en raison de travaux sur le TCSP, les arrêts «&nbsp;Corbeville&nbsp;», «&nbsp;Palaiseau Campus&nbsp;» et «&nbsp;Place Marguerite Perey&nbsp;» ne seront pas desservis dans les deux sens de circulation.</p><p><p></p></p><p>Des arrêts provisoires seront mis en place durant cette période. Nous vous invitons à consulter notre site internet et notre compte Twitter.</p><p> </p>']";20220420T153304;67eca5bc-c0ae-11ec-8815-005056a47b86;[{'pt_object': {'embedded_type': 'line', 'line': {'code': '91-08', 'name': 'Centre Commercial Vélizy 2 - Mairie (Place de la Liberté)', 'links': [], 'color': '1AC7FF', 'geojson': {'type': 'MultiLineString', 'coordinates': []}, 'text_color': '000000', 'physical_modes': [{'id': 'physical_mode:Bus', 'name': 'Bus'}], 'codes': [{'type': 'Netex_PrivateCode', 'value': '291191008'}, {'type': 'osm_company', 'value': 'Albatrans'}, {'type': 'osm_line_id', 'value': 'relation:6985621'}, {'type': 'osm_network', 'value': 'Albatrans'}, {'type': 'source', 'value': 'FR1:Line:C01569:'}], 'closing_time': '205300', 'opening_time': '060000', 'commercial_mode': {'id': 'commercial_mode:Bus', 'name': 'Bus'}, 'id': 'line:IDFM:C01569'}, 'quality': 0, 'name': 'Albatrans Bus 91-08', 'id': 'line:IDFM:C01569'}}, {'pt_object': {'embedded_type': 'line', 'line': {'code': '91-06', 'name': 'Massy - Palaiseau - Le Christ de Saclay', 'links': [], 'color': '1AC7FF', 'geojson': {'type': 'MultiLineString', 'coordinates': []}, 'text_color': 'FFFFFF', 'physical_modes': [{'id': 'physical_mode:Bus', 'name': 'Bus'}], 'codes': [{'type': 'Netex_PrivateCode', 'value': '291191006'}, {'type': 'osm_company', 'value': 'Albatrans'}, {'type': 'osm_line_id', 'value': 'relation:8413209'}, {'type': 'osm_network', 'value': 'Albatrans'}, {'type': 'source', 'value': 'FR1:Line:C01567:'}], 'closing_time': '002700', 'opening_time': '052700', 'commercial_mode': {'id': 'commercial_mode:Bus', 'name': 'Bus'}, 'id': 'line:IDFM:C01567'}, 'quality': 0, 'name': 'Albatrans Bus 91-06', 'id': 'line:IDFM:C01567'}}, {'pt_object': {'embedded_type': 'line', 'line': {'code': '91-10', 'name': 'Saint-Quentin en Yvelines - Montigny-le-Bretonneux - Aéroport Orly 1-2-3 (Terminal Ouest)', 'links': [], 'color': '1AC7FF', 'geojson': {'type': 'MultiLineString', 'coordinates': []}, 'text_color': '000000', 'physical_modes': [{'id': 'physical_mode:Bus', 'name': 'Bus'}], 'codes': [{'type': 'Netex_PrivateCode', 'value': '291191010'}, {'type': 'osm_company', 'value': 'Albatrans'}, {'type': 'osm_line_id', 'value': 'relation:7105212'}, {'type': 'osm_network', 'value': 'Albatrans'}, {'type': 'source', 'value': 'FR1:Line:C01571:'}], 'closing_time': '003300', 'opening_time': '053000', 'commercial_mode': {'id': 'commercial_mode:Bus', 'name': 'Bus'}, 'id': 'line:IDFM:C01571'}, 'quality': 0, 'name': 'Albatrans Bus 91-10', 'id': 'line:IDFM:C01571'}}];67eca5bc-c0ae-11ec-8815-005056a47b86;67ec242a-c0ae-11ec-8815-005056a47b86;shortterm.tr_idfm;travaux;67ec242a-c0ae-11ec-8815-005056a47b86;['line', 'line', 'line'];['91-08', '', '91-06', '', '91-10', ''];['Centre Commercial Vélizy 2 - Mairie (Place de la Liberté)', '', 'Massy - Palaiseau - Le Christ de Saclay', '', 'Saint-Quentin en Yvelines - Montigny-le-Bretonneux - Aéroport Orly 1-2-3 (Terminal Ouest)', ''];[[{'id': 'physical_mode:Bus', 'name': 'Bus'}], '', [{'id': 'physical_mode:Bus', 'name': 'Bus'}], '', [{'id': 'physical_mode:Bus', 'name': 'Bus'}], ''];['', '', ''];['', '', ''];['', '', ''];['', '', '']
active;Incidents;#EF662F;30;perturbée;SIGNIFICANT_DELAYS;;[{'begin': '20220425T000000', 'end': '20221030T235900'}];3245b1c2-c2a4-11ec-92a1-005056a44da2;"['L9106 9110 PALAISEAU', '<p><div class=""fckcontainer""><br><p>&nbsp;En raison de travaux sur le TCSP sur la commune de Palaiseau, une d&eacute;viation est mise en palce sur les lignes express 91.06, 91.08 et 91.10.</p><br><p>&nbsp;</p><br><p>Les arr&ecirc;ts suivants sont non desservis : \'Corbeville\', \'Palaiseau Campus\' et \'Place Marguerite Perey\'.</p><br><p>Arr&ecirc;ts de report : \'Corbeville\' (provisoire) et \'Thomas Gobert\'.</p><br><p>Du lundi 25 avril au dimanche 30 avril 2022 inclus.</p><br><p>&nbsp;</p><br><p>NIV_2022_20</p><br><p>Fi_2022_049</p><br></div><a href=\'https://www.transdev-idf.com/horaire-ligne-9106-albatrans_006\'>En savoir plus sur cette information.</a></p>', 'L9106 9110 PALAISEAU', '<p><div class=""fckcontainer""><br><p>&nbsp;En raison de travaux sur le TCSP sur la commune de Palaiseau, une d&eacute;viation est mise en palce sur les lignes express 91.06, 91.08 et 91.10.</p><br><p>&nbsp;</p><br><p>Les arr&ecirc;ts suivants sont non desservis : \'Corbeville\', \'Palaiseau Campus\' et \'Place Marguerite Perey\'.</p><br><p>Arr&ecirc;ts de report : \'Corbeville\' (provisoire) et \'Thomas Gobert\'.</p><br><p>Du lundi 25 avril au dimanche 30 avril 2022 inclus.</p><br><p>&nbsp;</p><br><p>NIV_2022_20</p><br><p>Fi_2022_049</p><br></div><a href=\'https://www.transdev-idf.com/horaire-ligne-9106-albatrans_006\'>En savoir plus sur cette information.</a></p>']";20220423T032501;3245b1c2-c2a4-11ec-92a1-005056a44da2;[{'pt_object': {'embedded_type': 'line', 'line': {'code': '91-06', 'name': 'Massy - Palaiseau - Le Christ de Saclay', 'links': [], 'color': '1AC7FF', 'geojson': {'type': 'MultiLineString', 'coordinates': []}, 'text_color': 'FFFFFF', 'physical_modes': [{'id': 'physical_mode:Bus', 'name': 'Bus'}], 'codes': [{'type': 'Netex_PrivateCode', 'value': '291191006'}, {'type': 'osm_company', 'value': 'Albatrans'}, {'type': 'osm_line_id', 'value': 'relation:8413209'}, {'type': 'osm_network', 'value': 'Albatrans'}, {'type': 'source', 'value': 'FR1:Line:C01567:'}], 'closing_time': '002700', 'opening_time': '052700', 'commercial_mode': {'id': 'commercial_mode:Bus', 'name': 'Bus'}, 'id': 'line:IDFM:C01567'}, 'quality': 0, 'name': 'Albatrans Bus 91-06', 'id': 'line:IDFM:C01567'}}, {'pt_object': {'embedded_type': 'line', 'line': {'code': '91-10', 'name': 'Saint-Quentin en Yvelines - Montigny-le-Bretonneux - Aéroport Orly 1-2-3 (Terminal Ouest)', 'links': [], 'color': '1AC7FF', 'geojson': {'type': 'MultiLineString', 'coordinates': []}, 'text_color': '000000', 'physical_modes': [{'id': 'physical_mode:Bus', 'name': 'Bus'}], 'codes': [{'type': 'Netex_PrivateCode', 'value': '291191010'}, {'type': 'osm_company', 'value': 'Albatrans'}, {'type': 'osm_line_id', 'value': 'relation:7105212'}, {'type': 'osm_network', 'value': 'Albatrans'}, {'type': 'source', 'value': 'FR1:Line:C01571:'}], 'closing_time': '003300', 'opening_time': '053000', 'commercial_mode': {'id': 'commercial_mode:Bus', 'name': 'Bus'}, 'id': 'line:IDFM:C01571'}, 'quality': 0, 'name': 'Albatrans Bus 91-10', 'id': 'line:IDFM:C01571'}}];3245b1c2-c2a4-11ec-92a1-005056a44da2;3245239c-c2a4-11ec-92a1-005056a44da2;shortterm.tr_idfm;perturbation;3245239c-c2a4-11ec-92a1-005056a44da2;['line', 'line'];['91-06', '', '91-10', ''];['Massy - Palaiseau - Le Christ de Saclay', '', 'Saint-Quentin en Yvelines - Montigny-le-Bretonneux - Aéroport Orly 1-2-3 (Terminal Ouest)', ''];[[{'id': 'physical_mode:Bus', 'name': 'Bus'}], '', [{'id': 'physical_mode:Bus', 'name': 'Bus'}], ''];['', ''];['', ''];['', ''];['', '']
active;Incidents;#EF662F;30;perturbée;SIGNIFICANT_DELAYS;;[{'begin': '20220427T050000', 'end': '20260830T153000'}];aafdee10-c48c-11ec-8971-005056a47b86;"['Déplacement arrêt CEA PORTE NORD', ""<p>A compter du mercredi 27 avril 2022 au dimanche 30 août 2026, en raison de travaux, l'arrêt CEA PORTE NORD sera déplacé sur la RD36.</p><p>Nous vous invitons à consulter notre site internet et notre compte Twitter pour avoir plus d'informations.</p>"", ""<p>A compter du mercredi 27 avril 2022 au dimanche 30 août 2026, en raison de travaux, l'arrêt CEA PORTE NORD sera déplacé sur la RD36.</p><p>Nous vous invitons à consulter notre site internet et notre compte Twitter pour avoir plus d'informations.</p>""]";20220425T134138;aafdee10-c48c-11ec-8971-005056a47b86;[{'pt_object': {'embedded_type': 'line', 'line': {'code': '91-10', 'name': 'Saint-Quentin en Yvelines - Montigny-le-Bretonneux - Aéroport Orly 1-2-3 (Terminal Ouest)', 'links': [], 'color': '1AC7FF', 'geojson': {'type': 'MultiLineString', 'coordinates': []}, 'text_color': '000000', 'physical_modes': [{'id': 'physical_mode:Bus', 'name': 'Bus'}], 'codes': [{'type': 'Netex_PrivateCode', 'value': '291191010'}, {'type': 'osm_company', 'value': 'Albatrans'}, {'type': 'osm_line_id', 'value': 'relation:7105212'}, {'type': 'osm_network', 'value': 'Albatrans'}, {'type': 'source', 'value': 'FR1:Line:C01571:'}], 'closing_time': '003300', 'opening_time': '053000', 'commercial_mode': {'id': 'commercial_mode:Bus', 'name': 'Bus'}, 'id': 'line:IDFM:C01571'}, 'quality': 0, 'name': 'Albatrans Bus 91-10', 'id': 'line:IDFM:C01571'}}, {'pt_object': {'embedded_type': 'line', 'line': {'code': '91-11', 'name': 'Saint-Quentin en Yvelines - Montigny-le-Bretonneux - Massy - Palaiseau', 'links': [], 'color': '1AC7FF', 'geojson': {'type': 'MultiLineString', 'coordinates': []}, 'text_color': '000000', 'physical_modes': [{'id': 'physical_mode:Bus', 'name': 'Bus'}], 'codes': [{'type': 'Netex_PrivateCode', 'value': '291191011'}, {'type': 'osm_company', 'value': 'Albatrans'}, {'type': 'osm_line_id', 'value': 'relation:8413211'}, {'type': 'osm_network', 'value': 'Albatrans'}, {'type': 'source', 'value': 'FR1:Line:C02201:'}], 'closing_time': '224200', 'opening_time': '053000', 'commercial_mode': {'id': 'commercial_mode:Bus', 'name': 'Bus'}, 'id': 'line:IDFM:C02201'}, 'quality': 0, 'name': 'Albatrans Bus 91-11', 'id': 'line:IDFM:C02201'}}];aafdee10-c48c-11ec-8971-005056a47b86;aafd7890-c48c-11ec-8971-005056a47b86;shortterm.tr_idfm;perturbation;aafd7890-c48c-11ec-8971-005056a47b86;['line', 'line'];['91-10', '', '91-11', ''];['Saint-Quentin en Yvelines - Montigny-le-Bretonneux - Aéroport Orly 1-2-3 (Terminal Ouest)', '', 'Saint-Quentin en Yvelines - Montigny-le-Bretonneux - Massy - Palaiseau', ''];[[{'id': 'physical_mode:Bus', 'name': 'Bus'}], '', [{'id': 'physical_mode:Bus', 'name': 'Bus'}], ''];['', ''];['', ''];['', ''];['', '']
active;Incidents;#EF662F;30;perturbée;SIGNIFICANT_DELAYS;;[{'begin': '20220427T000000', 'end': '20260830T235900'}];ce366250-c585-11ec-99ef-005056a44da2;"['L9110 L9111 CEA PORTE NORD', '<p><div class=""fckcontainer""><p>&nbsp;</p><br><p style=""font-family: Calibri, Arial, Helvetica, sans-serif; font-size: 16px;"">&nbsp;En raison de travaux concernant la gare CEA &agrave; l\'arr&ecirc;t \'Christ de Saclay\',</p><br><p style=""font-family: Calibri, Arial, Helvetica, sans-serif; font-size: 16px;""><span style=""margin: 0px; padding: 0px; border: 0px; font-style: inherit; font-variant: inherit; font-weight: inherit; font-stretch: inherit; font-size: 18pt; line-height: inherit; font-family: inherit; vertical-align: baseline; color: rgb(245, 212, 39);""><b><i>l\'arr&ecirc;t &quot;CEA PORTE NORD&quot; est d&eacute;plac&eacute;.=</i></b></span></p><br><p><u style=""font-family: Calibri, Arial, Helvetica, sans-serif; font-size: 16px;"">Du mercredi 27 avril 2022 au dimanche 30 ao&ucirc;t 2026.</u></p><br><p>&nbsp;</p><br><p>NIV_2022_22</p><br><p>FI_2022_052</p></div><a href=\'https://www.transdev-idf.com/horaire-ligne-9110-albatrans_006\'>En savoir plus sur cette information.</a></p>', 'L9110 L9111 CEA PORTE NORD', '<p><div class=""fckcontainer""><p>&nbsp;</p><br><p style=""font-family: Calibri, Arial, Helvetica, sans-serif; font-size: 16px;"">&nbsp;En raison de travaux concernant la gare CEA &agrave; l\'arr&ecirc;t \'Christ de Saclay\',</p><br><p style=""font-family: Calibri, Arial, Helvetica, sans-serif; font-size: 16px;""><span style=""margin: 0px; padding: 0px; border: 0px; font-style: inherit; font-variant: inherit; font-weight: inherit; font-stretch: inherit; font-size: 18pt; line-height: inherit; font-family: inherit; vertical-align: baseline; color: rgb(245, 212, 39);""><b><i>l\'arr&ecirc;t &quot;CEA PORTE NORD&quot; est d&eacute;plac&eacute;.=</i></b></span></p><br><p><u style=""font-family: Calibri, Arial, Helvetica, sans-serif; font-size: 16px;"">Du mercredi 27 avril 2022 au dimanche 30 ao&ucirc;t 2026.</u></p><br><p>&nbsp;</p><br><p>NIV_2022_22</p><br><p>FI_2022_052</p></div><a href=\'https://www.transdev-idf.com/horaire-ligne-9110-albatrans_006\'>En savoir plus sur cette information.</a></p>']";20220426T192502;ce366250-c585-11ec-99ef-005056a44da2;[{'pt_object': {'embedded_type': 'line', 'line': {'code': '91-10', 'name': 'Saint-Quentin en Yvelines - Montigny-le-Bretonneux - Aéroport Orly 1-2-3 (Terminal Ouest)', 'links': [], 'color': '1AC7FF', 'geojson': {'type': 'MultiLineString', 'coordinates': []}, 'text_color': '000000', 'physical_modes': [{'id': 'physical_mode:Bus', 'name': 'Bus'}], 'codes': [{'type': 'Netex_PrivateCode', 'value': '291191010'}, {'type': 'osm_company', 'value': 'Albatrans'}, {'type': 'osm_line_id', 'value': 'relation:7105212'}, {'type': 'osm_network', 'value': 'Albatrans'}, {'type': 'source', 'value': 'FR1:Line:C01571:'}], 'closing_time': '003300', 'opening_time': '053000', 'commercial_mode': {'id': 'commercial_mode:Bus', 'name': 'Bus'}, 'id': 'line:IDFM:C01571'}, 'quality': 0, 'name': 'Albatrans Bus 91-10', 'id': 'line:IDFM:C01571'}}];ce366250-c585-11ec-99ef-005056a44da2;ce35fa90-c585-11ec-99ef-005056a44da2;shortterm.tr_idfm;perturbation;ce35fa90-c585-11ec-99ef-005056a44da2;['line'];['91-10', ''];['Saint-Quentin en Yvelines - Montigny-le-Bretonneux - Aéroport Orly 1-2-3 (Terminal Ouest)', ''];[[{'id': 'physical_mode:Bus', 'name': 'Bus'}], ''];[''];[''];[''];['']
active;Incidents;#EF662F;30;perturbée;SIGNIFICANT_DELAYS;;[{'begin': '20220509T000000', 'end': '20220815T235900'}];6f70be48-ceb1-11ec-8aab-005056a44da2;"['Transdev STBC - Lignes 1,5, 7s et 9s', '<p><div class=""fckcontainer""><br><p>En raison de travaux Avenue des Sciences, les arr&ecirc;ts suivants ne seront pas desservis:</p><br><div>Claude Bernard et Cassini : sur les lignes 1 (direction Gare de Chelles), 5 (direction Gare de Lagny-Thorigny), 7s (direction Cit&eacute; Scolaire) et 9s (direction Debussy).</div><br><div>Coll&egrave;ge Corot (Rue Claude Bernard): Ligne 7s dans les deux sens de circulation,</div><br><div>&nbsp;</div><br><div>Du 9 mai 2022 au 15 ao&ucirc;t 2022 de d&eacute;but &agrave; fin de service.</div><br><div>&nbsp;</div><br><div><br><div>Merci de vous reporter &agrave; l&rsquo;arr&ecirc;t Coll&egrave;ge Corot de la ligne 7 pour les lignes 1, 5 et 9s et &agrave; l&rsquo;arr&ecirc;t Pasteur pour la ligne 7s.</div><br><div>Nous vous prions de bien vouloir nous excuser pour la g&ecirc;ne occasionn&eacute;e.&nbsp;</div><br><div>&nbsp;</div><br></div><br></div><a href=\'https://www.transdev-idf.com/horaire-ligne-1-apolo_7_101\'>En savoir plus sur cette information.</a></p>', 'Transdev STBC - Lignes 1,5, 7s et 9s', '<p><div class=""fckcontainer""><br><p>En raison de travaux Avenue des Sciences, les arr&ecirc;ts suivants ne seront pas desservis:</p><br><div>Claude Bernard et Cassini : sur les lignes 1 (direction Gare de Chelles), 5 (direction Gare de Lagny-Thorigny), 7s (direction Cit&eacute; Scolaire) et 9s (direction Debussy).</div><br><div>Coll&egrave;ge Corot (Rue Claude Bernard): Ligne 7s dans les deux sens de circulation,</div><br><div>&nbsp;</div><br><div>Du 9 mai 2022 au 15 ao&ucirc;t 2022 de d&eacute;but &agrave; fin de service.</div><br><div>&nbsp;</div><br><div><br><div>Merci de vous reporter &agrave; l&rsquo;arr&ecirc;t Coll&egrave;ge Corot de la ligne 7 pour les lignes 1, 5 et 9s et &agrave; l&rsquo;arr&ecirc;t Pasteur pour la ligne 7s.</div><br><div>Nous vous prions de bien vouloir nous excuser pour la g&ecirc;ne occasionn&eacute;e.&nbsp;</div><br><div>&nbsp;</div><br></div><br></div><a href=\'https://www.transdev-idf.com/horaire-ligne-1-apolo_7_101\'>En savoir plus sur cette information.</a></p>']";20220508T113001;6f70be48-ceb1-11ec-8aab-005056a44da2;[{'pt_object': {'embedded_type': 'line', 'line': {'code': '1', 'name': 'Chelles - Gournay - Hôpital de Montfermeil', 'links': [], 'color': 'F9DC00', 'geojson': {'type': 'MultiLineString', 'coordinates': []}, 'text_color': '000000', 'physical_modes': [{'id': 'physical_mode:Bus', 'name': 'Bus'}], 'codes': [{'type': 'Netex_PrivateCode', 'value': '101261020'}, {'type': 'osm_company', 'value': 'Transdev STBC'}, {'type': 'osm_line_id', 'value': 'relation:7142158'}, {'type': 'osm_network', 'value': 'Apolo 7'}, {'type': 'source', 'value': 'FR1:Line:C01423:'}], 'closing_time': '231800', 'opening_time': '050000', 'commercial_mode': {'id': 'commercial_mode:Bus', 'name': 'Bus'}, 'id': 'line:IDFM:C01423'}, 'quality': 0, 'name': 'Apolo 7 Bus 1', 'id': 'line:IDFM:C01423'}}];6f70be48-ceb1-11ec-8aab-005056a44da2;6f703a4a-ceb1-11ec-8aab-005056a44da2;shortterm.tr_idfm;perturbation;6f703a4a-ceb1-11ec-8aab-005056a44da2;['line'];['1', ''];['Chelles - Gournay - Hôpital de Montfermeil', ''];[[{'id': 'physical_mode:Bus', 'name': 'Bus'}], ''];[''];[''];[''];['']
active;Incidents;#EF662F;30;perturbée;SIGNIFICANT_DELAYS;;[{'begin': '20220509T000000', 'end': '20220815T235900'}];6f828722-ceb1-11ec-8456-005056a47b86;"['Transdev STBC - Lignes 1,5, 7s et 9s - Sciences', '<p><div class=""fckcontainer""><br><div>En raison de travaux Avenue des Sciences, les arr&ecirc;ts suivants ne seront pas desservis:</div><br><div>&nbsp;</div><br><div>Claude Bernard et Cassini : sur les lignes 1 (direction Gare de Chelles), 5 (direction Gare de Lagny-Thorigny), 7s (direction Cit&eacute; Scolaire) et 9s (direction Debussy).</div><br><div>Coll&egrave;ge Corot (Rue Claude Bernard): Ligne 7s dans les deux sens de circulation,</div><br><div>&nbsp;</div><br><div>Du 9 mai 2022 au 15 ao&ucirc;t 2022 de d&eacute;but &agrave; fin de service.</div><br><div>&nbsp;</div><br><div>Merci de vous reporter &agrave; l&rsquo;arr&ecirc;t Coll&egrave;ge Corot de la ligne 7 pour les lignes 1, 5 et 9s et &agrave; l&rsquo;arr&ecirc;t Pasteur pour la ligne 7s.</div><br><div>Nous vous prions de bien vouloir nous excuser pour la g&ecirc;ne occasionn&eacute;e.&nbsp;</div><br></div><a href=\'https://www.transdev-idf.com/horaire-ligne-1-apolo_7_101\'>En savoir plus sur cette information.</a></p>', 'Transdev STBC - Lignes 1,5, 7s et 9s - Sciences', '<p><div class=""fckcontainer""><br><div>En raison de travaux Avenue des Sciences, les arr&ecirc;ts suivants ne seront pas desservis:</div><br><div>&nbsp;</div><br><div>Claude Bernard et Cassini : sur les lignes 1 (direction Gare de Chelles), 5 (direction Gare de Lagny-Thorigny), 7s (direction Cit&eacute; Scolaire) et 9s (direction Debussy).</div><br><div>Coll&egrave;ge Corot (Rue Claude Bernard): Ligne 7s dans les deux sens de circulation,</div><br><div>&nbsp;</div><br><div>Du 9 mai 2022 au 15 ao&ucirc;t 2022 de d&eacute;but &agrave; fin de service.</div><br><div>&nbsp;</div><br><div>Merci de vous reporter &agrave; l&rsquo;arr&ecirc;t Coll&egrave;ge Corot de la ligne 7 pour les lignes 1, 5 et 9s et &agrave; l&rsquo;arr&ecirc;t Pasteur pour la ligne 7s.</div><br><div>Nous vous prions de bien vouloir nous excuser pour la g&ecirc;ne occasionn&eacute;e.&nbsp;</div><br></div><a href=\'https://www.transdev-idf.com/horaire-ligne-1-apolo_7_101\'>En savoir plus sur cette information.</a></p>']";20220508T113001;6f828722-ceb1-11ec-8456-005056a47b86;[{'pt_object': {'embedded_type': 'line', 'line': {'code': '1', 'name': 'Chelles - Gournay - Hôpital de Montfermeil', 'links': [], 'color': 'F9DC00', 'geojson': {'type': 'MultiLineString', 'coordinates': []}, 'text_color': '000000', 'physical_modes': [{'id': 'physical_mode:Bus', 'name': 'Bus'}], 'codes': [{'type': 'Netex_PrivateCode', 'value': '101261020'}, {'type': 'osm_company', 'value': 'Transdev STBC'}, {'type': 'osm_line_id', 'value': 'relation:7142158'}, {'type': 'osm_network', 'value': 'Apolo 7'}, {'type': 'source', 'value': 'FR1:Line:C01423:'}], 'closing_time': '231800', 'opening_time': '050000', 'commercial_mode': {'id': 'commercial_mode:Bus', 'name': 'Bus'}, 'id': 'line:IDFM:C01423'}, 'quality': 0, 'name': 'Apolo 7 Bus 1', 'id': 'line:IDFM:C01423'}}];6f828722-ceb1-11ec-8456-005056a47b86;6f820054-ceb1-11ec-8456-005056a47b86;shortterm.tr_idfm;perturbation;6f820054-ceb1-11ec-8456-005056a47b86;['line'];['1', ''];['Chelles - Gournay - Hôpital de Montfermeil', ''];[[{'id': 'physical_mode:Bus', 'name': 'Bus'}], ''];[''];[''];[''];['']
active;Incidents;#EF662F;30;perturbée;SIGNIFICANT_DELAYS;;[{'begin': '20220524T050000', 'end': '20220527T230000'}];745665c0-da91-11ec-a3a5-005056a44da2;"['Arrêt non desservi / Affaissement de terrain', ""<p>A compter du lundi 23 mai 2022 et ce jusqu'à nouvel ordre, en raison d'un affaissement l'arrêt SALVADOR ALLENDE ne sera pas desservi en direction d'Arpajon / Briis sous Forges. L'arrêt de report sera l'arrêt LE PARC de la ligne DM19 qui se situe au 15 Route de Corbeil (D152).</p>"", ""<p>A compter du lundi 23 mai 2022 et ce jusqu'à nouvel ordre, en raison d'un affaissement l'arrêt SALVADOR ALLENDE ne sera pas desservi en direction d'Arpajon / Briis sous Forges. L'arrêt de report sera l'arrêt LE PARC de la ligne DM19 qui se situe au 15 Route de Corbeil (D152).</p>""]";20220523T141120;745665c0-da91-11ec-a3a5-005056a44da2;[{'pt_object': {'embedded_type': 'line', 'line': {'code': '91-04', 'name': 'Arpajon - Évry - Courcouronnes', 'links': [], 'color': '1AC7FF', 'geojson': {'type': 'MultiLineString', 'coordinates': []}, 'text_color': '000000', 'physical_modes': [{'id': 'physical_mode:Bus', 'name': 'Bus'}], 'codes': [{'type': 'Netex_PrivateCode', 'value': '291191004'}, {'type': 'osm_company', 'value': 'Albatrans'}, {'type': 'osm_line_id', 'value': 'relation:6940422'}, {'type': 'osm_network', 'value': 'Albatrans'}, {'type': 'source', 'value': 'FR1:Line:C01565:'}], 'closing_time': '224800', 'opening_time': '050000', 'commercial_mode': {'id': 'commercial_mode:Bus', 'name': 'Bus'}, 'id': 'line:IDFM:C01565'}, 'quality': 0, 'name': 'Albatrans Bus 91-04', 'id': 'line:IDFM:C01565'}}];745665c0-da91-11ec-a3a5-005056a44da2;7455f086-da91-11ec-a3a5-005056a44da2;shortterm.tr_idfm;perturbation;7455f086-da91-11ec-a3a5-005056a44da2;['line'];['91-04', ''];['Arpajon - Évry - Courcouronnes', ''];[[{'id': 'physical_mode:Bus', 'name': 'Bus'}], ''];[''];[''];[''];['']
future;Incidents;#EF662F;30;perturbée;SIGNIFICANT_DELAYS;;[{'begin': '20220526T050000', 'end': '20220529T230000'}];b11b843e-db60-11ec-8444-005056a47b86;"['Déplacement arrêt Brétigny Gare', ""<p>Du jeudi 26 mai au dimanche 29 mai 2022, en raison de la mise en place de bus de substitution au RER en gare de Brétigny sur Orge, l'arrêt Brétigny Gare en direction d'Evry de la ligne 91.04 est déplacé en face du 34 Rue Pierre Brossolette. Cet arrêt sera le même pour la montée et la dépose des usagers en direction d'Evry.</p>"", ""<p>Du jeudi 26 mai au dimanche 29 mai 2022, en raison de la mise en place de bus de substitution au RER en gare de Brétigny sur Orge, l'arrêt Brétigny Gare en direction d'Evry de la ligne 91.04 est déplacé en face du 34 Rue Pierre Brossolette. Cet arrêt sera le même pour la montée et la dépose des usagers en direction d'Evry.</p>""]";20220524T145447;b11b843e-db60-11ec-8444-005056a47b86;[{'pt_object': {'embedded_type': 'line', 'line': {'code': '91-04', 'name': 'Arpajon - Évry - Courcouronnes', 'links': [], 'color': '1AC7FF', 'geojson': {'type': 'MultiLineString', 'coordinates': []}, 'text_color': '000000', 'physical_modes': [{'id': 'physical_mode:Bus', 'name': 'Bus'}], 'codes': [{'type': 'Netex_PrivateCode', 'value': '291191004'}, {'type': 'osm_company', 'value': 'Albatrans'}, {'type': 'osm_line_id', 'value': 'relation:6940422'}, {'type': 'osm_network', 'value': 'Albatrans'}, {'type': 'source', 'value': 'FR1:Line:C01565:'}], 'closing_time': '224800', 'opening_time': '050000', 'commercial_mode': {'id': 'commercial_mode:Bus', 'name': 'Bus'}, 'id': 'line:IDFM:C01565'}, 'quality': 0, 'name': 'Albatrans Bus 91-04', 'id': 'line:IDFM:C01565'}}];b11b843e-db60-11ec-8444-005056a47b86;b11a8322-db60-11ec-8444-005056a47b86;shortterm.tr_idfm;perturbation;b11a8322-db60-11ec-8444-005056a47b86;['line'];['91-04', ''];['Arpajon - Évry - Courcouronnes', ''];[[{'id': 'physical_mode:Bus', 'name': 'Bus'}], ''];[''];[''];[''];['']
future;Incidents;#EF662F;30;perturbée;SIGNIFICANT_DELAYS;;[{'begin': '20220530T000000', 'end': '20220703T235900'}];d93628dc-dc3e-11ec-9c51-005056a44da2;"['<p><div class=""fckcontainer""><br><p>&nbsp;En raison de Avenue de Chantereine (Courtry), les arr&ecirc;ts Le Chat Z.I. et Onze Arpents (direction H&ocirc;pital de Montfermeil et Gare de Chelles) ne seront pas desservis :</p><br><div>Du 30 mai au 3 juillet 2022, sur toute la dur&eacute;e du service.</div><br><div>&nbsp;</div><br><div><br><div>Veuillez-vous reporter aux poteaux provisoires comme sur le plan ci-contre.</div><br><div>Nous vous prions de bien vouloir nous excuser pour la g&ecirc;ne occasionn&eacute;e.&nbsp;</div><br></div><br></div><a href=\'https://www.transdev-idf.com/horaire-ligne-5-apolo_7_101\'>En savoir plus sur cette information.</a></p>', '<p><div class=""fckcontainer""><br><p>&nbsp;En raison de Avenue de Chantereine (Courtry), les arr&ecirc;ts Le Chat Z.I. et Onze Arpents (direction H&ocirc;pital de Montfermeil et Gare de Chelles) ne seront pas desservis :</p><br><div>Du 30 mai au 3 juillet 2022, sur toute la dur&eacute;e du service.</div><br><div>&nbsp;</div><br><div><br><div>Veuillez-vous reporter aux poteaux provisoires comme sur le plan ci-contre.</div><br><div>Nous vous prions de bien vouloir nous excuser pour la g&ecirc;ne occasionn&eacute;e.&nbsp;</div><br></div><br></div><a href=\'https://www.transdev-idf.com/horaire-ligne-5-apolo_7_101\'>En savoir plus sur cette information.</a></p>', 'Transdev STBC - Lignes 3 et 5', 'Transdev STBC - Lignes 3 et 5']";20220525T172503;d93628dc-dc3e-11ec-9c51-005056a44da2;[{'pt_object': {'embedded_type': 'line', 'line': {'code': '5', 'name': 'Rue de la Gare / Chabanneau - Hôpital de Montfermeil', 'links': [], 'color': '00B8E0', 'geojson': {'type': 'MultiLineString', 'coordinates': []}, 'text_color': '000000', 'physical_modes': [{'id': 'physical_mode:Bus', 'name': 'Bus'}], 'codes': [{'type': 'Netex_PrivateCode', 'value': '101261027'}, {'type': 'osm_company', 'value': 'Transdev STBC'}, {'type': 'osm_line_id', 'value': 'relation:7331862'}, {'type': 'osm_network', 'value': 'Apolo 7'}, {'type': 'source', 'value': 'FR1:Line:C01427:'}], 'closing_time': '210900', 'opening_time': '061500', 'commercial_mode': {'id': 'commercial_mode:Bus', 'name': 'Bus'}, 'id': 'line:IDFM:C01427'}, 'quality': 0, 'name': 'Apolo 7 Bus 5', 'id': 'line:IDFM:C01427'}}, {'pt_object': {'embedded_type': 'line', 'line': {'code': '3', 'name': 'Villeparisis - Mitry-le-Neuf - Chelles - Gournay', 'links': [], 'color': 'B44A9C', 'geojson': {'type': 'MultiLineString', 'coordinates': []}, 'text_color': 'FFFFFF', 'physical_modes': [{'id': 'physical_mode:Bus', 'name': 'Bus'}], 'codes': [{'type': 'Netex_PrivateCode', 'value': '101361013'}, {'type': 'osm_company', 'value': 'Transdev STBC'}, {'type': 'osm_line_id', 'value': 'relation:3081886'}, {'type': 'osm_network', 'value': 'Apolo 7'}, {'type': 'source', 'value': 'FR1:Line:C02129:'}], 'closing_time': '220800', 'opening_time': '052000', 'commercial_mode': {'id': 'commercial_mode:Bus', 'name': 'Bus'}, 'id': 'line:IDFM:C02129'}, 'quality': 0, 'name': 'Apolo 7 Bus 3', 'id': 'line:IDFM:C02129'}}];d93628dc-dc3e-11ec-9c51-005056a44da2;d935ac36-dc3e-11ec-9c51-005056a44da2;shortterm.tr_idfm;perturbation;d935ac36-dc3e-11ec-9c51-005056a44da2;['line', 'line'];['5', '', '3', ''];['Rue de la Gare / Chabanneau - Hôpital de Montfermeil', '', 'Villeparisis - Mitry-le-Neuf - Chelles - Gournay', ''];[[{'id': 'physical_mode:Bus', 'name': 'Bus'}], '', [{'id': 'physical_mode:Bus', 'name': 'Bus'}], ''];['', ''];['', ''];['', ''];['', '']
past;Incidents;#EF662F;30;perturbée;SIGNIFICANT_DELAYS;;[{'begin': '20220525T190000', 'end': '20220525T200000'}];9d8821ee-dc4f-11ec-a3a5-005056a44da2;"['<p><div class=""fckcontainer""><br><div><br><div>⚠️ #infotrafic #Ligne1</div><br><div>🔧 Panne v&eacute;hicule&nbsp;</div><br><div>❌ Course de 19:10 au d&eacute;part de l\'H&ocirc;pital de Montfermeil non assur&eacute;e&nbsp;&nbsp;</div><br></div><br></div><a href=\'https://www.transdev-idf.com/horaire-ligne-1-apolo_7_101\'>En savoir plus sur cette information.</a></p>', 'Transdev STBC - Ligne 1', 'Transdev STBC - Ligne 1', '<p><div class=""fckcontainer""><br><div><br><div>⚠️ #infotrafic #Ligne1</div><br><div>🔧 Panne v&eacute;hicule&nbsp;</div><br><div>❌ Course de 19:10 au d&eacute;part de l\'H&ocirc;pital de Montfermeil non assur&eacute;e&nbsp;&nbsp;</div><br></div><br></div><a href=\'https://www.transdev-idf.com/horaire-ligne-1-apolo_7_101\'>En savoir plus sur cette information.</a></p>']";20220525T192504;9d8821ee-dc4f-11ec-a3a5-005056a44da2;[{'pt_object': {'embedded_type': 'line', 'line': {'code': '1', 'name': 'Chelles - Gournay - Hôpital de Montfermeil', 'links': [], 'color': 'F9DC00', 'geojson': {'type': 'MultiLineString', 'coordinates': []}, 'text_color': '000000', 'physical_modes': [{'id': 'physical_mode:Bus', 'name': 'Bus'}], 'codes': [{'type': 'Netex_PrivateCode', 'value': '101261020'}, {'type': 'osm_company', 'value': 'Transdev STBC'}, {'type': 'osm_line_id', 'value': 'relation:7142158'}, {'type': 'osm_network', 'value': 'Apolo 7'}, {'type': 'source', 'value': 'FR1:Line:C01423:'}], 'closing_time': '231800', 'opening_time': '050000', 'commercial_mode': {'id': 'commercial_mode:Bus', 'name': 'Bus'}, 'id': 'line:IDFM:C01423'}, 'quality': 0, 'name': 'Apolo 7 Bus 1', 'id': 'line:IDFM:C01423'}}];9d8821ee-dc4f-11ec-a3a5-005056a44da2;9d87ae12-dc4f-11ec-a3a5-005056a44da2;shortterm.tr_idfm;perturbation;9d87ae12-dc4f-11ec-a3a5-005056a44da2;['line'];['1', ''];['Chelles - Gournay - Hôpital de Montfermeil', ''];[[{'id': 'physical_mode:Bus', 'name': 'Bus'}], ''];[''];[''];[''];['']
active;Incidents;#43B77A;60;information;OTHER_EFFECT;;[{'begin': '20220314T220000', 'end': '20221021T050000'}];30883d5a-94af-11ec-a38c-005056a47b86;"['Travaux Fermeture bretelle accès A10 / Retards à prévoir', ""<p>Du lundi 14 mars au vendredi 21 octobre 2022, suite à des travaux d'aménagement concernant une bretelle d'accès sur l'A10, le trajet de la ligne 91.05 en direction de Massy-Palaiseau Gare est modifié. Cette modification pourra entrainer des retards.</p>"", ""<p>Du lundi 14 mars au vendredi 21 octobre 2022, suite à des travaux d'aménagement concernant une bretelle d'accès sur l'A10, le trajet de la ligne 91.05 en direction de Massy-Palaiseau Gare est modifié. Cette modification pourra entrainer des retards.</p>""]";20220223T144749;30883d5a-94af-11ec-a38c-005056a47b86;[{'pt_object': {'embedded_type': 'line', 'line': {'code': '91-05', 'name': 'Massy - Palaiseau - Évry - Courcouronnes', 'links': [], 'color': '1AC7FF', 'geojson': {'type': 'MultiLineString', 'coordinates': []}, 'text_color': '000000', 'physical_modes': [{'id': 'physical_mode:Bus', 'name': 'Bus'}], 'codes': [{'type': 'Netex_PrivateCode', 'value': '291191005'}, {'type': 'osm_company', 'value': 'Albatrans'}, {'type': 'osm_line_id', 'value': 'relation:6940421'}, {'type': 'osm_network', 'value': 'Albatrans'}, {'type': 'source', 'value': 'FR1:Line:C01566:'}], 'closing_time': '215400', 'opening_time': '053000', 'commercial_mode': {'id': 'commercial_mode:Bus', 'name': 'Bus'}, 'id': 'line:IDFM:C01566'}, 'quality': 0, 'name': 'Albatrans Bus 91-05', 'id': 'line:IDFM:C01566'}}];30883d5a-94af-11ec-a38c-005056a47b86;3087bc0e-94af-11ec-a38c-005056a47b86;shortterm.tr_idfm;travaux;3087bc0e-94af-11ec-a38c-005056a47b86;['line'];['91-05', ''];['Massy - Palaiseau - Évry - Courcouronnes', ''];[[{'id': 'physical_mode:Bus', 'name': 'Bus'}], ''];[''];[''];[''];['']
